review_id,date,rating,title,text,platform,user_name
0913bb03-8919-4228-89d6-daac98d25bb1,2026-05-08,2,,i applied a SIP through UPI but it never gets debited automatically. Every month i have to manually pay it.,android,[REDACTED]
21f44370-82ce-419f-bff3-fa0a445a1fe1,2026-05-08,4,,app is good overall experience is top-notch. but please release the updated app for ipad. please,android,[REDACTED]
818067cf-3a6c-4984-b7f0-f21bb393e277,2026-05-08,5,,nice app for investment,android,[REDACTED]
84b4ff85-ec23-48f4-935f-d460a256b039,2026-05-08,1,,"This has been the worst experience — I strongly advise against installing this app. Choose another broker instead, because the support is inadequate and stop-loss orders get executed arbitrarily, even when the price action hasn’t reached the set level. I’ve already moved to another broker.",android,[REDACTED]
0c4c1028-7bd4-48af-a6fb-19b8a7eeffe4,2026-05-07,2,,Good but heavy charges and brokerage,android,[REDACTED]
16a83c53-3fff-48f1-8f2a-6f0a101f7ede,2026-05-07,5,,Best Application for me,android,[REDACTED]
1bffda66-d2f8-44f1-b250-d23e1d09b195,2026-05-07,1,,one hour to not responding people,android,[REDACTED]
1ccbda0b-fc6a-4461-9643-778dcf57090e,2026-05-07,1,,Customer help line is very poor. When you are dealing with direct money your customer help line should be fast and accurate. Be a more than one lakh crore company be more responsible. 👎,android,[REDACTED]
1fb9e949-9398-43c8-957b-7b49cd044623,2026-05-07,5,,experience is only talent 👌👌👌,android,[REDACTED]
208e5740-629e-49ab-aaf0-3e6ddd2f7cc3,2026-05-07,5,,Best app for investment in India,android,[REDACTED]
24eb6de6-2d7b-4728-a3c1-4c655ed71ee6,2026-05-07,1,,"keeps increasing sell depository charges, currently 16.5rs + gst zerodha and dhan have lower rates 12.5rs + gst",android,[REDACTED]
280cbb89-0eb9-47fb-8998-80442163c309,2026-05-07,4,,groww app is excellent app I learn more actually I started learn etf stock buying saling after I buying ipo stock I earn money l learn it's excellent know I trade call & put I get profit &loss also wonderful app one of the problem taxes,android,[REDACTED]
292d6abb-9ba0-4a71-bf22-5ffb28cbd52d,2026-05-07,1,,"brokerage charge too high, need to switch the app, any recommendations?",android,[REDACTED]
2bb35072-81be-44d1-8ae9-715579e5a0f9,2026-05-07,1,,"Very disappointing experience with Groww. My commodity order was not executed properly, due to which I suffered a financial loss, and Groww is responsible for this issue. I immediately tried contacting customer care through calls and chat support, but there was no response from either side. This kind of negligence during live trading is unacceptable. Poor system support, irresponsible customer service, and no timely assistance when customers actually need help. Completely dissatisfied.",android,[REDACTED]
310fd8d8-6ecf-4e19-9e07-00798b7405e8,2026-05-07,2,,"previously it was good, Nowadays, while we are adding money, it's not showing in groww balance. but in the groww transaction it was showing. money also debited by my bank account. but In the coustomer support, it's replying money was credited to your groww account. it's a very very serious concern!!!",android,[REDACTED]
35fc197c-f0c5-4388-837e-c5efb6fcf943,2026-05-07,1,,worst app as unable to execute all orders profit turned into loss very bad they will not provide any support only they will charge,android,[REDACTED]
362f64e9-8f1c-43e2-aeae-b429d978eb1e,2026-05-07,5,,App provide a excellent and fast service.,android,[REDACTED]
373fc2bd-ca09-4487-b63b-85b1a678955d,2026-05-07,2,,Price not Update Real Time Somewhere Stuck.. Especially in MCX Trading...it's all about money not about points..and that look like developers are not serious about customers money...,android,[REDACTED]
40658c71-721f-45a4-8852-cd8075208525,2026-05-07,1,,vry vry bad experience.All stocks watching u in Groww app n withdrawal times he not get up. After withdrawal he is sudden up what is this.I watching this many times. do plz do not cheat the people.what is this?????,android,[REDACTED]
45018f65-c74f-4739-b3a4-6991b03a2377,2026-05-07,3,,UNABLE TO TRADE BECAUSE THE STOCKS SCREENER IS NOT UP TO MKT STANDARDS TO SELECT & TRADE INSTANTLY,android,[REDACTED]
4f557438-497b-4cb8-8b91-c34fc2182541,2026-05-07,1,,"public be aware before investing through this broker,this is the most fraud,manipulated broker comparing to other brokers,101% is sure that your money will be wipe out by them,this is the main bastrd broker,let whole country know about it & report this broker else you will be begging on road soon if used this broker!!It's a true statement from grow user from last 5 yrs.They have loot almost 100 million lives financially, psychologically!!",android,[REDACTED]
5052717b-e704-47c9-80b2-78aad97cede3,2026-05-07,5,,User friendly other apps.... Thanks for it,android,[REDACTED]
541bbf12-508c-4943-b209-5a648fe76c45,2026-05-07,3,,grow is good but no the best because when you add the wallet money hidden charges is a bad facility. for the time being is good. l am invested on grow,android,[REDACTED]
595a6778-af3a-4bd3-8f70-b317c4a5355f,2026-05-07,1,,you fund's are not be able to used by after u sales u product scammer are operating this be safe for this app or fake broker uninstall this app or be safe your mobile or bank account,android,[REDACTED]
71dc3206-2bd5-48c4-9114-1fde0dbf494c,2026-05-07,3,,Requesting customer support to please reach out to change my number. Thanks in advance.,android,[REDACTED]
73bf82fb-9109-4104-a489-f7ce625be2a9,2026-05-07,4,,Please implement an alert system for Mutual funds also like share.,android,[REDACTED]
769ac3fb-3d10-4f83-b477-28f0d396adbc,2026-05-07,5,,"Ekdum smooth experience hai! App ka interface bahut clean aur simple hai, jiski wajah se mutual funds aur SIP mein invest karna bahut easy ho gaya hai. Beginners ke liye ye best app hai. 5 stars!",android,[REDACTED]
7719dd32-78e9-4bc1-8426-45bb7c12594b,2026-05-07,4,,"I like the app, only 1 thing is missing chart screen turns off Without movement, please add always screen on mode in groww app, for better CHART viewing 👍🏻",android,[REDACTED]
81303572-6ff2-4e5a-9a0e-8a5db77bcb4a,2026-05-07,1,,"In this mutual fund, the expense ratio is higher than other exchange apps (angel one)or the expense ratio keeps changing daily.",android,[REDACTED]
865338ac-c489-4434-8ea7-fed0385c8db3,2026-05-07,5,,i love This Groww platform ❤️,android,[REDACTED]
8a667c7a-d191-4d52-b827-165dad6f40b2,2026-05-07,5,,very helpful application for those who wants to invest in share market and other commodity thank groww,android,[REDACTED]
8e251746-a68f-4a6c-87b3-d6fe03455587,2026-05-07,5,,Very easy to use for investment in individual stocks and Mutual funds. But you will not get detailed information for any stock for analysis purpose like we get in a screener like app. Mutual fund details are there with their rankings. Their short term and long term performance can be tracked also. Another issue is Customer service number ( always busy) . And if I text my issue only to get a child like feedback from a person who does not clearly understand my main issue.,android,[REDACTED]
8e73ccbc-2870-4067-8113-9bccc0596790,2026-05-07,4,,gud . but not very good....,android,[REDACTED]
9427d53b-baa4-4d17-aa13-fdcf22d18e78,2026-05-07,5,,super app for beginners who want to invest,android,[REDACTED]
9cd1df5f-4438-4ec1-b8d2-74d4cc7f8986,2026-05-07,1,,"this is one of the worst.. high and hidden charges, worst customer support. don't use grow to grow. if u use the group will not allow you to grow.. mark my words..",android,[REDACTED]
a6f50d60-ef9e-492d-952f-3d09d81aada6,2026-05-07,1,,maximum technical glitch. unable to connect with customer care.,android,[REDACTED]
a95adcd7-c91a-4a8f-9bb3-3dc065a1d637,2026-05-07,4,,"Kindly show the sector in which the stock falls into when we open the stock name profile.. earlier it used to be a small label at the upper right corner. Please add that detail back.. or better still, Please provide a small Tab or button which gives Some information about the sector in which it falls into, what the company does, what's their moat, their compitition etc.. it would be very helpful if we have such information available at just a click..The app is doing Great work! keep it up !",android,[REDACTED]
b58e5311-13a9-4256-98ae-e9b9d5ac1fc9,2026-05-07,5,,good for beginners easy to learn easy to invest,android,[REDACTED]
b9550e4f-0575-44da-85e3-c57e3c797fcc,2026-05-07,1,,Does not provide corrects charts according price too much taxes,android,[REDACTED]
ba802dac-d927-4ce5-8423-d63ba6459034,2026-05-07,2,,Dont trust this broker...the chart and option chain gets hang and we can not exit even in profit.,android,[REDACTED]
c115786c-8566-42dd-9e73-83e224d73d59,2026-05-07,1,,60 lakh loss groww don't dounld this app muje mere 60lakh lota do?,android,[REDACTED]
c8f0b5f6-46b5-476e-a470-051ad028f54e,2026-05-07,1,,it is so so terrible because while using this app option premium has stuck.. i bought all ready huge quantity.. but I'm unable to exist 😭😭😭😭 worst customer support no body replies here,android,[REDACTED]
d0d58f7e-31ba-4345-aa54-8cd8464bd939,2026-05-07,1,,"what nonsense is this? everyday mcx contract prices stuck, who will bare losses? I was executing my crude contract at the rate of 654, it didn't got executed prices are halted and it fell down to 541, mcx doesnt have a problem your app has... if you cant manage options trading in commodities then dont offer. who will.bear my losses??? this happens everyday! if not sorted will escalate to sebi and mcx. your chat agent dont respond! need call back now.",android,[REDACTED]
e2534a4b-9492-4b02-9626-84ef87ab3d43,2026-05-07,5,,"nice application one thing need to update,open interest and change of open interest all broker give this . Grow application clear and fast no doubt.",android,[REDACTED]
ea410917-8354-4001-822f-86fa97f6f3f0,2026-05-07,3,,Nee update version have so many glich....no one chart clearly visualized....I open one chart and it shows another,android,[REDACTED]
ea44c6d7-ae0a-4c87-8b40-19e0a56f5f69,2026-05-07,3,,"How vedanta is showing is 52 week high at 322 price. I can see on 29th April, it was 770. This is how this application works. 🤦",android,[REDACTED]
eae7b196-7eb7-4c6d-a85e-af44c92bbc34,2026-05-07,1,,Worst app for trading. the broke gets freeze in the middle of the trade. I faced huge losses due to Groww. Uninstall it,android,[REDACTED]
f24dedd1-2bed-49e2-b5e7-73d0f5ed5068,2026-05-07,5,,perfect for beginners and professionals ✍️👍,android,[REDACTED]
f59782ea-9662-4b56-9437-1036551913f8,2026-05-07,5,,very good and useful app,android,[REDACTED]
f7739dfd-7949-4feb-9ece-accbbca0438e,2026-05-07,5,,Best and easy use aap,android,[REDACTED]
0db6f6e5-3188-4bfb-a1ce-b9087e9ee0b1,2026-05-06,1,,its problematic in options trade gives a lot of trouble. it hangs in between. Also lagging in actual prices.,android,[REDACTED]
0fd2a850-6be3-455d-95f8-2786b50dac3f,2026-05-06,1,,"hang app since last 30min,worst than wrost app",android,[REDACTED]
12a7edcb-1eaa-4fc2-befd-fede8231e039,2026-05-06,1,,my P&L are profit but brokerage make me very loss. very High brokerage,android,[REDACTED]
1a79306e-01e1-403c-b59c-9d5f0f94367a,2026-05-06,4,,want 3/6/12 months trading view candle stick chart,android,[REDACTED]
1e817a1d-bb5c-418a-bfd8-143faa3edcd6,2026-05-06,1,,customer care service is very poor and I am disappointed,android,[REDACTED]
25e42031-414a-4154-a27b-bbf5cdc8bfe2,2026-05-06,5,,very easy and fast app,android,[REDACTED]
29fc35d7-30af-4f93-ad05-2b5a4eb7c508,2026-05-06,1,,"Groww is a scam company. It tells they charges 20rs or 0.1% of trade value, whichever is lower. But they charges more than 83rs in just 2 trade. And their customer service executives are too arrogant, know nothing 👎 overall my experience in groww is pathetic, never recommend anyone to use this scam app. Totally lootera...",android,[REDACTED]
2c30c0c1-7256-4493-9a85-b8928dd0ce36,2026-05-06,1,,"Don’t use this app. I opted out of linking my mutual funds to a demat account last year, yet after changing my MF amount this month, the funds were automatically credited to the demat account. It feels like they’re deliberately forcing customers to use demat and pay extra charges. SEBI should take strict action against this practice.",android,[REDACTED]
33731f91-f1cc-4a1f-b1db-e15a8d18b110,2026-05-06,2,,"Doesn't work properly when a stock's demergers happens, reports unnecessary loss, while the price reduced due to split of the stock.",android,[REDACTED]
38dfc2e7-2302-4544-8d98-0e973e77c8ac,2026-05-06,1,,"Pathetic withdrawal process for its own wallet. Withdrawal time is unnecessary for holding for 48hrs. You should pay interest to hold customers money for long after withdrawal transactions. After the trade you're taking T+1 day to get the balance available and after withdrawal 24hr , if late payment you take interest from customers then pay the interest to the customer for holding their money. And a BIG FRUSTRATING CUSTOMER SERVICE YOU HAVE. Please help them to learn Ethics on call.",android,[REDACTED]
392908e6-e6cc-496d-84b9-e6971f86502c,2026-05-06,1,,"this adv kills me. foolish adv, repeats many times and when ever the cell phone is opened. I will go to court both on SAMSUNG AND GROW if you don't take immediate action.",android,[REDACTED]
579d7b3b-06d6-4683-a8ff-701507edc959,2026-05-06,1,,Grow support customer care executive waiting time is very long upto 30min 🥲 horrible support.,android,[REDACTED]
64c02927-3c6d-4d2b-925b-bbdf350c3f66,2026-05-06,5,,Issue with Account Status – Unable to Access Groww Account,android,[REDACTED]
65087f5c-7d68-4968-a04f-49afd919458f,2026-05-06,1,,worst experience....!,android,[REDACTED]
783d7ce6-42bb-48c0-886b-1d91737c17b9,2026-05-06,3,,very very poor responce from your champions despite several request and reminders. Every times says the same answer that is your problems already solved but till today not attended,android,[REDACTED]
7b2c66b6-31e7-4ba7-9623-34332439e419,2026-05-06,5,,Bahot achi service hai excellent it's a finominal,android,[REDACTED]
83a2170e-1eea-4f2f-a595-d73a9141bbc7,2026-05-06,1,,worst app... they charge too much...,android,[REDACTED]
85141c2d-260a-47b3-b9bc-ad11097e5fe8,2026-05-06,3,,does this app support xiaomi pad 7 ? compatible or not ? and what are the charges after 1 year,android,[REDACTED]
859ed638-4aa5-463a-8136-59d1be5673b0,2026-05-06,5,,it's good and trustworthy,android,[REDACTED]
8b1ac6e0-5f57-4a0f-b12a-3b54ac8b8866,2026-05-06,1,,After selling a stock its order history is not available in the stock interface as available while holding the stock. Order history should be there after selling the stock. App not working getting hangged. Unable to see holding section,android,[REDACTED]
8c2ed214-cb93-4ebc-ab37-252dc868fbd0,2026-05-06,5,,"Please Lessen your brokerage and increase accuracy for price range of shares and FNOs .If You Lessen brokerage to 10 rupee per execution,you will become India's no.1 brokerage app. thankyou",android,[REDACTED]
8eaabac0-589a-4b3c-ae01-1b0db4e6d059,2026-05-06,5,,very good app for investment i love it,android,[REDACTED]
92b92e4a-c5b1-49b1-ac9c-4390842bfe8f,2026-05-06,5,,it's an very good platform for start investing and earning 👌 🙌 👍 😀,android,[REDACTED]
993e9482-ab2b-4eab-abdc-ccea5edac82e,2026-05-06,1,,chart problem closing candle time not reflect time to time.,android,[REDACTED]
9a0221ea-95ce-4b02-81e8-526590746dd4,2026-05-06,4,,easy to understand interface,android,[REDACTED]
9c2eef97-7615-46f2-abc8-8f06578afbea,2026-05-06,1,,"this app silently deducting brokerage charge even if the transaction is unsuccessful. people need to pay attention on this. why it forcefully asking to approve autopay if I don't want to, for sip installments?",android,[REDACTED]
b9f1f2ab-62ee-4ede-b0d5-2970661f28ba,2026-05-06,4,,please try to add a chart to gift nifty also,android,[REDACTED]
d751be83-98b1-4e42-b3ae-a5ee9fd272f5,2026-05-06,1,,"After the latest update, the commodities section has become very confusing. Prices are now shown in percentage instead of actual figures, which makes it difficult to understand real values at a glance. This change has negatively impacted the user experience, especially for those who actively track commodity prices. Please bring back the option to view prices in actual figures or allow users to switch between percentage and value. Right now, it feels less intuitive and not user-friendly at all.",android,[REDACTED]
d7bed045-883a-4954-bdfa-b809121ebd5d,2026-05-06,1,,yesterday I lost 4k because of App. Reason: when I am trying to navigate app got stuck for few seconds i tried clicking 2 or 3 times and after few seconds it got responded and result is my shares got soldout at 1 rupees lesser than market price... 1st of all as when sell window opens app chooses always lesser than market value don't why.... 2nd why you are selling below the market price even if user is selecting a price below market don't know why...,android,[REDACTED]
dde831d4-9341-4cd4-84fe-27679fa49111,2026-05-06,4,,charges takes profit,android,[REDACTED]
e8d355f6-98a4-4c4e-ac89-beb4919fac2a,2026-05-06,1,,nifty and sensex tab made smaller. difficult to click tab,android,[REDACTED]
f16f7aaa-ea63-419d-b312-874bb0943325,2026-05-06,5,,Best For Chart Show And Updates. 🥰❤️,android,[REDACTED]
f2b1fe7c-42cc-4ca2-86a7-4f19ee9c1805,2026-05-06,5,,good grow app i am trusted,android,[REDACTED]
f5f82d91-8c1b-43e4-8dff-13f37be9a1e7,2026-05-06,1,,many indicator not apply on chart . something application not working. it's option chain is difficult to read. some indicator not working after apply on chart,android,[REDACTED]
2d66a72c-09fd-4191-977a-b82070468e86,2026-05-05,1,,stupid app. unable to give pin even before that app goes back to homepage,android,[REDACTED]
3cbdd850-44aa-4c2a-9c60-cc3514c4ade1,2026-05-05,1,,The worst app most of the time when is volatility in the market It freezes and stops showing the execution and price action and the customer is worse then anything they never gets help from. one single day just because it got frozen I exit from the and re launched it by the time I had loss around 54489 .. They just scam people please it's my request don't go with grow it never helps you to grow go with zerodha far better than this.,android,[REDACTED]
4f9d3be7-c81d-4786-bb99-d4caee060f4d,2026-05-05,5,,a ... is a great app,android,[REDACTED]
60ee2cfc-381b-4e99-b3c5-fd90f3e1b271,2026-05-05,1,,order not executed as per stop loss. customer support very poor. they will just use the script to respond without trying to solve the issue. they will say they understand the problem but in fact they have no clue how much they have hurt their customer.,android,[REDACTED]
662d44d5-15ed-4aa6-85b7-76436fc9709f,2026-05-05,5,,"Groww has completely transformed my investment journey. The interface is incredibly clean and intuitive, making it easy for both beginners and seasoned investors to navigate stocks and mutual funds. I especially appreciate the transparency regarding charges and the seamless KYC process. It truly is a one-stop solution for wealth creation.""",android,[REDACTED]
67c761ce-c06e-41d3-a213-b60ec8662a37,2026-05-05,5,,.. first time it will give cash .then.it is a planned platform.... we put call option .. it will increase put options.. such waste of time and money loss...,android,[REDACTED]
76081474-4f4e-43a5-82a4-94a499972467,2026-05-05,1,,"poor quality service Don,t install this aap",android,[REDACTED]
9f6e64ca-a3b3-40c0-80a0-82226abad6b3,2026-05-05,4,,Wonderful broker. But charts are too laggy.,android,[REDACTED]
a517bd51-a072-40d5-b2b9-d211777e9c7e,2026-05-05,1,,the charges are so heavy and the customer care also bad,android,[REDACTED]
b5269045-5b9b-456e-ba85-38bda651fde0,2026-05-05,1,,I'm very fed-up about this app. I was invested here before two three years ago but suddenly I was unable to log in this app. Whenever I'm trying to login to this app everytime they ask for a new PAN I'd. How many PAN I'd will be have a single person. today is 5th of April 2026 but still I'm stuck here with the same problem till 2024. so guys before investing here think once,android,[REDACTED]
ba8f088e-299b-4d1f-abe6-71e67a8e3450,2026-05-05,1,,stuck at important time,android,[REDACTED]
c6542b54-1fe1-424a-b345-cf3292a4044b,2026-05-05,4,,Great app to use should provide some prior information about equality share like when the meeting going to be held,android,[REDACTED]
dd084075-c603-4c66-88bf-a67f91112274,2026-05-05,2,,"from past 1week am observing hung, due to this delay/hung am not able to buy/sell accurately. this causing me loss. please fix this issue",android,[REDACTED]
e8de7bd4-ef6d-49f6-9a16-fa17818dcd1a,2026-05-05,5,,user friendly and good for new user to get suggestions for stocks,android,[REDACTED]
fa0add4b-ef22-4b47-9e05-a2aef5c70d59,2026-05-05,1,,"Why is there no p and l calendar? and please don't ask me to mail you the concern on your email,I think my statement is pretty clear in itself.",android,[REDACTED]
0e309136-f758-40b5-a76f-2d72a88a5b76,2026-05-04,5,,ok thanks for everything you ok oo,android,[REDACTED]
10811a55-d660-4d91-98a3-951d467249b4,2026-05-04,1,,very worst app not interested,android,[REDACTED]
35caab63-8a97-4679-b2a3-d89dfd475695,2026-05-04,1,,This is the app to fool the public.,android,[REDACTED]
4004587a-2425-44e0-afe5-8e2d4d3d817c,2026-05-04,1,,"Groww is froud app, chart go positive side and call option price go negative side, due to this I lost 300K in 2 month, don't install this app",android,[REDACTED]
47d4fd33-300b-4cb6-953c-0406447c1ae2,2026-05-04,5,,it's a very trusted appa,android,[REDACTED]
63cb4f5b-a0dd-4708-8f8c-96963bea291c,2026-05-04,3,,"After updating app, OI is not being available in option chain.",android,[REDACTED]
6e87f355-8f59-455f-b40e-7e831bf17b70,2026-05-04,1,,very bad experience...oder not executed even not cancel .....,android,[REDACTED]
81e7aac5-72b3-49fe-9bfe-7e6d83227a4e,2026-05-04,4,,too many ads. worst app.,android,[REDACTED]
b64c4e5f-df82-4077-8888-adb83466aac9,2026-05-04,4,,"there should be option to give alias name to your funds as well. eg: if i am having 3 goal for which let suppose am running sip for some amount in hdfc targetted for Flat . in debt fund i am keeping money for admission, another fund for future abroad vacation . so there is always a targetted amount as well as priority also. i want to keep name to those funds to keep myself clear and help myself looking on dashboard easily. may be just alias name as a suffix of fund name would be helpful",android,[REDACTED]
c289130e-2caa-4a2a-b2d9-68130cba3d70,2026-05-04,1,,"“You can add money anytime, but for withdrawals, you only allow it on Monday at 10 AM — what kind of rule is that? You take money whenever you want, but when it comes to withdrawals, users are forced to wait. This app is absolutely useless. My honest advice is to uninstall it. The service is completely terrible.”",android,[REDACTED]
caab6f4e-45c2-4ec3-bec2-e5adc32b19b8,2026-05-04,5,,best for treding and future option 👌 🙌 👏.,android,[REDACTED]
04bd91f1-8a68-474a-934e-bfb3469f1fba,2026-05-03,5,,Fantastic App for investment,android,[REDACTED]
51cdcf06-e5ae-4d7b-921d-cfde75072d55,2026-05-03,5,,this is a superb easy add money and withdrawal very 1st and osm help support great job growww👍🫂,android,[REDACTED]
623ab333-b374-4d94-be28-de21c3228015,2026-05-03,1,,one of tha stock handling more than one year but now not showing my portfolio..,android,[REDACTED]
724a40ae-aed3-41c5-87a1-5d98dbc3d608,2026-05-03,3,,when it will have update for Scalping mode on one screen showing two chart call/ put and index chart /Stocks and buying or selling from the same chart?,android,[REDACTED]
87abe90e-3ac0-4a04-b4e6-4042555410d3,2026-05-03,1,,The assistant does not answer my question properly . They end conversation within a minute . They don't assist . I had mtf related question where i was charged 10 times than usual and one of them just said you requested 10 times . Every morning the unpledged amount automatically got pledged and Deducts my money. Unpledge failed but money deducted but still they can't provide satisfactory answer for my querry. Maybe it's the right time to quit and try alternative . too much charges for beginers,android,[REDACTED]
ba2f425b-66b3-433d-9847-15a6d7c3b8c1,2026-05-03,4,,"The owner and developer should be more open and disclose all the charges, whether be in mf or shares.",android,[REDACTED]
d103b400-5acb-4d76-be22-a28c1a75d7b4,2026-05-03,1,,very poor contract ke sath sayad milahuvahe by karne ke bad sell nahi hota mere pass order histry he profit me sell nahi ho ta loss ho ne ke bad sell hota he aur vo bhi expiry ke din very poor experience expiry vale din grow me trade nahi karna,android,[REDACTED]
e8672129-73ff-4353-8af1-16ea4e398d66,2026-05-03,1,,very poor customer service - unable to address customer queries. just cut paste response. security is a big concern. your portfolio gets accessed by their other company without any check response to issues raised take a lot of time and follow ups,android,[REDACTED]
2230b1b9-2ca5-456e-8548-1be5895e3814,2026-05-02,1,,"high charges for delivery, they charge you for every sell transaction even though stock is same .. Other apps dont do that planning to move to Dhan or IndMoney",android,[REDACTED]
2d86b8a1-cfbd-48ec-976f-7f3db62ca57a,2026-05-02,4,,is very simple investment of upi,android,[REDACTED]
54ed4ff7-db1f-485d-993a-4d14e66394a5,2026-05-02,1,,i dont like this dont show this add offen,android,[REDACTED]
79201fbc-2986-46ee-a48f-d1d6d3324f76,2026-05-02,4,,"tradingview ka premium chart features add karo.Stocks me bhi tradingview ki tarha chart se instain buy,sell,SL,TP drag&drop se instain order lagane ka features add karo.chart ke niche jaise position,order,option chain dekhne ka features diya hai aise hi OI chart,pcr vs price combination chart and advance,dicline chart dekhne ka tool add karna chahiye.like sahi app.aur separate915 app rakhne ka kiya jarurat ta, is app ki ander hi old scalper features ko delete karke F&O section me add kar deta.",android,[REDACTED]
7c49b82a-c1ab-4918-ab01-bdc135c424e6,2026-05-02,1,,Got fed up with app and it's customer service. They think that the person who are using to their app are idiots. Crashing during trading and hanging in between order placement. No triggering of alerts on time. Despite regular update and installation after deleting the app problems are existing same. Cherry on top they charge highest brokerage among any app available.,android,[REDACTED]
96b79ea0-b23a-44f8-b111-d91576e34251,2026-05-02,5,,2 years I am trusted groww aap,android,[REDACTED]
9836ddd1-243e-42ab-bbd8-da5bc7e99118,2026-05-02,5,,THIS AAP IS BEST TRADING AAP,android,[REDACTED]
9b9fee23-3349-4c01-86f9-136cf28d7b2a,2026-05-02,1,,"Groww, you collect a lot of unnecessary data through app tracking and lack transparency.",android,[REDACTED]
a263f96e-7441-47d1-984c-a53bc7ccfda2,2026-05-02,1,,"This is a stupid app. It is better to invest in Forex market and make good profits. Brokers treat it as if they will get profits worth lakhs. I am telling everyone not to trust the app. Better to invest in SIP, the money will be less in future.",android,[REDACTED]
b09c79f7-5a09-4b60-a5aa-7dec3d41ab21,2026-05-02,3,,unnecessary charged apply,android,[REDACTED]
eccae43c-f57a-48d3-a082-aae286951f11,2026-05-02,1,,Many time you will observe value are different from NSE and they give excuse of net slow and software not updated,android,[REDACTED]
19474a14-4d79-4d9c-9d6e-df5071ef89ba,2026-05-01,1,,my order didn't executed for 10 min i tried and tried chat with their help support and they placed when all profit gone . I loss my 16000 profit give it back groww it's all your fault,android,[REDACTED]
2023afdd-511a-44d8-94e9-26f3fa30cc0b,2026-05-01,1,,"The customer service of grow is not good, withdrawal option is not available, they deliberately delay our amount for two days vr bad service from groww a friend suggest me for this but no any proper response from groww customer care I never suggest for this application.",android,[REDACTED]
28ad834d-7288-45cd-b9b6-137ce1c98184,2026-05-01,5,,"Hi Greetings, Groww can add one more feature to its customers/partners. ie., there should be overall picture of combined stocks and MF's returns & invested.",android,[REDACTED]
32815824-6131-4030-b25d-3ba3d6838b03,2026-05-01,5,,thes app is very nice,android,[REDACTED]
3dc04960-8484-4071-a75a-1361540a7369,2026-05-01,5,,does what it's supposed to do,android,[REDACTED]
4d314ddd-c9c4-41f9-ac2b-7278d90cf446,2026-05-01,1,,"This is a third-class app. Never trade on it because they charge extra money in the name of brokerage and other taxes. You will lose almost all your profit. I traded and made ₹15,000, but only ₹2,700 got credited—isn’t that insane? And this is not the first time this has happened. Earlier, when the profit was higher, I ignored it, but this time it was too much. It’s better to trade with other apps like Dhan. This is a complete waste of time and money.",android,[REDACTED]
4e1f82ec-8918-42d1-9d9d-b410e100e10f,2026-05-01,5,,it is Very Good App 🔥,android,[REDACTED]
5872b624-f79d-40b0-b6ba-fc144baa8a10,2026-05-01,5,,This is the worst service by grow. During trading time how can this happens. Grow doesn't open since a hour. Who will pay my loss?,android,[REDACTED]
633f94be-c682-4d3f-93d6-bd63259cbb3c,2026-05-01,3,,all are good but there is one thing missing that is layout...,android,[REDACTED]
674ad191-4ec6-4bba-bb7f-25001e491039,2026-05-01,2,,"Dear Insvester, be Careful : After Demarger graph showing like crash (Vedanta, Raymond, ABFRL, Tata Motors Passenger Vehicle etc.) please update as pro rata basis. Otherwise we trapped those stocks. ""I loose money after Demarger Raymond stock"". So please update otherwise anyone trapped like me.",android,[REDACTED]
67dffdde-f79b-4169-84ff-363614e2c9ad,2026-05-01,5,,Add percentage option in scalping target percent and SL percent and amount option not at market.,android,[REDACTED]
80cb4960-d414-4014-99e2-d468480c38ba,2026-05-01,5,,"I’ve been using the Groww app for a while now, and overall it delivers a clean and beginner-friendly investing experience. The interface is simple, intuitive, and makes it easy for new users to start investing in stocks, mutual funds and easy to add or withdrawal money",android,[REDACTED]
8671e144-1fb5-4661-859a-ecf7d7aa7faf,2026-05-01,1,,brokerage charge high,android,[REDACTED]
88786103-bb3e-4211-b4b7-871fcd41d17d,2026-05-01,1,,groww service day by day is growing to worst side.your hard money is deducted without any proper clarification .they are just fooing to peopes so please avoide groww ad ita time to switch to new platform.,android,[REDACTED]
9ad7e189-b162-4cd0-93bb-77650cccc28f,2026-05-01,1,,very much dirty app comes in phone again and again,android,[REDACTED]
a2b5f44d-c087-4f0f-b3fe-4f15b3da74f4,2026-05-01,1,,"recently u r app quality has deteriorated vastly, app crashing, groww balance disappearing and loading after 30min , MF sip auto pay not working, stock classified incorrectly, tax implications not mentioned for many mutual funds.. most annoying is ur support team closing tickets without remedy and with answering to the query just pushing the ball to our court saying I called u , but u didn't respond. either I respond or not, issue is clearly mentioned, they just reply it is resolved or wip",android,[REDACTED]
c03663c0-04b4-425c-aa7a-b314ab2c4506,2026-05-01,1,,"⚠️ Beware ! Scammers and fraudsters. they won't allow to exit open position in commodity futures and options if you're in profit, they will suck all your hard money in the name of technical problems and glitch. Never ever trust Groww and its parent company.",android,[REDACTED]
c628dd62-ca7b-48c0-a561-bd448a8c800b,2026-05-01,1,,"App main problem is not giving GTT orders on commodity ( F & O) & in NIFTY F & O you are unable to know about Delta,theta,gamma & IV & it may lead huge losses 😡😡. please follow up on it",android,[REDACTED]
efbd582c-80ce-4b51-aecb-f5eede2bf06d,2026-05-01,3,,The taxes and brokerage is costlier compared to Dhan and Zerodha but the smooth experience makes me forget that and it makes me wanting to stick with this app for trading but thee only thing which I fit is missing is 1) the trailing SL and target directly from charts(like the ones in Dhan app) which makes quite easier to trail both SL and target levels. 2) changing between stocks which are added your personal created wishlist from charts itself.,android,[REDACTED]
f8b59309-37e7-477c-bf89-403988194ab7,2026-05-01,1,,very bad service and charts,android,[REDACTED]
010fbba6-bae0-4f12-a15a-d87b790792a7,2026-04-30,1,,"I have lost my life in this app, I lost around 35 -40 Lakh rupees in total trading F&O. i completely became obsessed with this but no matter what I take if I pick Call and wait it goes put if I wait for put it goes call. Don't ever do F&O I have a family and lost job and life due to this app",android,[REDACTED]
4020ba13-81cc-42d8-bdd1-f7ffb881e928,2026-04-30,1,,worst experience! I lost lots of money due to late execution. outdated features with high brokerage charges.,android,[REDACTED]
50794f9c-6fa8-42e6-acd5-f8f2b0744add,2026-04-30,2,,showing the wrong track history and portfolio calculation which makes it hard to analyze my investment,android,[REDACTED]
5e3819e6-4254-4ab3-92c7-4509d5cd1ea9,2026-04-30,4,,all is topnotch but sometime it doesn't trigger set target prise.,android,[REDACTED]
5e866fef-1f51-4189-b86c-aaff30fae938,2026-04-30,1,,"Pay Attention to the prices and your money while trading on this Groww App. Multiple Discrepancies, lags while doing Transactions. After settlements, they deduct more amounts. The Auto-Square off didn't work and the intraday trade was dragged beyond 3:20 Auto-Square off time. Many Transactions look shady due to Discrepancies. Customer Support, app calls and emails, is Worst. No Resolution, help, ETA, or Support after numerous attempts. Better use a different reliable app.",android,[REDACTED]
602518bb-46ba-4fce-9c49-24272a38159d,2026-04-30,5,,very useful app for poor people,android,[REDACTED]
74fd38b8-1ac7-4351-ada5-3ddc7ad6f9f0,2026-04-30,1,,so much glitch in f&o trading even after calling to support team!,android,[REDACTED]
77766699-78f1-4112-b97f-6f82b18c9cbc,2026-04-30,1,,slow execution thoda kam marketing khrach karo instead make the platform fast and responsive groww ho nhi Raha kahi tum log bhi buju jesi halt na ho jaye,android,[REDACTED]
78da6a5b-eb96-4e0a-b200-d07b82293790,2026-04-30,1,,Irritating and irrelevant,android,[REDACTED]
8a1ca9ee-8f39-469d-9f9c-2f64f798baa4,2026-04-30,1,,instead of wasting money on advertisement you should invest money to improve your apps UI every time i try to open charts like stock or index chart it take much more time to load and mostly it says enable to load the chart,android,[REDACTED]
91c31330-bdfe-4932-ab70-d056887d5f98,2026-04-30,1,,"Don't download it for stocks etf OR intraday, worst. for SIP it's okay u will work very hard to trade groww will charge a massive amount of BROKERAGE, after BROKERAGE no. of additional charges. just Don't don't download for daily trade instead go for other broker apps groww's UI is also too much navigation",android,[REDACTED]
96f0ab1e-9287-4ece-8385-a86afc4e1bcb,2026-04-30,3,,when I suppose to sell it for example 135 and it is on 134 it doesn't sell and today that's why I got 2000 loss,android,[REDACTED]
b4c8eba6-9a83-4f7a-990e-7748db63197c,2026-04-30,1,,groww app ver bad experience 😞😔😕,android,[REDACTED]
b942514f-86de-421a-959a-4a747f1aa060,2026-04-30,5,,it is a very good app it is very useful i like it,android,[REDACTED]
d46f020d-ec59-4435-8a90-d01ce8d132b8,2026-04-30,1,,worst update till date,android,[REDACTED]
df3abaec-a9a8-4d16-a5de-d670d6e397b0,2026-04-30,1,,in grow app trading view chart is not working(9:15am to 3:30pm) . slove this trading view chart problem.................................................................................................................................................................................................................................................................................................................................................... ........................................................,android,[REDACTED]
e3e06acc-6e07-4ed5-8ca8-ea472d317a1a,2026-04-30,1,,"there is a glitch in grow. check adani enterprise share price in google , then check in grow.😅😅👌👌. time frame ""maximum""",android,[REDACTED]
e994300a-fda6-42c1-9b5e-315f8f9810a0,2026-04-30,1,,fraud app please don't use I am also facing problem,android,[REDACTED]
0f648e1c-81e1-4e25-a0df-e8d7254e2f79,2026-04-29,3,,"I Like the App, Please Include One Cancel Other Order (OCO) Feature for Delivery Trading.. and I Want to See the Sector/Industry Performance by 1D,1W,1M,3M,6M,1Y timeframes with Sort Option, and Historical Data (Previous Days Daily Percentages)",android,[REDACTED]
11b55e7b-6e57-4f28-8e5c-22f0001d4d04,2026-04-29,5,,I want 2 chart on single screen,android,[REDACTED]
1604f9a2-a0b6-40dd-8bf7-043f564baff5,2026-04-29,1,,zero ⭐ to this app. bekar app hai,android,[REDACTED]
1a7d4112-9032-4870-b8c2-ba955cc6375e,2026-04-29,1,,slow speed & update on app for f&o as compare to Zerodha app. zerodha is faster execution compare to groww,android,[REDACTED]
2a0130c0-76ca-4868-bfc2-694b37d0fb4d,2026-04-29,1,,i use grow app is more than 5 year but now grow is very bad and irritated app because i trade and app is not working properly slowly and hang very big bug not exit very early and much issues now i wil losses make to this app is bug ....so now some day i thinks is app owner game ...so plz not use grow my 5 year trust will now end ...i uninstall this app...very very very very badddd and you ask to AI answer is worst app for trading.,android,[REDACTED]
33feba71-778d-4a68-b52a-a2d21da0dfd1,2026-04-29,2,,"I am very disappointed with Groww. The platform charges high fees on almost every transaction, whether the investment amount is small or large. There also appear to be extra or hidden charges, making it costly for investors. These high costs reduce overall returns and make the experience frustrating. Groww should improve transparency and lower its charges to support small investors. Currently, it does not feel user-friendly or affordable.",android,[REDACTED]
470f9e73-1481-43c3-ad69-03be3c3effad,2026-04-29,5,,"Initially I was using three apps, Zerodha, Angelone, and Groww, now I use only the Groww app, All essential features with just one touch.",android,[REDACTED]
530c37ff-cbc6-4e96-9d56-5ae4d409c1b6,2026-04-29,1,,"don't use this grow app ,,profit ka 60-70% brokerage kat tah hein ,,,I am a stock trader since 3 yr I switched to grow and total fraud app with extremely high brokerage,,,,,never use this app anyone",android,[REDACTED]
6560e7f2-9e37-4463-8eeb-619b3c4972bc,2026-04-29,1,,worst app customer service is worst,android,[REDACTED]
8450648f-26c1-4974-92c6-f5b3dffa1b13,2026-04-29,1,,Every day asking update. index expiry day asking update. Always asking update. particularly when taking order,android,[REDACTED]
92315bb2-f521-4689-b6c3-753c728ce25b,2026-04-29,1,,"I added ₹1200 to my wallet. The stock price was ₹1171, but ₹1180 got deducted, there are too many hidden charges. The charges should be shown in the app, right? Why doesn’t it show this? This is not good. I thought I'm making money but instead I lost money with the hidden charges...agar negetive stars hote to wohi deti",android,[REDACTED]
98e7d487-60cd-4703-8c5a-3c7d1c9b2b29,2026-04-29,5,,Simple and Simple Use,android,[REDACTED]
9e37f7a9-4cc4-485e-9c31-6a434cdd78a9,2026-04-29,1,,"iske mutual funds k paise apne aap kat jaate h. ya to ye ya fir inka staff krta hoga. par jhelna to hame h. mere kai saare Mutual funds k paise nikaala liya h. upar se nahi customer care se baat ho rhi or nahi complain pe kuch ho rha h. kindly resolve it & take strict action on it. otherwise no one will use this aap if you will cheat people. agar mere paise wapas ni hue to i will handover it to police. saare fraud hi h, customer support number pe call krne k baad OTP mangta h. How can I believe",android,[REDACTED]
abb215f3-607d-48e2-bbfc-25e2b75bcc27,2026-04-29,1,,It is at number one among the worst brokers. 🤢🤢🤢🤢🤮🤮🤮🤮🤮🤮🤮,android,[REDACTED]
c8278c82-269e-486d-8774-df7771adfd18,2026-04-29,1,,The app structure for daily adjustments in wallets is not better and not showing the charges and daily trade details properly,android,[REDACTED]
d4d34364-8176-4ecc-be7d-7edfc67bb0c2,2026-04-29,5,,this aap very nice 👍 long time investment then long term benefits 👍👍,android,[REDACTED]
e2a8dbd1-7be0-4198-a248-3680528fbc87,2026-04-29,2,,Best app for trading,android,[REDACTED]
e30e88c8-0012-45b7-9079-175d7e423181,2026-04-29,1,,worst app 😤😡🤬this is th scam to stole our money waste don't invest ur hard earned money in this they're charging all taxes and deduction 🤬😤🤬of amount monthly directly from bank without our consent and when we sell th stock deducting more amount for brokerage and services why to invest then there's is no profit to us of using this app????? Don't Invest in this app,android,[REDACTED]
011014ac-4f0c-4596-9dae-726ad5435481,2026-04-28,1,,giving every month update got irritated,android,[REDACTED]
05bb6a8c-7706-4b01-8bed-51a1516e6394,2026-04-28,3,,"@groww, this app is not working in landscape mode, please try to fix it. overall good.",android,[REDACTED]
11ba0ff6-9a04-4d33-9d5b-241db2198cff,2026-04-28,2,,no support system for customer... very bad service... jb dekho bs ticket raise krte rhehte h... tickets kabhi resolve nhi hotti inse ... ab is comment k reply me bhi ticket no. puch rhe h🤣,android,[REDACTED]
204265dc-ce30-48fb-8089-585cd7c03bdb,2026-04-28,1,,ghatia application.......,android,[REDACTED]
401c04ff-a3b4-4e8b-9357-207122828d1e,2026-04-28,1,,its irritating ....files r not opening.,android,[REDACTED]
56ad05b7-e675-4c92-bbe2-5f92fd62a1d3,2026-04-28,1,,too much brokerage I do withdraw but still when I try to delete/ close my account it shows you need to pay 0.17 rs what the hell was that? it's not even brokerage charges,android,[REDACTED]
5c651ffc-6f88-4979-afa1-31315e41c188,2026-04-28,4,,Logout to be add on home screen.,android,[REDACTED]
635f7ff6-17de-4ee0-a1df-52c0728b3b86,2026-04-28,1,,I'm using this app around 6 years... Transaction charges are very high as compared to other apps & execution is very slow .... Kindly reduce price otherwise lots of people quite the app,android,[REDACTED]
670cff10-4ac6-472b-9b3f-ea2d3192e68e,2026-04-28,5,,"Minimum 3 updates in weakly, then neither proper depth is shown nor chart, day by day service is getting lost",android,[REDACTED]
a14991b5-d0a7-43d7-b567-435ca241d06c,2026-04-28,1,,poor customer service,android,[REDACTED]
ae87721e-15db-4a76-ad19-23b471a3ca96,2026-04-28,1,,"Very poor experience with Groww. During market hours, I was unable to exit my position manually even before 3:20 PM as the app was unresponsive. My intraday position was then delayed in square-off from 3:20 PM to 3:25 PM (as confirmed by their support). In those few minutes, my trade went from 927 profit to 2000 loss. In intraday trading, even small delays can cause serious losses. This raises concerns about platform reliability during critical times. Please consider switching to another broker",android,[REDACTED]
b71c0c82-c4c2-4bc6-a7a0-94f7a7893df4,2026-04-28,1,,I am using your app since 2023 regularly in f&o and i am very very disappointed about yesterday around 27/04/2026 3:15 there was a glitch in your application because of this I couldn't able to exit with 24350 call. This is horrible. Now I am unable to continue with groww any more,android,[REDACTED]
b8c593d0-3db7-42e0-bd93-92b36a8d8ea2,2026-04-28,3,,They keep showing bugs like invested amount to 0,android,[REDACTED]
cbc1aa9b-f707-4169-bc9d-ff4951e99c8d,2026-04-28,4,,grow app is giving good insight as well analyse of your investment,android,[REDACTED]
cdb5b3d9-dc08-4cdb-be96-1b100e7a3b32,2026-04-28,1,,"behad ghatiya app, aur usse bhi ghatiya hai iski costomer care services",android,[REDACTED]
d77f8fee-8fd3-42c4-9e45-8a7ff0b23e80,2026-04-28,1,,"profile analysis is not working sold stock is Also showing, as a holding kindly fix",android,[REDACTED]
d868d35d-efc5-47c6-8c92-d9596ae51d04,2026-04-28,2,,Not as expected. 1. Unable to find all report at one place. 2. Not able to show MF linked with Groww only once you had extracted your external funds. so you can't check performance of your MF purchased through groww. 3. MF can't be adjusted as per your own will. Supposed if you want to change your SIP from monthly to weekly it is not possible in grow. 4.,android,[REDACTED]
e5548a15-d25a-43a0-a9ee-286aaacfb44f,2026-04-28,4,,App are good but i can't add monney due to technical issue,android,[REDACTED]
f5c6ab21-00bf-41f3-9d96-3ddd3dc43cb9,2026-04-28,1,,app is not opening...........third class app.. don't trust....,android,[REDACTED]
f7a81383-7a68-4c10-bd6c-525322e97f1f,2026-04-28,1,,"They charge too much! Almost zero profit. Not recommended! One more thing: You can't withdraw your money after crediting your groww account, unless you've have used that money to trade first, (suffer gain or loss) Only then you are allowed to withdraw. Simply put, your money is stuck the moment you transfer it there.",android,[REDACTED]
f9670da6-00a6-4f80-9621-bc9fe1e74fe1,2026-04-28,1,,"Extremely disappointed with the GTT feature lately. I've stopped receiving critical GTT execution notifications, which used to work fine. Despite raising multiple complaints, the issue persists. In trading, every second counts—this lag is unacceptable!",android,[REDACTED]
0992587b-77ec-434a-a5ab-b918d764b0a5,2026-04-27,1,,sometimes app does work when it's important to make a trade,android,[REDACTED]
0bc8dea8-03b6-4177-b111-92beb9b602cf,2026-04-27,1,,"again today I am Unable to buy or sell share ,and I have loss ammount",android,[REDACTED]
0f350a10-34c4-4922-9d4c-710cf3002c6a,2026-04-27,1,,"very bad 😞 If you buy one for 100 taka, 4 taka is deducted as a charge.And while selling it, they are deducting another 30 rupees. Do not download.",android,[REDACTED]
160dc2c9-d385-4f15-af02-f981d0a98a91,2026-04-27,1,,"don't use groww , mtf system is very bad , amounts, credits and bedits regarding mtf is not showing properly don't use this app for mtf",android,[REDACTED]
1c189b62-f105-40d9-b187-204cdf7faf0f,2026-04-27,1,,i am not able to see my holding! solve this issue ASAP!,android,[REDACTED]
1c21c2c0-0270-4ec8-a1c0-8fdc1072c7b0,2026-04-27,1,,Not reliable for regular traders. It lags in the peak time and you can loss you huge money in the minutes. In my personal experience I was trying to close the trade or trying to convert it into delivery on 3:10 PM but due to error in the app I was not able to either close or extend it and has exit on its own not recommend at all.,android,[REDACTED]
3efee59d-a53e-416a-8e72-6a5bc1df4cb6,2026-04-27,2,,at the moment when i sell my option primium groww suddenly can't work wht i do,android,[REDACTED]
44a3d62e-3fab-4cef-96f7-5c86d2faed5c,2026-04-27,1,,App crashed. Error:Failed to load data. Unable to see or do anything just before market close.,android,[REDACTED]
4657b98f-4b9a-442e-b74a-e3dc403abb12,2026-04-27,1,,Order had been excited but not showing in balance credited and showing something wrong what's this ?,android,[REDACTED]
4edcedfc-6ea6-4423-85c4-d459e68c6d35,2026-04-27,1,,"one day this app give problems near expiry after 3 , will give you huge loss in option , not fully reliable at all, due to app problem u will made loss",android,[REDACTED]
5a06486b-45ea-4c7b-8f82-ee5f90e9eb28,2026-04-27,2,,"grow is unable to modify my sell price, resulted rs. 39000 loss.",android,[REDACTED]
5bfd987a-17fa-4fa7-ac23-48bc62a2debc,2026-04-27,5,,This application is very useful classy and smoothly run in window I really like this application.,android,[REDACTED]
5e1da983-8edf-41db-b026-dc38c39204ff,2026-04-27,1,,cash withdrawal issues manegement intentionally stuck the withdrawal after waiting period.very bad experience several times for money withdrawal,android,[REDACTED]
6b681753-622d-4cb0-ad29-09a32780b64d,2026-04-27,3,,"the app doesnt load and currently just not able to use the app at all. not able to connect to support either via chat or phone, or email.",android,[REDACTED]
6eb0d2de-450d-474f-b489-256ddbe965fe,2026-04-27,3,,Five stars from me because this app gave me a new means of earning which allows me to do my other work without any hindrance.,android,[REDACTED]
7137ab61-0220-41a2-93fe-5a4a64584be9,2026-04-27,5,,app interface is very good stock research is also good best ui need some accuracy in changes,android,[REDACTED]
717a6122-455f-4943-9d4a-1453c5a3fe11,2026-04-27,1,,Why does everything is wrong? Completely wrong data visible for my Mutual funds. I harvested amount is modified. MF central statement shows updates data but here on your application everything is wrong. Please fix it as soon as possible.. This will help me.,android,[REDACTED]
720bee80-7fde-49bf-892b-f3c268fc34e0,2026-04-27,4,,fair from any other similar app Rating decrease from earlier,android,[REDACTED]
731f3a37-aa2b-4959-9ce4-8afa2f97b46f,2026-04-27,5,,too good too fast & fully secure,android,[REDACTED]
73c47421-95ae-4b2c-8515-037ae5903230,2026-04-27,1,,cant see my mutual fund dashboard after new update,android,[REDACTED]
75656241-cc47-44da-8cb2-7f0e958dd13b,2026-04-27,1,,wrost app i ever use specially for mutual fund.some time show different balance then available balance,android,[REDACTED]
792db7c7-ab51-4964-be8d-f9b1cf3617e7,2026-04-27,1,,after latest it is showing less investment than actual in mutual fund,android,[REDACTED]
7d2f1167-6f87-41fa-a6f1-16f495444757,2026-04-27,1,,"my investment not showing in dashboard, support not responding me... pls help😭😭😭",android,[REDACTED]
81af1aea-b040-4f17-9e0f-af05cb5dd982,2026-04-27,1,,High charge delay exit technical errors,android,[REDACTED]
83ca4edf-95b7-4440-8757-106e96a7a4c1,2026-04-27,4,,"Sometimes not working properly, glitch in refreshing.",android,[REDACTED]
8533e0e2-2333-42ca-a20a-012f0543aee2,2026-04-27,4,,There is no SWP option in this groww app(mobile App) that's why I gave 4 stars rating only. We want SWP option in this app for more investing in mutual funds. Which App has SWP option for mutual funds that is the good. Dear groww App team members Please insert SWP option for investing in mutual funds.,android,[REDACTED]
8fd24ada-c029-4bef-b374-2e76af422869,2026-04-27,1,,"it's the worst, I was investing for like 13 months in two SIP's and cancelled one of them today but after doing this my dashboard is showing less than 50% of my invested amount. Before cancelling one of my SIP my dashboard showed 5000 something and now it's spinning only 1000 something. I wanted to raise this query on their helpline but their chatgpt isn't working and also whenever I try to call on their helpline number it always does it's busy. So if you love your money, keep it away from groww",android,[REDACTED]
9322193a-d83b-4e78-99b4-f0a9b89a25ed,2026-04-27,1,,today I was buying a call in the itm option and I had sufficient balance actually I had 5 6k extra than the balance needed but my order was still not placed I tried again and again and now I am not able to view my balance i am not able to contact the customer support I am really disappointed and now I am just changing my broker,android,[REDACTED]
944938ab-88f8-4cad-aa7d-f4a2e5c8d6a6,2026-04-27,1,,I was using groww from past maybe 2 year ... but now I am going to delete it. they are taking too much charges maybe this app is good for investing not for trading at all,android,[REDACTED]
98e11327-d73a-4149-a184-2a9430591567,2026-04-27,5,,"india number one top broker.. very fast, simple. many many thank you Groww",android,[REDACTED]
9d929873-246d-4912-9fb5-b320d601ffb7,2026-04-27,3,,Market Goes Up But The price Go Down for call side this is [REDACTED] ? or Application issue please solve it .,android,[REDACTED]
a0085787-8865-4308-8963-8a38ac70015b,2026-04-27,1,,Server down. failed to trade today for 1 hour. failed to add money,android,[REDACTED]
ac7628e0-2b5a-4039-b864-239e5e7508fe,2026-04-27,1,,Never ever do F&O trading in Groww.,android,[REDACTED]
afafdb9a-5c0b-496b-8908-482c4cce90c4,2026-04-27,1,,"This app is very worst worst app, regarding 1.customer care not responding 2. app strucked in between option buying/selling 3. many complaints given but no response",android,[REDACTED]
b0ed00a7-6ef2-46d7-be91-3c086edc1a1e,2026-04-27,1,,added money today but app shows no funds !!!!,android,[REDACTED]
b33ce423-8d1b-498f-9976-495bbe00e012,2026-04-27,1,,all of sudden all my MF are gone I am seeing my old portfolio now about 2 months old one. both on web and app. I am afraid now,android,[REDACTED]
bc3021a6-4afe-4173-af95-512d888d8c84,2026-04-27,2,,this app hang Not smooth 😢,android,[REDACTED]
bd44e34b-4685-430f-9f2e-c83d0d650a63,2026-04-27,3,,sometimes i am getting something went wrong (Data fetching minious into an error) on screen.,android,[REDACTED]
c86f34ec-0417-4931-88ee-44c866951218,2026-04-27,1,,What is your technical team doing? The app crashes every time in critical situations.,android,[REDACTED]
d1aa8e56-de28-47cc-8349-7da7207a9b60,2026-04-27,1,,"since 3 Year I am unable to use biometric, multiple attempts done by uninstalling and reinstalling app.",android,[REDACTED]
d1e0de73-6f0b-4a23-8ca0-32ca56ea4b10,2026-04-27,2,,"Dark pattern - showed me ""activate F&O "" interstitial with the options pre selected, just after opening the app. Usually in its place, there is some informative banner that you're just accustomed to dismissing at a click. Did not expect this from Groww.",android,[REDACTED]
d38048e7-93d6-484f-b8c3-299625e348dc,2026-04-27,1,,Worst Customer Support Service There is an issue with return values,android,[REDACTED]
d3e61ea4-98b9-41dc-bc24-4ea3a5cff829,2026-04-27,1,,I am able to see only 1 mutual fund of 740 rs. in my dashboard.. and my all money is lost 😭😭... fake app I have invested too much money in this app. and app is showing only 740,android,[REDACTED]
d45a509c-bc9b-4c6a-aec3-a7362d5f09ec,2026-04-27,1,,always technical issues.. my sip dashboard not proper show.. I always try to customer but always line is busy.,android,[REDACTED]
d83d6208-ff8e-4cc5-bfce-58c5cc3d69cb,2026-04-27,1,,Bad when you need it server down make you money loss😡😡,android,[REDACTED]
d867ffa4-5e0e-43a6-89e5-e30ab87157d6,2026-04-27,1,,Taking high charges and giving useless service during Trade.,android,[REDACTED]
db24bcbd-46fc-4a57-a1ac-b5e3993ecb6a,2026-04-27,1,,"Who is doing your PR 😂 ...... 10-12 apps she has and she is asking for grow spell lolz .... so annoying. In total we need F&O, Stocks, SIP, Funds, NFO approx 6-7 types of investment then how can you justify 10-12apps in numbers. The ad really sucks. & They investors who really can't memories application name 😂 are not eligible for investing. Your Adds really sucks. Please show some useful and +tive short infos.",android,[REDACTED]
e0c82984-ebf1-43e8-a3f0-aa4bf217c300,2026-04-27,1,,always lagged too much during peak hours,android,[REDACTED]
e278613a-6f36-488b-bd53-5f14159fc4fb,2026-04-27,1,,"very bad app, iski galti hoti h aur loss customer ka hota h, aur koi b sunvai nhi hoti, ab mein dusre plateform me shift houga",android,[REDACTED]
e5d311d5-5bb5-4570-993f-93a95f105195,2026-04-27,3,,"Great app! please add complete charts for 1hr, 1D time frame, currently it shows only 3 months data. which limits analysis to a certain time frame only",android,[REDACTED]
eaa3d0a4-97f0-4f8d-a7d8-c3b217f7d29c,2026-04-27,3,,The customer support service is quite poor; please fix it.,android,[REDACTED]
eb4f65fa-e477-4dbd-857f-2bd06d426c5b,2026-04-27,1,,"Bas app, be careful. Non supportive customer care. Maximum time number not connecting. Call cut down in between conversation if somehow connects. App frequently crashes. Today it crashed when I tried to exit from F&O and it doesn't load data. Throwback errors. Due to which I got into negative money and market closed and my money put on hold. Now, tomorrow is expiry and all premium will be cut out. I lost money. I am definitely uninstalling this app after collecting whatever left with me.",android,[REDACTED]
f6c66a20-7a01-44f6-a296-590a997b1381,2026-04-27,1,,one of the worst experience today when I saw the mutual funds holdings amount wrong. I don't want to continue with this app anymore. Every now and then the app shows wrong data. I have lost faith in this app. Now u guys have made MF demat based which is difficult for me to shift.,android,[REDACTED]
fd81393f-7fa7-4b7b-8619-bf342cc18043,2026-04-27,1,,"Be careful, their calculations are wrong on the balance. Not sure whether they are doing this intentionally to lure money. Then, their customer support. Create a ticket, in 1 hour they will close the ticket just giving some random reply.",android,[REDACTED]
0777f00d-9722-4799-a1b1-5a1b95a51c8a,2026-04-26,4,,everything is very nice,android,[REDACTED]
0faa460c-e567-4fa8-a60d-aa72058e4a65,2026-04-26,5,,"good, but brokerage fee increased for equity stocks.",android,[REDACTED]
402f949f-bb78-46c0-bac5-35c9984ee6fc,2026-04-26,4,,very good app for shares marketing,android,[REDACTED]
40ff8e83-e0ca-454a-bf98-ecba5f610af6,2026-04-26,5,,"The best sip planner helped me plan five different life goals,",android,[REDACTED]
6ab422a5-38b0-429a-b293-1377e0cbc85f,2026-04-26,1,,"all expense ratios are incorrect on Groww. that's not acceptable. For ex, TrustMF Midcap or TrustMF small cap is mentioned 2%, in reality it's 0.45%.",android,[REDACTED]
77d72bb2-7346-47e1-b457-70e1650e2965,2026-04-26,1,,lost my old mobile phone unable to login and not even able change the number so jumped to kite!!,android,[REDACTED]
9014801e-c173-4d25-bbd7-94d810bae389,2026-04-26,4,,⛔RSI removed in new updates but over all experience is Good👌 service on top catagory. really best in all available application options in market💐,android,[REDACTED]
a704c374-6fe3-4651-aee3-183961d0962d,2026-04-26,1,,Various drawings gets deleted after a day. So analysis drawings has to be drawn again. Also Daily closing Candle of Index showing different value after market is closed though Index Value shows actual closing price at Home Page. Your technical team needs to work on it or else you are going to lose customers.,android,[REDACTED]
ac91c445-6ab9-41bd-8dd6-2087a2534cbe,2026-04-26,1,,Is app ko koi bhi download mat kro Jo aapke grow acc mai paise rehte hai ye lootkhor unhe tax kr tor pr kaat te hai...🤬,android,[REDACTED]
b9cdfdc6-a0f6-4fc8-b241-0a1ac1aa2fc3,2026-04-26,1,,waste and worthless app,android,[REDACTED]
ba7da774-6f8a-4b2c-85f5-5d3cdc6be327,2026-04-26,4,,"i like to short my stock in the basis of industry so that i can easily buy and sell the stock based on the news regarding the industry (like power sector sock catagory,automobile etc )",android,[REDACTED]
150b0185-f3f5-4f90-9841-a0a939c2c99b,2026-04-25,1,,very bad app i was playing candy crush then this ad came this literally is waste of time wasted my 17 min very unsatisfied with this app,android,[REDACTED]
1ba05fb9-8066-448e-a994-a52156b66262,2026-04-25,5,,this app was super 👌 begin trader,android,[REDACTED]
322e43eb-5c6a-4950-92df-2e8ad9f6af2a,2026-04-25,1,,You guys should give an option for instant withdrawal You are asking me to return the money I withdrew yesterday after just four days.,android,[REDACTED]
3960bc00-2c9c-4ed0-8709-153eadb96e8c,2026-04-25,3,,I cannot see the holdings tab values for the last couple of days and the issue is still not resolved yet . Am I the one facing this issue or everyone ? UI wise app looks good and easy to track. kindly address the above issue,android,[REDACTED]
8f39a463-df45-49da-9895-5e130c76db6a,2026-04-25,5,,very good for everything,android,[REDACTED]
a6d4accc-c3d8-466b-9493-dcebef655aff,2026-04-25,2,,sl trail jumping not awailable its big poor condition then other app. please give this function hidden charge is very high with gst.realy grow charge 150 rupies per order and sl and tg process when we change sl then sl will not hit same point. and comodity not awailable,android,[REDACTED]
ae4f5151-31a7-4a67-8545-76f762c78581,2026-04-25,1,,"worst app,even a simple functionality of transfer of funds are not working through net banking using your linked account.",android,[REDACTED]
b303dca0-2e23-4642-af20-dc706efb4d74,2026-04-25,5,,Use this app since 2021...... best app for beginners....UI is user friendly,android,[REDACTED]
da0a4da0-62b1-4c71-8697-00c234f2515b,2026-04-25,1,,too much brokerage charges...I have given 2 lack in brokerage charges on FNO,android,[REDACTED]
e190fa8d-0dd7-42d2-851e-d4be34903bbb,2026-04-25,1,,Why does mutual fund redemption process take 6 days,android,[REDACTED]
eff7cbee-64d6-4853-ba28-913f6ed3aabd,2026-04-25,1,,refund amount should be given to any bank account of original holder ....remove cheque book photo copy proof option,android,[REDACTED]
f73e1241-487e-4801-8a89-6be833377733,2026-04-25,1,,Never use this application if you face any problem then customer care not support properly and they delay to take call if this call disconnected they do not call back to you. And their charge is high from other plate from. So don't use grow application for trading.,android,[REDACTED]
110b5fec-4a88-4751-9103-62402413f2ff,2026-04-24,1,,Aap scervis working Castumer saport not good very puar scervis Payment issue not resolved May complain But no any action not good service not good work pese kha gye h bina puche bank me transfer kr kre h or bolte guidline h ase kisi k pese bina kisi permission k ap kese bank me transfer kr re ho gatiya service h grow application ki,android,[REDACTED]
31b8313b-717c-46a6-8ea5-199b36d68dd6,2026-04-24,1,,order box start with 0 .0 .insted this the presnt price to be ther .,android,[REDACTED]
33629288-1e2e-42e1-b9e7-cc484a8ebb33,2026-04-24,1,,New update is so pathetic Mobile terminal view got downgraded and cant use the Tools to analyse,android,[REDACTED]
396ef71c-47d8-49a3-87eb-e4ad7bf37f4b,2026-04-24,5,,veru useful this app,android,[REDACTED]
46046548-2672-485b-85e7-c138695ebbe2,2026-04-24,1,,it's showing wrong 52 weeks high and low. it is same as day high and day low. it's the major issue in the app.,android,[REDACTED]
5db0657f-16f5-4ade-8390-aa105ffebec2,2026-04-24,1,,"The whole app has been ruined, after the April day by day changes, Today's High Low & 52 weeks High Low showing same, Sensex/Nifty Index Expiry are not shown, under any similar stock category, something else stocks are shown & why the market depth has been moved upward, why ?",android,[REDACTED]
622fb9ad-d73f-4601-bb64-f9a7017de51f,2026-04-24,2,,This app charges more brokerage,android,[REDACTED]
66327a1f-9766-475a-9d28-018fb856a129,2026-04-24,5,,grow account open kyu nhi ho rha hai,android,[REDACTED]
698e535a-7248-4073-93ef-25508cdce576,2026-04-24,1,,"Groww app started putting my mutual fund investments in full demat folio without my permission, I didn't choose any demat folio, I wasn't given the option to choose through notification, very bad app, is this groww app owner of all investors?",android,[REDACTED]
97c49006-8ffc-48c3-a8dc-3b3def6aa528,2026-04-24,5,,"please don't use this , policy is for profit, customer is money, uninstall this app now",android,[REDACTED]
9ad6ffe9-5453-4975-b2ef-4b05f379e3af,2026-04-24,5,,this is nice and beautiful app 😍😍💘😍💘😍😍💘😍😍😍😍,android,[REDACTED]
baf6dd03-4740-4080-a0ad-674b12496101,2026-04-24,2,,The tradingview chart from groww app is not working. And also it is not properly showing the 52 weeks high and low.. Too much bugs and glitches. Probably have to shift to another broker,android,[REDACTED]
c2a48ab1-4eea-4926-8168-9fdc0422ac4d,2026-04-24,1,,Customer support is very pathetic even in 2026. So I'll be honest and give 1 rating for the weak customer help which matters the most. The team lacks a lot of knowledge and they don't know even the basics of MF and Stocks.,android,[REDACTED]
c80be04d-07a5-44db-b0c1-1770cdbd76b2,2026-04-24,1,,"I receive notifications from Groww, but there is no option in the app to view all notifications in one place. Once the notification panel is cleared, all notifications are gone and cannot be accessed again. I request that you provide a feature in the app to view daily notifications or notification history",android,[REDACTED]
cd71a6b0-5650-47fd-8667-5be9ac5855a6,2026-04-24,1,,"In the holdings section, total shares, invested amount, total P&L in percentage, and day’s P&L in percentage should be shown, just like in Zerodha Kite. This essential information should be visible on a single screen, not after tapping or using filters. This is necessary to take appropriate action to exit from positions. Without this data, trading in Groww is not convenient.",android,[REDACTED]
d0f1da8a-bdbe-4e82-9a2e-bf44f42566bf,2026-04-24,1,,what's this App for? i never see's a profit from the past three months!!,android,[REDACTED]
d5f824db-453e-4538-bd84-aab39182d418,2026-04-24,5,,add more important indicators CPR indicatore and achored vwap with bands and ORB,android,[REDACTED]
de529178-93e6-4964-bdb0-fb8b8c1582cd,2026-04-24,2,,this broker is hiding some data .It is not transparent .The transaction is not showing all something hiding the credit. And after release the trade the profit also did not show that much profit and which time will adding didn't show. Now I experience myself this broker is hiding transaction data so that we didn't know whether the profit credit or not credit after release the trade.,android,[REDACTED]
f64bab75-8b8f-46fb-b9c7-cd1329d6a592,2026-04-24,1,,MANUPULATION AND Froud,android,[REDACTED]
fadbb448-2b28-4401-b3c3-4ed520b5fc78,2026-04-24,1,,This App is fek and Extra Charge,android,[REDACTED]
fd4f545b-ccce-4128-b90d-4ad49248c595,2026-04-24,1,,beech market me app stop working...it's loading it's more than 15min,android,[REDACTED]
049865a3-8425-43b8-8eaa-2d16a3d3ad35,2026-04-23,1,,"If we pledge our shares once and later unpledge them, we are being charged twice — once for pledging and once for unpledging. That itself is understandable, but the problem is that I have been charged multiple times even though I performed this action only once. After pledging and unpledging my shares one time, I did not perform any further pledge or unpledge transactions. However, I am still being charged repeatedly.",android,[REDACTED]
07db49a0-337a-41e0-9fb2-78136a4c2afb,2026-04-23,5,,Nice app Groww stock app,android,[REDACTED]
134e5a74-d32b-4eea-80c3-fc31c1001b61,2026-04-23,1,,"Not good for customers , good for manipulation with hni",android,[REDACTED]
165da23f-26db-4c72-8536-6bff89a423b5,2026-04-23,1,,don't use this money West app groww nahi hoga.,android,[REDACTED]
19c21b9b-0662-468a-ab5c-1f53cdee2e90,2026-04-23,1,,repeated ads. is headache. pl. stop this ad in my mobile. please stop this ad,android,[REDACTED]
2fa10a45-9fad-4421-b0ed-5abf415ce342,2026-04-23,1,,bro pls solve my problem ive login from wrong which is mine but upi is not available on that number now your asking 50 rs it doesnt make sence please make change in it,android,[REDACTED]
443982b1-45ea-450c-8713-570732a4e7bc,2026-04-23,1,,Every single time it says PAN and BANK name missmatch literally i just have Name like shripada mg in bank and adhar and in pan it's compulsory name like malali Ganapathi shripada it include father name but it's rejecting because of my name,android,[REDACTED]
489a7821-bdc1-41a4-aa7a-73857522ae73,2026-04-23,1,,it's very bad application 😕 extra charge much higher I hate this application,android,[REDACTED]
4e57df60-d70e-4e2b-b5ce-a76ff0277a57,2026-04-23,1,,"Sometimes the wrong calculation is displayed, at closing time some other value was shown and at the end of days calculation changed to less value.",android,[REDACTED]
68b6dbe3-079c-4740-8a84-87465ec93c35,2026-04-23,1,,"Data ke sath play krte hain data bech ke big money ko ya khud manipulation krte hai , i have experience with tata elxsi full manipulation krte hain ye dont use it",android,[REDACTED]
6c743b45-9fde-485d-8ffb-ab69092a6b15,2026-04-23,1,,"It activated my F&O using a trick, I accidentally clicked on a button",android,[REDACTED]
748b9db4-82b0-4f16-823c-d367a5238faa,2026-04-23,4,,after recent updates issue in some stocks for 52 weeks highs and lows and full chart issue,android,[REDACTED]
76468e6f-4bec-435b-95fe-0d0183520080,2026-04-23,5,,"hi,first of all I want to say thank u because this apps changed me a lot",android,[REDACTED]
77dfc6a2-02f3-4819-bbf4-8ea489943fde,2026-04-23,4,,bast experience and smooth run,android,[REDACTED]
8899bad4-8557-4184-940f-0b9760203bfd,2026-04-23,4,,"Thanks for working on my feedback 🤗 updated april23 April 2026 the basket button is slow in response, I have to press it multiple time to turn is on off... make it more responsive pls",android,[REDACTED]
8b491aaa-1698-4f2f-b077-d3b738154e2c,2026-04-23,3,,I wants to delete my account before approx 6 months and try 2-3 times but groww management may be poor in this.,android,[REDACTED]
977e4bf5-8afe-486d-80f8-ad020d6bcc0d,2026-04-23,1,,worst application and customer care. Do not use at all.They do not solve your queries copy paste random answers and close the chat before asking for user confirmation. Please avoid the application and try using some other app for investment.,android,[REDACTED]
a4849fa1-280d-4cd1-b5cc-63ea9d4cbe74,2026-04-23,4,,easy an effective platform,android,[REDACTED]
b9f51430-e776-47ff-b7f0-0c6611a9a2b1,2026-04-23,5,,Best and easiest platform for investment.,android,[REDACTED]
ce64821f-21a9-4179-94df-9d001c22dc37,2026-04-23,5,,Please add daily P/L dashboard on monthly calender.,android,[REDACTED]
d0013c88-a851-4c73-bac4-379fd58bc878,2026-04-23,2,,bahut baar sell order execute nahin hote jiske baje se loss hogya mera . trash app,android,[REDACTED]
d5e92b8e-d3d1-4334-a08b-c5e72893db5e,2026-04-23,5,,friendly use interface,android,[REDACTED]
ebd5cb2d-1306-4e21-892e-5239ee143c35,2026-04-23,5,,best investment trading app,android,[REDACTED]
08f2eb28-64db-428e-bcb8-57b7ae4cac26,2026-04-22,1,,I couldnt even set a pswd even after following the instructions and suggestion they provided... so if anybody failing to set a pswd kindly switch to another app instead of hanging here (and you know how valuable our time in trading),android,[REDACTED]
12196747-2b1c-4d03-a9cc-6899de73bbd4,2026-04-22,1,,"never use this grow app, external charge is too much high",android,[REDACTED]
1e7c4035-7b36-4f87-b4ff-cd7e91ce435f,2026-04-22,5,,I have been using the Grow app for about three and a half years.It would be good if you added some more new features. Such as a trailing stop loss. Scalping mode of F And O stock,android,[REDACTED]
1eb7192a-7bef-46d1-8f3b-0e397661e3a9,2026-04-22,4,,Very easy-to-use trading app with a clean interface. Great for beginners and long-term investors. Smooth account opening and good overall experience,android,[REDACTED]
32c7f94d-32b8-4b5b-a6b2-1eb1078b741e,2026-04-22,1,,why this app need daily update I'm not satisfied with this thing,android,[REDACTED]
508cad1e-1761-484d-9a10-bb7be926fadd,2026-04-22,5,,"groww is best app for trading, investment and mutual fund",android,[REDACTED]
54daaa98-1389-45fa-aca4-7ba6d932347b,2026-04-22,1,,"Worst app, feels cheating to customer. Extra charges, why T+1 share immediately show in demat holding and allowed as normal delivery sell with auto converting to intraday? also btst too shows as normal delivery. It's showing wrong details to customer and charging unfair",android,[REDACTED]
68359648-ee8f-4012-ac6d-c183d031c60b,2026-04-22,1,,"facing an issue with groww watchlist App shows limit of 100 items, but I am getting the error ""you can only add 100 items"" Even when I try to add more than 10 stocks. This looks like a bug. Please fix this issue as soon as possible. Unable to use watchlist properly. kindly check and resolve because of this issue,I am not able to use the app properly and it's disgusting my overall experience during trading. and I am losing money when discussing app.",android,[REDACTED]
76e335b6-d3ec-4c62-892e-4458ae85162f,2026-04-22,3,,"SWP missing, STP not allowed SWP option has been missing for a long time now on the app. When are you planning to bring it.? And why is STP not allowed for SoA funds now? You started as the flexible platform for investing. By trying to lock down investors or forcing them to use Demat MF will just lead negativity and bad taste.",android,[REDACTED]
7e96152c-f3a7-44df-8929-b479f4cfa3a2,2026-04-22,1,,even after trying to sell my shares for about 5 times applyng the tpin and otp its showing error which is frustrating.Where even 1 second matter here i am trying for about 5 minutes.This is the first time i am facing this issue befire it wasent like this.i dont know whats wrong with this app.,android,[REDACTED]
7fdbbdc5-c099-4175-9266-8efc81e3dfdd,2026-04-22,5,,Good for trading share market,android,[REDACTED]
82ffb210-a1e6-46a4-b9ba-80ad0039f8bb,2026-04-22,3,,Grow should recommendation option in Stock and F&O,android,[REDACTED]
90d0d589-e44c-410e-92dd-b1a2e5ff5888,2026-04-22,5,,Awesome 😎 For BUILDING WEALTH THROUGH DISCIPLINE & SMART INVESTING.....,android,[REDACTED]
9a1d5ec3-0319-4027-b6ed-644f234dbde8,2026-04-22,1,,when ever I sell showing different value it's being 3 time in a single day.. I got losses due to it,android,[REDACTED]
9a4326ea-826d-4922-b936-552cfe7bc1fa,2026-04-22,2,,auto save is not working drawings are not getting saved very disgusting. and sync is not working properly between web and mobile Today itself open account and same day closing or otherwise fix it,android,[REDACTED]
b6c8b83c-d20f-4fc0-aa9d-8c679fb424b5,2026-04-22,1,,New use this app fully fraud and unwanted brokerage charge was to to to high like today I took 3 MTF trade and then totally I have to paid 1700 approximately which is totally unwanted I uninstall this app and also deleted my demat from this site .,android,[REDACTED]
b931726f-0dc9-4e14-acd9-5f3165e08754,2026-04-22,5,,smooth and easy to use,android,[REDACTED]
c500ea64-ee19-48ac-a887-aad8f3965adb,2026-04-22,4,,"easy to use and understand UI DESIGN, FAST & RELIABLE",android,[REDACTED]
d0448fa7-7d35-4557-800e-46d945b8979e,2026-04-22,5,,very good and easy to trade. best customer support.❤️,android,[REDACTED]
d0725d41-9cf2-403c-ab79-e81cac808e7b,2026-04-22,1,,too much pricing switching to another operator. maket order also they are tkaing price 118 too much for everything. link you adhar 118 lol 😆,android,[REDACTED]
d1e6e034-c7fb-4a58-bc63-5ebea8c03780,2026-04-22,1,,application is giving live data compare to other apps it is lagging too much please look into it,android,[REDACTED]
d5bd98cf-6720-4a93-8b7c-54f549138dfd,2026-04-22,1,,I have not created my account some issue but what the issue not tell me grow app 😡😡,android,[REDACTED]
0897964b-e2e7-4d9c-8919-7cee1d932732,2026-04-21,1,,now grow is totally froud,android,[REDACTED]
11a3f4e0-5c9e-4a83-8620-93bc652062b2,2026-04-21,5,,easy and user-friendly app.,android,[REDACTED]
27649db1-e495-4faa-9c58-3a99656fcdbe,2026-04-21,1,,Brokerage fees comparatively high,android,[REDACTED]
27ddef2f-f23f-4f12-a299-c077412e17a5,2026-04-21,5,,"best app ,interface is very easy to understand ,no unwanted data",android,[REDACTED]
27efcc5d-35cd-4c22-850f-ff57d7b89190,2026-04-21,5,,very good app.. it's useful,android,[REDACTED]
29ab8eaf-afb1-4fe0-85f0-781e7d799165,2026-04-21,5,,Very user friendly experience,android,[REDACTED]
302cfbae-2f70-4519-b086-4c070f6e9ab2,2026-04-21,1,,brokerage charge are high..,android,[REDACTED]
30fd64fe-a4e1-42e1-a924-d907170f0028,2026-04-21,5,,MY LOVELY GROWW OFFICIAL OPTION MY BETTER PLATFORM INDIA'S 1RANK INDIAN🪄💝,android,[REDACTED]
3b8ca183-48fa-4774-8ad5-2cf0bfc82fa7,2026-04-21,5,,SBSE BEST APP LEKIN BROKERAGE SBSE HIGH BHI HAI...MTF ME...,android,[REDACTED]
53d925c5-6a83-4455-bb06-c09653177095,2026-04-21,4,,user interface awesome,android,[REDACTED]
592391b5-bb70-42e7-b2a8-ff52b34d6bee,2026-04-21,2,,app is lagging most of time. not able to place the trade properly.,android,[REDACTED]
5fd53f6b-e6f6-47e3-9458-ad52096c6425,2026-04-21,4,,"dear team, please develop position widget, so we can track it from mobile home screen.",android,[REDACTED]
660316b0-4200-4631-9b66-d81041bdd65d,2026-04-21,5,,awesome app and perfect design for new generation,android,[REDACTED]
67159181-f3a0-4019-bcbb-d7995dae9ef4,2026-04-21,2,,"it's brokerage charge is high even they advertised 0 % delivery charge but actually thay taken charge when you buy delivery stock and sell , even they say there charge call is 5 to 20 by grow charge but when you sell your delivery stocks they charge more then it, and other charge not included that tax and gov. charge is also add it's and your pfrofit is many time none if you investment little money",android,[REDACTED]
7b108f6a-63d8-4684-b3e8-88c0672b6e52,2026-04-21,5,,best effortlessly experience,android,[REDACTED]
9246bcc4-2efb-48ea-8116-2b1111fa0176,2026-04-21,1,,this app is worst app I have ever installed . sell order auto-cancels every time it took me 6 to 7 days to sell . if you are in profit then sell order will not be executed and if you are in debt ( loss ) it will be executed instantly brokrage charges and GST are also high you can not make profit from this app atleast . Nill reply from customer service,android,[REDACTED]
9a025e3c-64d4-45e2-89a3-6678e568273c,2026-04-21,5,,very losees but succes,android,[REDACTED]
9a78dd9c-2b5a-4d0b-b600-019b60a8bd05,2026-04-21,1,,worst application to trade at,android,[REDACTED]
a5a181eb-3cb1-4e45-a975-45fc24740828,2026-04-21,1,,Mtf brokerage charges is high,android,[REDACTED]
a948b2fb-5914-436f-853c-61f096aa91ce,2026-04-21,5,,this is so beautiful aap 😊😊😊😊😊😊,android,[REDACTED]
ae765bfd-3007-4525-922d-359f732548a2,2026-04-21,5,,good 💯 percent sahi hai,android,[REDACTED]
b22b741d-cdde-4167-b22f-8b12b94b522a,2026-04-21,5,,nice app work all india No- 1,android,[REDACTED]
b38c1e62-be2b-452a-bc44-a9855cc7ff51,2026-04-21,1,,worst of the worst experience..not recommended.. Specially on Expiry day,android,[REDACTED]
b87691ff-da4d-49ba-bf4f-7ad91bd5c7f9,2026-04-21,5,,very good performance 👍🏻,android,[REDACTED]
bc0fe0fd-c880-4f90-be69-b4fe80761064,2026-04-21,1,,"it lag alot cant se price movement, candle formation even i updated still same issue iam facing",android,[REDACTED]
bdc2cd4c-960b-4ec1-ab83-98e967205c92,2026-04-21,5,,Croww app is very good services to investors,android,[REDACTED]
c756544b-5457-49b5-ad3d-872528d62862,2026-04-21,5,,best best best best best platform in the world 🌎🔥💯🥰♥️♥️♥️♥️,android,[REDACTED]
c793788c-2cd4-4d88-b58e-0c83d4a333ee,2026-04-21,5,,very useful especially for beginners,android,[REDACTED]
d02646c3-8b93-4cdc-9903-23d3735ee416,2026-04-21,1,,New update is bakwaas... Back to back update,android,[REDACTED]
da141aab-08f5-43b7-a20b-daddefc75438,2026-04-21,5,,Very convenient astrology consultation anytime *,android,[REDACTED]
dbafde1c-1e6f-4ecb-9636-d998b99d6606,2026-04-21,2,,They are increased their brokarage chargesand it's not good,android,[REDACTED]
dcb0aa82-3a7d-4e89-8d18-d616e2885f52,2026-04-21,1,,"worst app don't install this because if you call customer care the minimum wait time they say 5min but it takes 30min wait time still they won't connect customer care instead they cut the call and again same procedure, I think grow don't have customer care service if at all may be 01 or 02 person are handling this sevice so my request to you people please don't install this useless app. I rate 0 star ⭐ out of 10.",android,[REDACTED]
e3278b19-a458-4be8-ae05-daaa7eb9c66e,2026-04-21,1,,1. After new update no expiry is written - when it is there - earlier it was written that today its expiry day . 2. index and sensex is now so small its look very bad . 3. when some news comes for particular stocks then that stocks must get one symbol like bell so that one know and open the news about that stock ... now i again again have to look for news section of every stock for any update. so kinldy do the change as soon as possible. ??? nothing is done for the same .,android,[REDACTED]
f22a734f-0bab-48c8-a698-67a396711fdd,2026-04-21,5,,very good app for investing.,android,[REDACTED]
fa4cfb10-f1a5-49f6-adb3-41a2584d8f4d,2026-04-21,1,,worst work stoploss doesn't work on this app also very glitches happened. switching to another broker. now groww is scamming on points it's very bad.,android,[REDACTED]
0cfe4459-dec1-46e6-8913-53b4484d127f,2026-04-20,5,,reliable for 7years.,android,[REDACTED]
12265718-ea54-4cbb-8fb2-e3a12642c64a,2026-04-20,1,,this app is a scam. pls don't use,android,[REDACTED]
1c78acce-8063-45b6-ae63-5ec2b63b469f,2026-04-20,5,,Good app and user friendly,android,[REDACTED]
43a69985-b7ab-4a86-9795-fa3e74f6d430,2026-04-20,5,,It is very good app.,android,[REDACTED]
49f1638a-77fe-44b7-9379-de9edf3fbcf6,2026-04-20,5,,It is too easy to use.,android,[REDACTED]
4c5fba67-31a1-4d83-a567-f454eccd7560,2026-04-20,5,,good platform for investing,android,[REDACTED]
4e65cdc4-3a9c-4d98-acc5-d9f669bd80ea,2026-04-20,5,,nice and very easy to handel,android,[REDACTED]
513b3e95-4750-454c-8a8a-e0548058ef79,2026-04-20,1,,"third class gutter class app always glitches money loosing, if u r an retailer you lost all of your money if u use grow appp",android,[REDACTED]
57343490-b1db-4c2a-8989-fbb401293fa4,2026-04-20,5,,this is the great platform for the investing and also great for the bestest and trusted app this is you can earn more and more great,android,[REDACTED]
5af2364a-1408-4043-b9d7-f9f494400085,2026-04-20,5,,no 1 app for trading,android,[REDACTED]
5ba01aa1-e8cd-48b5-831e-be5d832c305a,2026-04-20,4,,too much fees is cut,android,[REDACTED]
5e817e8e-dd2a-40c9-a46b-99c1280b7697,2026-04-20,5,,OUTSTANDING performance,android,[REDACTED]
5f6dae67-4dd0-4427-8af3-473fa88ab467,2026-04-20,4,,very good experience upar upar,android,[REDACTED]
687e6658-c518-4358-a890-4e08f54ee12f,2026-04-20,1,,"it's fake app, do not invest via this, I am struggling in reclaiming my 70k, it's fraud app, do not use",android,[REDACTED]
72f11246-551d-45bc-aa39-bff478284097,2026-04-20,5,,Great app for new beginners,android,[REDACTED]
75ba0b08-3aea-4458-93f2-0ed52c2591ea,2026-04-20,5,,great support for investment,android,[REDACTED]
7f7418b6-9ef3-4be8-8f13-7bc6483a2ac1,2026-04-20,4,,It's good for investment,android,[REDACTED]
852bd622-1652-4b1b-aa97-f29ed552aed8,2026-04-20,1,,its a legal looting... mental harrsament.. distracting youth,android,[REDACTED]
864fe0a5-8c8d-4b64-8938-8df6929da242,2026-04-20,5,,very user-friendly UI and easy to sell/buy . it will be helpful for for new person who wants to open a trading account,android,[REDACTED]
8cb60582-0970-4648-86d7-b3b53ab4dd49,2026-04-20,1,,Black list Company Not Remove on Groww app(Bharat Global Developers ),android,[REDACTED]
9b98bf4a-56e8-40d1-b59c-9d52dd9d2b66,2026-04-20,1,,"If Groww cannot execute orders at the correct price and repeatedly hits the wrong target, how are traders supposed to trust the platform for professional trading in Nifty 50 F&O? These technical issues can lead to serious financial losses i Will delete my grow account now",android,[REDACTED]
9b9901d7-20cf-4469-84a6-150e146fe388,2026-04-20,5,,great app everything is clean and minimal is it understand,android,[REDACTED]
a19ed6e4-23c9-482e-b1e2-2f1b35e7d1c0,2026-04-20,5,,it's very easy to use,android,[REDACTED]
ae8d3ac6-6e26-422c-a18c-2803755ae79c,2026-04-20,5,,Grow is my favourite investment platform. Iam Happy for my broker is grow...,android,[REDACTED]
b6146f01-a62d-4152-bbae-6485f15f3a65,2026-04-20,5,,good investment platform,android,[REDACTED]
ba9cd2e8-fff2-43a4-bc1e-96a2099974f9,2026-04-20,5,,Absolutely phenomenal app. Will get everything you could possibly need in terms of instruments or information and in a really great user interface that you just cannot not win with.,android,[REDACTED]
c0e8785a-f9b0-4ab7-96d3-6af8dccd1678,2026-04-20,5,,"I have been using the Groww app since 2021, and it is a good platform for investment. The app is user-friendly, easy to navigate, and suitable for both beginners and experienced investors.",android,[REDACTED]
c10d1561-7edd-4e23-86e3-af448049e442,2026-04-20,5,,thank you for this app,android,[REDACTED]
db12f078-9948-4d4c-b13b-f0cba73379dd,2026-04-20,5,,love the User interface. other app should learn from this,android,[REDACTED]
ddbcb9a9-94dd-4475-82da-d1a36906151d,2026-04-20,5,,very nice app for trades please download and try,android,[REDACTED]
e2db810d-fb28-4b33-9ce3-b34642481e8c,2026-04-20,5,,owsm for stock and share market,android,[REDACTED]
e59cfc72-b6db-494b-a2c6-8835ad1f44a5,2026-04-20,4,,"easy to access, good response, quick transfer",android,[REDACTED]
e6aba7f9-6685-4b82-81cc-c6a38af91430,2026-04-20,5,,"good for trading it keeps me updated and the return data, news and everything is quite accurate so far I'm enjoying using it ❤️",android,[REDACTED]
e8381df9-6d65-43b6-ad06-68689852c199,2026-04-20,5,,Nice platform to grow wealth.,android,[REDACTED]
ead05c71-487f-4caa-b746-58b3cef8e3e4,2026-04-20,5,,The easiest and user friendly platform with no error. I will tell others to come and join GROWW once. 🙏,android,[REDACTED]
ed8d33b2-ef8c-489e-9487-4558e24f2920,2026-04-20,5,,this is really nice app and very good working,android,[REDACTED]
fc768e39-52fc-4b73-9240-69f083778e8f,2026-04-20,5,,good app to start stock market and mutual funds for beginners,android,[REDACTED]
03d8d045-ebc3-41a4-a7d8-8440a731e06e,2026-04-19,5,,now at Great app happy now Sir tnx Long time user,android,[REDACTED]
0d394246-02fd-48b8-9b33-1475a1426f38,2026-04-19,5,,very comfortable for a beginner investment,android,[REDACTED]
107a0008-cbd8-4684-8002-b07400df172d,2026-04-19,3,,"Use of app, is not much user friendly. lagging behind its [REDACTED], considering filter, sorting features.",android,[REDACTED]
1cfdf6b6-9d12-48b5-a0d9-95c2e73a25b9,2026-04-19,5,,"One of my most favorite applications for investing and trading! The interface is clean, simple, and very user-friendly, making it perfect for both beginners and experienced users. Everything from stocks to mutual funds is easily accessible, and transactions are smooth and quick. Highly recommend Groww to anyone looking for a reliable and hassle-free investment platform!",android,[REDACTED]
322b8471-ddb1-4be5-929b-0273dd64e30f,2026-04-19,5,,This app is so good but hidden charging and government charging so many so Very bad for any treaders,android,[REDACTED]
32b3d3b7-67f0-465f-8564-8ecb3eb78750,2026-04-19,5,,over all Very Good app,android,[REDACTED]
3f1bf14e-e9d9-4eba-a53f-02fe7aa5c60d,2026-04-19,5,,this app use very easy and simple. i am understanding easy this app,android,[REDACTED]
54eddd36-034e-411c-897b-cc250c1a28bf,2026-04-19,1,,"Extremely frustrated with your pathetic system. If the PAN is the same, why demand offline signatures for Re-KYC? Online onboarding but offline updates make no sense. Your support bots and agents are useless. As a YouTuber, I’ll now expose your flawed system to my audience. I’m closing my account and moving to a better broker.",android,[REDACTED]
5b3613f2-04f1-4a9f-b8c0-cbd505c97009,2026-04-19,5,,easy to invest free demat account very nice platform for investing.,android,[REDACTED]
66cf73be-5bb0-4a06-b04f-3ba87a9cbb18,2026-04-19,4,,grow is best application for murtal funds.,android,[REDACTED]
687443ea-10d1-4123-8094-eac9b557811a,2026-04-19,1,,One Of The Worst Apps For Trading Before Reaching SL Price Automatically Sell Position Also For Buying Buy At High Price ; Don't Use It,android,[REDACTED]
6bd843e8-772e-45e3-98aa-bd4b90c7ab6a,2026-04-19,1,,"AMC have credited the amount in my old bank account which was freeze. I cannot access it. Despite of telling hundreds times to change my bank account, you did not. You made me do the courier 2 times for account update, but you never update my bank account. It cost me 500 rupee for courier and now 3,123 . Now I'm going to take legal action, it's your fault.",android,[REDACTED]
7ac2724b-8b63-4cb5-968f-5275674d5f97,2026-04-19,1,,"update kyc will require 50₹ 🤣 , clown app",android,[REDACTED]
86303aa4-cb13-4334-a931-d5c3494fd092,2026-04-19,3,,Some time hang app & not show correct data .,android,[REDACTED]
b52a498c-9324-4182-b9d7-9820614e6518,2026-04-19,5,,Very easy to Freshers,android,[REDACTED]
bd035c88-6f9d-4d87-be7a-08c32b4f4a6c,2026-04-19,5,,such a growth the groww,android,[REDACTED]
bda9dc73-6e81-4c8a-bd92-510e838b7e94,2026-04-19,5,,thank u so much 😊🙏 Growwwwww 🤞❤️🫶👀,android,[REDACTED]
c2633221-3723-4d92-9253-3fbc06c5c9fa,2026-04-19,5,,very helpful and good 👍,android,[REDACTED]
c65f82c0-6af3-4ef1-bfa4-c35267ec156b,2026-04-19,5,,very nice game and app,android,[REDACTED]
d0116557-ba7e-4b25-840c-bc8a95042e11,2026-04-19,5,,"Best ui i have seen made me switch from other broker app. UPI payments are surprisingly fast love it. suggestions 1. more features can be added to upi like upi lite, upi widgets etc",android,[REDACTED]
d4c5a13e-c0df-446e-a48b-cf7f637cd74e,2026-04-19,5,,good and easy application for market,android,[REDACTED]
d800e73c-7fcc-492d-a0be-486cddad36a8,2026-04-19,4,,"I have been using the app for 3 years It is overall good. It need to improve at order execution in the intraday segment , it lags in speed execution.",android,[REDACTED]
d9382f37-1d61-4e28-8358-4646023097db,2026-04-19,5,,absolutely the best app,android,[REDACTED]
e2e3fb0a-5c5c-4ba9-a0f9-71e7a1ff1192,2026-04-19,4,,thanks for helping for poor people,android,[REDACTED]
e937a6fd-03b1-47e8-ac5b-353cc4ccb270,2026-04-19,5,,i am first time mutual fund stood i thing this is good 👍 for me in my future investment 💕💕💕💕💕......,android,[REDACTED]
eb94e1de-c83d-46ef-a898-34de619d050f,2026-04-19,4,,provide more security and solve the problem as early as,android,[REDACTED]
0b75d496-f821-452f-a914-a1f5b612e0c5,2026-04-18,5,,awesome app for growing❤️,android,[REDACTED]
0e9d919c-2493-461e-aed6-e7fb7cd5267f,2026-04-18,5,,Very Good app to learn and Invest. Gives Many stats and has a very simple and easy to understand and use interface. Transactions are fast and smooth,android,[REDACTED]
13725572-73d7-4d7e-9ccd-f0a440fbe7c3,2026-04-18,5,,Apps it's good but I have no money 😞,android,[REDACTED]
2b94d3c9-125b-4f2b-a3cd-b0626a9a4ef9,2026-04-18,5,,easy to understand app. best app,android,[REDACTED]
2d7fd7a2-32fc-487c-b368-87463302cb45,2026-04-18,5,,nice application use easy,android,[REDACTED]
3c548795-d209-4d1e-ba00-fc67fa6e6eac,2026-04-18,5,,it's definitely good for trading,android,[REDACTED]
4d516e34-eae3-45cd-8e9b-fd5b4462d98f,2026-04-18,4,,Best Treding platform.,android,[REDACTED]
5169c92e-2055-4910-8c9a-3dd922e5a13b,2026-04-18,5,,Verry nice and easy to use,android,[REDACTED]
568fd5e9-f150-468b-b546-a2e078a7df2d,2026-04-18,5,,all update timley and easy to payment meathed,android,[REDACTED]
57519b36-8950-4e7b-a2ba-2f76a8af91ee,2026-04-18,1,,i don't know what happened but the app is showing ``your journey is in reset process '' . This is my first time of using a trade app and showing this from the start.... I haven't even started my journey.... Not to raise complain but to reach your concern..... kindly rectify the issue,android,[REDACTED]
59f68f75-a7af-4abf-9630-767d86bbec5e,2026-04-18,5,,very very very nice and useful application. every thing we can done in a single one platform,android,[REDACTED]
627613c6-8a8e-498b-88d2-f5090fdeec9e,2026-04-18,1,,UPI section is not loading i complaint it about 5 to 6 time and many different days but It can't resolve help me 😔 that was not expected from grow.,android,[REDACTED]
6c3e61b5-553b-4da1-a398-f9917dffedc5,2026-04-18,5,,It's too easy and trusted,android,[REDACTED]
70be338d-23fc-4df8-98e1-19485f1c6171,2026-04-18,5,,I am very happy with groww,android,[REDACTED]
7a3b0840-0464-4d90-ac23-4b383580ced3,2026-04-18,1,,"Don't install this app totally frustrating, once they received your money, don't take back easily, no customer support services, please don't spoil your time and mony.. 🙏",android,[REDACTED]
7be44928-6333-46a1-9d59-90c361ebd2bb,2026-04-18,5,,very useful in this app,android,[REDACTED]
8101c143-bece-424c-aeb1-07f411cdd5fc,2026-04-18,1,,"The NAV assigned and the actual NAV is not matching and the support system is pathetic. no response from calls, chats too.",android,[REDACTED]
afe63998-ffed-41b9-9c8b-29bbf57a1143,2026-04-18,5,,easy method for market analysis and trading,android,[REDACTED]
bcf8929e-edbc-476f-a442-3f578eba950d,2026-04-18,1,,A very bad experience chart error happened very often if you are doing chart analysis in nifty50 before 8-dec-25 you can't see charts before 4 Hour time very bad and some time if you shuffle in TF to analysis sometime in one timeframe that specific day's total candle will venice so very very very bad experience 0 Star and I will uninstall this app on Monday and shift to Dhan sold all my shares on this platform just because this error thing,android,[REDACTED]
c50fcb67-c94b-4e3e-9a29-09e2d2614edc,2026-04-18,4,,"So far the experience has been good. However, you guys don't update data regularly. eg. Recently I received a mail from ICICI fundhouse that the expense ratio of ICICI Large cap has increased from 0.69% to 0.72% but in your app the rate is 0.87%. This is a huge problem as we normally check these parameters before making any investments. There are many other lapses like this. You should focus on fixing these issues.",android,[REDACTED]
c85b4ecb-2968-496f-b2a4-39cd8f0fef52,2026-04-18,5,,very good investment app,android,[REDACTED]
d06a2ef6-b8cf-4889-a8b4-51302292510f,2026-04-18,1,,grow hade not returned my money that I withdraw from it,android,[REDACTED]
d0b184fe-b15c-4111-b41e-17c4f3795dd4,2026-04-18,1,,very poor customer service,android,[REDACTED]
d73c3355-433d-43fe-a730-fb02fdffeb77,2026-04-18,3,,"Everything is fine, but MTF brokerage charges are very high.",android,[REDACTED]
def01260-1f00-45e1-b5e5-15e11013d3c9,2026-04-18,5,,nice and easy to manage,android,[REDACTED]
e3e420a5-10f5-42a0-9237-0ffce037c109,2026-04-18,5,,it's amazing Application for beginners,android,[REDACTED]
e49cc6cb-4602-40a9-ac88-152bca002bc9,2026-04-18,4,,option trading main stop loss and target ka option de de to achcha hoga,android,[REDACTED]
e5d6089f-87ae-476d-a1ca-6390a7b02a45,2026-04-18,5,,super easy app to use,android,[REDACTED]
e74c8dbc-bc69-4523-91a6-0482cbeb898b,2026-04-18,5,,superb quality and quality ok,android,[REDACTED]
e8b7f1e4-1a67-4594-823f-36ad3da6557d,2026-04-18,5,,use interface acha he par brokrage jyada hai,android,[REDACTED]
e90535e3-6f97-4ecf-b16b-4b59123d9a7e,2026-04-18,5,,"I've been using this application for the past three years, and it's very easy to learn and use. My overall experience has been excellent. Thanks to the Groww team. 🙂",android,[REDACTED]
e98ed748-b5b3-4390-ac6c-c13571ec316f,2026-04-18,3,,brokerage charges are so high,android,[REDACTED]
ecc11042-2a9a-4c17-a4bd-d7e82db330af,2026-04-18,5,,"Some days, we like to come here just to remind you to straighten your back, stay hydrated, read the disclaimers, and update your Groww app. These regular updates help keep the bugs away and thus enhance your investing journey.",android,[REDACTED]
fa90cddb-d2ac-4192-ae56-7387cbfa0011,2026-04-18,3,,Intraday charges can be ₹10 per order and Delivery charges can be zero. Many platforms offer the same charges.,android,[REDACTED]
02f19453-9acf-4016-858d-54dec6be335f,2026-04-17,5,,great experience 😃... Groww mobile app pr SWP ka option kab tak aayega ??,android,[REDACTED]
0e427997-aa93-4177-a6f7-73cd06fbd717,2026-04-17,5,,very nice app usefull app,android,[REDACTED]
1137ead1-d8a4-4d25-bc94-8c7992b18857,2026-04-17,5,,good app and trusted,android,[REDACTED]
1590c415-43e4-4ff4-8910-f9d131241f86,2026-04-17,1,,not satisfied with this update,android,[REDACTED]
192e4f88-3dd8-4004-ae26-b409e23209be,2026-04-17,5,,great and Friendly Application.,android,[REDACTED]
1c70c176-ccd4-434b-9e29-711dce2db8dc,2026-04-17,3,,Trailing Stop Loss is not Available,android,[REDACTED]
1faad6f5-a990-4605-a97b-4540e3d167e7,2026-04-17,5,,"Groww is a simple, user-friendly app that’s great for beginners starting their investment journey.",android,[REDACTED]
351cb86a-79e7-4e66-b36d-ce6d26ec95be,2026-04-17,1,,"Groww app is not suitable for a trader, this is only for investment purpose. So many glitches, execution problem. You may faces big loss for this and they just assured you by a 'sorry'",android,[REDACTED]
35a2e72c-4eb8-4317-aad3-874809a406ea,2026-04-17,1,,Earlier it worked very fine but now it seems as it has been well designed so that there's only loss of money inspite of the market being high or low. Not reliable or transparent.,android,[REDACTED]
377d54da-1223-4154-8cac-c9ea3ae93ac2,2026-04-17,5,,good app for investment,android,[REDACTED]
38d7a67d-6fc7-4099-b9a0-ff1fecd38f0a,2026-04-17,2,,not live showing why ? i have to open it repeatedly.,android,[REDACTED]
4124a784-a104-477b-8fbf-bf9ed006ef3a,2026-04-17,1,,useless over hyped 😪,android,[REDACTED]
46256678-cb88-4afa-b20b-a31c39cc9e90,2026-04-17,5,,good aps fast update,android,[REDACTED]
5057a81e-f513-4f97-b1a0-338a8a044dd6,2026-04-17,3,,every time I required to update,android,[REDACTED]
53dc0d46-ae1a-41c2-ad94-096fa22fd2ac,2026-04-17,1,,no need to add fractions in sl and tgt in position tool😡😡😡... from I'll be no longer groww user😏😏😏,android,[REDACTED]
64edf278-d9a8-45c3-ad94-58f6352d4504,2026-04-17,5,,groww side no any technical support,android,[REDACTED]
654dabfc-6474-4b3e-9ae3-c73669267a07,2026-04-17,5,,good organised App without any issues,android,[REDACTED]
66cfa349-b327-4d8e-a688-7a0b2f3d4d39,2026-04-17,3,,one of the best user interface in all brokers,android,[REDACTED]
706e64a9-02be-4291-8022-ef16ef7e678e,2026-04-17,1,,"very bad app , which not trust worthy at all, in f&o it's all gambling and not genuine at all, you can see it very clearly in commodity tradess, one star is because of its speed, not for its trust full services, don't go for f&o in groww, go for other brokers",android,[REDACTED]
758d4e33-244e-4ff0-8926-7a6063ad5dbc,2026-04-17,5,,very useful for the share market.,android,[REDACTED]
81484c49-6c39-456a-a26b-7f835210af43,2026-04-17,4,,very carefully good working,android,[REDACTED]
81aa9e7b-0b9b-45d7-8e2d-4f793bfecf1e,2026-04-17,1,,this gu app is charging extra money in the name of groww charges on buying or selling of stocks and the worst thing is that.. they Even don't follow SEBI rules and hold money for extra time and can be withdrawal able after 10am of next to next days if there is a holiday they gonna hold money for more time,android,[REDACTED]
834e417b-8c67-46bf-aae4-6d208dd23342,2026-04-17,5,,toomuch looty brokarage sad plateform,android,[REDACTED]
85c5734e-d02c-4fd5-8d3c-10ca0d7cd352,2026-04-17,4,,on Star less because it's take some hidden charges for using application,android,[REDACTED]
88b2f0db-4e91-40ba-89fe-df84006871e7,2026-04-17,5,,"one of the best, all the features are excellent.. only feedback is in the Option basket the strike from different weeks is not featured, it's allowing only same week. no other points .. the best.. Edit 17/04/26 after so many years of trading now I am growing 💗 very happy. Thank you team..",android,[REDACTED]
93d0f932-0ea1-4ef2-a948-8a9d34bd23bf,2026-04-17,1,,Hi Everyone Please Don't use the Groww Platform Instead of using Groww prefer someother good broker as in the market we have many options.The thing is I placed a Stoploss order while inwas in trade my SL on 24250 call was 174 rs in the same candle at 1:24 Pm sell order executed but my Stoploss price was 174 triggered candle which never came at the time to 174.50 also... Don't use a Groww many times face a technical issues highly not recommended this broker,android,[REDACTED]
9cb1be97-4ace-4a57-aa43-237e760a216b,2026-04-17,5,,useful for middle class,android,[REDACTED]
9cd7df05-e891-4846-b9d2-d16f263e2c36,2026-04-17,5,,this app is better now,android,[REDACTED]
9f3f957e-f2a3-4617-9c84-b08dc3c1f3c1,2026-04-17,5,,my order successful now,android,[REDACTED]
abfb6828-edbf-45a0-9706-1d1ab954f8ed,2026-04-17,5,,"UI is great , simple handling and fast .",android,[REDACTED]
acf597e3-f44a-448b-8484-fc7e89dd5613,2026-04-17,5,,it is very easy to understand for beginners and the charges are low compared to other brokers,android,[REDACTED]
b1a1769f-817d-4679-bff0-430bb4e4d388,2026-04-17,5,,If possible to guide unknown customer for about ongoing profitable and loss mutual funds. How to invest in profitable mutual funds and gain knowledge about stocks and mutual fund?,android,[REDACTED]
b710fad9-c26a-40d4-bdfd-fe9562e9e9bf,2026-04-17,5,,"My gmail id and mobile number are linked to my Groww demat account. I don't have them yet, so I want to update them. Please help.",android,[REDACTED]
b8e25884-ded5-4219-b659-45b5d9f6123d,2026-04-17,1,,they stole Rs 4 to 5 Or for a large transaction nearly Rs100 every time some one complaint about grow in cyber crime,android,[REDACTED]
bec8283b-80a1-4b6d-877f-024305dd7acd,2026-04-17,1,,brokarage amount High and Chart and indicator not updated like Dhan,android,[REDACTED]
c9bc8c65-e462-4610-b690-cd50b6d522b3,2026-04-17,5,,very easy very helpful ☺️,android,[REDACTED]
ccbd2784-4182-4880-893f-003503dccd91,2026-04-17,5,,best app I used till now,android,[REDACTED]
d8c9b85a-4b12-415d-9b52-3ab4fab1cdb3,2026-04-17,5,,easy to use . best experience 😉.,android,[REDACTED]
db261cf1-e757-44da-8dbf-f99ba807a2a5,2026-04-17,1,,i did not like the interface and system after the latest update.. previous system was better to handle this app...,android,[REDACTED]
eb523ac8-7c2f-4591-9674-5a7bcf2b039a,2026-04-17,5,,nice app and very helpful 👍🏻 to see tecnical analysis and. buy or sell,android,[REDACTED]
f2a4bd02-42a1-4168-aa22-72b3ee3df9c4,2026-04-17,1,,"Almost everyone think groww charges less brokerage,but guess what, it charges the highest brokerage - 0.2% of the whole transaction for MTF with no capping, so if suppose you have 1 lac ₹ and you get ×4 times MTF = 4 lac₹ equity trade , now if you exit in no profit no loss situation you exit for a price of 4 lac ₹ ,so they charge you for 8 lac₹ ( 4 exit 4 entry) =0.002×800000= 1600 Rs for a single trade and you were also paying interest of 14.95% pa of the complete amount. Crux- YOU LOOSE 2-3%",android,[REDACTED]
f5b71de3-23bf-49c5-9912-c4703e27e0fd,2026-04-17,1,,mader hot app sa bahut charge lagta ha sa la instell karo sab log 1200 sa shida 800 siref charges sa mare profit vi tha scam ho raha ha hera sat,android,[REDACTED]
f5f3c8b9-a244-4172-aba7-b6f27d1efda6,2026-04-17,5,,Best .. But Can Change हिंदी Language.,android,[REDACTED]
fca7c23f-1af0-4d4a-89d3-146802ed36e9,2026-04-17,4,,good app easy to use. but need to add more option in filters of stock,android,[REDACTED]
fd3baf5d-7cb8-4611-bd01-dc72cd4e1be7,2026-04-17,5,,very easy to use......,android,[REDACTED]
0c725bd7-918f-4c83-ab7f-d0127a733f99,2026-04-16,5,,these app good for fund and stock,android,[REDACTED]
12ab836b-3d99-4be3-a4b2-a4819e11c1d1,2026-04-16,4,,"Nice simple interface for beginners. Has explanation for new technical terms too. FEEDBACK: can add live data for 1yr 3yr, 5yr rolling returns, alpha, sharpe & sortino in the details for each fund. kind of helps in getting a better picture",android,[REDACTED]
13325c37-e94b-4b0c-b6e1-fc7d4f1dd5e6,2026-04-16,1,,stucks when needed most,android,[REDACTED]
18b83683-266d-4ae3-9c65-7c26e5ec2e32,2026-04-16,5,,very good app for trading,android,[REDACTED]
19c9749f-0b19-40ec-9113-8ca5684bd92d,2026-04-16,1,,"It's a very difficult app for an option trader while the limit orders execute in the market & GTT orders will execute far from the limit we set. SL is also the same, if we keep 10 points as SL it goes nearly 13 to 14 points & hits the SL. while coming to targets if we keep 20 points it will hit nearly 16 to 18 points. And the app does not provide any bracket orders, we can't set our targets & SL before the order activates, we only set the SL & Targets once the order activates.",android,[REDACTED]
1f8d54b9-b002-4a26-a5b4-5342b157de4d,2026-04-16,5,,good experience and easily usefull,android,[REDACTED]
20273946-faa8-4ba8-b921-3315ee342781,2026-04-16,5,,groww app is good 💯 % crystal,android,[REDACTED]
32b144a4-4c19-46f5-ac0e-a09fa733a95a,2026-04-16,5,,sure friendly. but need improvement,android,[REDACTED]
348b9f9a-d71b-4f04-bd66-2ebb2057e6b1,2026-04-16,1,,worst app... too many hidden charges,android,[REDACTED]
38b7a9fc-0bbf-473b-b686-5b96b5ffde9b,2026-04-16,5,,this app is good for beginners and also experienced people can trade in this app.,android,[REDACTED]
3a8040e5-025b-4280-80c5-5eab3048c0b9,2026-04-16,5,,much better than other aap.,android,[REDACTED]
3a8543e7-622d-447a-95c5-8c1b935e7acb,2026-04-16,1,,"im sorry to say but this is not an okay app for beginners, not at all! please hear me out i had no idea about the other charges , i added 1470 rupees in my account later on facing market downfall to prevent greater loss , i took it out at the lowest loss as possible and which was around 30 rs and later on when i went to withdraw my money back to my account i gor 1190 rupees back :) ... ima get alotta scolding from my mom",android,[REDACTED]
3b58fa2c-bd7f-4679-8574-f83fb964d765,2026-04-16,5,,it's very nice aap for trading,android,[REDACTED]
474089bb-ea5a-4fa6-a426-ae5f16944a11,2026-04-16,5,,"persent time is very good, but future diside hardworking",android,[REDACTED]
4a357045-3ce8-45bf-ac4d-b38708694df4,2026-04-16,1,,financial year 26-27 kb aayegi app pr,android,[REDACTED]
4ec23af8-6131-4250-8ced-d5aec640494a,2026-04-16,5,,Grow is a very good company. Always cooperative. Giving prompt reply to everyone.,android,[REDACTED]
4f3ebd72-92d8-45c6-8807-0aac21b4fda3,2026-04-16,5,,this is the best app for trading,android,[REDACTED]
51011391-a4a7-4c22-97b1-107d46a03f57,2026-04-16,5,,this is a great app of investment 😄😄,android,[REDACTED]
55896654-235c-4ee7-966e-0d8a983e1eee,2026-04-16,5,,"Superb smooth UI, Very easy to sell and buy. I have switched from coin and hdfc",android,[REDACTED]
58e4a12f-74dc-43c7-9907-167a64beba62,2026-04-16,1,,"Using it for just a day & I realised it as Third class discount broker services!! Very poor! A lot of hidden charges while Equity Buy & sell that do not show during transactions but later deducted. Around ₹20 DP charges + Brokerage extra while Selling (While Zerodha only charges fixed ₹15.34 DP charges, no other charges). You can't withdraw funds after selling. You've to wait a day to withdraw funds (while Zerodha, instant credit after sell & instant withdrawal)",android,[REDACTED]
5d526c95-1fbc-4af6-bfe8-12e2deb649a4,2026-04-16,1,,bought a few funds than kyc goes nill? not letting me buy sip,android,[REDACTED]
8195a9f9-754a-4526-b7f9-e3babf3a0673,2026-04-16,5,,very bad app I hate this app ek gatiya app hai but 5 star de hi deta hun,android,[REDACTED]
81a7686d-d946-4965-b76c-56cef1b646db,2026-04-16,4,,charges is very high,android,[REDACTED]
92d82c21-16e4-4410-93f2-f34d474f1780,2026-04-16,1,,Best option for money saving.,android,[REDACTED]
937ac002-0581-497a-9ab4-d5e2d4533913,2026-04-16,1,,"very high charges from grow it s worst experince from grow ,also there is no way to check iv ,in the live market ,please don t go with grow you take every time loss .",android,[REDACTED]
9798a76d-4e61-48be-b630-9b5f88fafc33,2026-04-16,1,,"Warning: Think twice before using Groww for Active Trading! 🛑 ​​""Don't use Groww for active trading or options. It's okay for long-term investment or just monitoring stocks, but for execution, it is very unreliable. The app lags almost 100% of the time during live trades, and the data is often inaccurate. Using it for trading is a sure way to lose your money due to technical errors. Stay safe and choose a better platform for trading.""I have personally suffered a loss of over ₹10+ Lakhs..",android,[REDACTED]
9b63ec76-4a37-4b85-a44e-a42793761e21,2026-04-16,1,,Worst trading app ever. Charges are more than the selling price.,android,[REDACTED]
9d7a67e4-9e8f-4ca7-8377-4e8bc1a8b9f6,2026-04-16,5,,quick response and timely account transparency,android,[REDACTED]
9f689371-3370-4644-9b9f-3500a43a5d50,2026-04-16,5,,Best app for Trading and sip,android,[REDACTED]
a49e19b1-3dd9-4c8d-9468-dd0b87794c21,2026-04-16,5,,nice app for investment in stick and mutual funds. easy to use,android,[REDACTED]
a845afc4-a4d2-465c-b8f6-4f0e2200cc1e,2026-04-16,5,,Onboarding was fast and segment activation was quick. Would be nice to have an option to adjust the font type and size. Trades were executed quickly.,android,[REDACTED]
a84c46ec-0642-4adb-8d52-b9ed2f5cab42,2026-04-16,5,,easy to use this app and beginner friendly too.,android,[REDACTED]
a936fdf6-f477-4810-b2fe-44a9ad87c61e,2026-04-16,2,,brokerage fee is too much,android,[REDACTED]
a9b02a7f-09c4-4093-b84e-96667f4a328e,2026-04-16,5,,very easy to use. I am loving it. MF investment manages fluently,android,[REDACTED]
ab603ac8-0c0a-412d-9e03-fd8e72fbce20,2026-04-16,5,,the best platform Shere market,android,[REDACTED]
b1718d69-8580-4298-b659-0c715396311e,2026-04-16,1,,very very disturbing ad procedure,android,[REDACTED]
b330b68e-b45b-4503-88e9-69e43641dc7c,2026-04-16,5,,Great platform for trading,android,[REDACTED]
b46dc909-3372-4dda-a251-e6849267ff5c,2026-04-16,5,,my life depends on you groww.........all savings invested with you 💗❤️....,android,[REDACTED]
b6a8f330-efb8-453d-a368-c50eb0f2e05b,2026-04-16,5,,very simple interface too good,android,[REDACTED]
b96e8435-8c08-487f-9a46-3b7314f0fca0,2026-04-16,5,,love Groww.. with the help of groww i understand how the market works 00.0001%.. without it 0%...,android,[REDACTED]
b9cc65aa-0f84-4120-8c72-0ffd20f43191,2026-04-16,5,,Nice Platform for all investment,android,[REDACTED]
ba33ea3e-c750-41ee-ba94-4c3d438abcf6,2026-04-16,1,,new update is worst I don't like this i request I to bring the old version thank you,android,[REDACTED]
c186cdd8-946a-4a9d-9ec1-0e5891f12121,2026-04-16,5,,I was a beginner but groww helped me understand many things.,android,[REDACTED]
c37a62b6-4a2b-423c-b14d-1800ad568c2f,2026-04-16,5,,nice 👍 please additional daily Sip liquid fund,android,[REDACTED]
c4038126-7ffe-48f8-a3bd-4c9d3099f346,2026-04-16,5,,good app for beginners as well as for experienced traders.,android,[REDACTED]
d6a50375-f9c6-4625-a766-8ce1cb680477,2026-04-16,1,,"if you are using mtf for margins then this is the worst app,,,groww is charging flat 0.1% brokerage on whole traded amount,,,,except groww every trading app has a upper cap limit of 20 per trade",android,[REDACTED]
d7897911-40a9-45af-bfdb-70eb6918c10a,2026-04-16,5,,it's good for Intraday trending...,android,[REDACTED]
d8b9a223-a522-4a39-9b47-5f83b6e204f6,2026-04-16,5,,Groww is super broker app,android,[REDACTED]
df4072a4-79b2-4654-a5e9-b60e56949590,2026-04-16,5,,Please add etf's tab in products and tools and tell me about two different market caps in stock like in screener market cap different in opening the stock from screener market cap why it is my sort and filter option work from last 2 days.,android,[REDACTED]
dfcf81eb-a730-42bd-a62f-326185c61e99,2026-04-16,5,,Best broker for for easy interface and smooth experience,android,[REDACTED]
e1e027d4-afcc-470c-b892-a3fd3b5fae53,2026-04-16,5,,good app easy to goooooo,android,[REDACTED]
e358ea6c-2828-4b61-9974-a52ff2c839e3,2026-04-16,5,,this app good no iam invest amount but more amount cutting,android,[REDACTED]
e47721a5-bce2-4612-9e95-e33b46d8d401,2026-04-16,1,,I can't place GTT sell order anymore and the app is forcing me to enable DDPI for placing trigger sell orders,android,[REDACTED]
eafbb8c2-c255-4cf3-b697-80a55dcdaf7f,2026-04-16,5,,Best app based platform.,android,[REDACTED]
f07f63f5-31ab-4efb-a180-846e0d021277,2026-04-16,5,,"easy to use, minimal charges",android,[REDACTED]
f4dd0be0-4f2c-4777-9307-76323846b464,2026-04-16,3,,"Unable to track external Stock Portfolios of Zerodha, Mstock, ICICI Direct in the App. On trying to track it always showing as in Progress for the last several week's. I have uninstalled the app and cleared the cache. I suppose there is some Glitch kindly do the needful at the earliest.",android,[REDACTED]
fa671132-353e-4aae-addf-6b282bda04d8,2026-04-16,5,,wonder full Good Very happy,android,[REDACTED]
fe31776e-b6d9-45dd-bacd-cf959c9a1fbb,2026-04-16,5,,very well maintained software performance and stability of money determination extremely happy me,android,[REDACTED]
0371bc76-6c4e-483d-abf1-f8e9ce4eb932,2026-04-15,2,,"more tool like year wise returns, rolling returns,filter using AUM size and a lot more features is missing in mutual fund section.",android,[REDACTED]
076c2baa-3b0c-4fec-b033-76f84b531749,2026-04-15,3,,the withdrawed money does not get credited instantly like other trading apps,android,[REDACTED]
07db6c6e-1c76-451c-ab26-b1decd257f36,2026-04-15,5,,"Suggestion- When Convert MTF position to Delivery, Required amount should exclude cash amount which is Blocked for MTF loss.",android,[REDACTED]
088573d7-0f5f-4fe7-b7ec-09db15e18b8f,2026-04-15,4,,"good app for exploring stocks, but only 10 watchlist option. other broker give more than 10 watchlist create option. if groww provide 20 to 30 watchlist create option than i usee only groww because groww interface is simple and easy to understand.",android,[REDACTED]
124ff12b-0fa4-4933-ad94-f04446793447,2026-04-15,5,,Nice App for Instant Deposit and Withdrawal. Thanks to Groww And Staff.,android,[REDACTED]
181c0854-f687-4b48-ad53-e6ad0b2f15d5,2026-04-15,1,,very bad 👎 very high brokerage charges 😡😡😡,android,[REDACTED]
224c226e-27e7-43e7-af6a-f7202901c83f,2026-04-15,5,,Reliable platform overall. Been using it regularly without major issues. A higher watchlist limit would be a nice addition.,android,[REDACTED]
225b5d51-6b17-476a-9c61-ac2f2668970a,2026-04-15,5,,very best app in the world . I am very happy today because i am secure 5000 in growww,android,[REDACTED]
28b88ed6-879e-4749-9dab-8b0b0f37afcb,2026-04-15,5,,"• Best for Beginners: ""Trading ke liye sabse simple aur clean interface."" • Smooth Experience: ""Stock aur Mutual Funds ke liye ek dum badhiya app.""",android,[REDACTED]
2b3f0637-ac5e-4e8b-aec4-e31e62e2b6fc,2026-04-15,5,,The interface is so good and easy to place orders .,android,[REDACTED]
3cb985b3-a92a-4c08-b62d-89c3636a943e,2026-04-15,5,,Best App for mutual fund investment essay interfaces any time call customer service,android,[REDACTED]
3e8b2c29-06a7-4cf4-957b-61b76c347077,2026-04-15,1,,Please update on Trailing loss option. because this feature is usefull one of every one.even when we make profit and inch by inch lock the profit must. so do it now,android,[REDACTED]
3f497e1c-8276-4cb5-b135-d858c9a48158,2026-04-15,5,,verry mach thank you,android,[REDACTED]
43d28ba8-c92a-4282-a2be-0319fae589f7,2026-04-15,5,,this app easy to operate.,android,[REDACTED]
4408ade3-a057-4950-a16e-afa7af7ac0a5,2026-04-15,1,,"A very very bad application doesn't execute orders timely,and hanging in between trading causes loss",android,[REDACTED]
45c8f9ca-e41a-4e98-b448-111f3f5577db,2026-04-15,4,,"The app is good.But please provide a different section for ETF's where a investor can see the percentage of money invested in a single company like MF. So,we can diversify our portfolio.",android,[REDACTED]
5825f9c8-bb4c-498f-918a-44040496720b,2026-04-15,5,,easy for everything 👌 very good app no amc bindas use karo,android,[REDACTED]
5a37fa80-9646-4da2-ace5-833bd3460acb,2026-04-15,4,,"Groww is a great platform, but it lacks an important security feature. Please implement TOTP-based Two-Factor Authentication (2FA) for login and transactions. OTP-only security is not sufficient today. Adding authenticator-based 2FA will significantly improve user safety and trust. Kindly prioritize this feature.",android,[REDACTED]
5e579ceb-bc00-4f83-875c-64f2c9da4c28,2026-04-15,5,,"very good app , easy to use like simple interface and very good",android,[REDACTED]
6cce9a85-da38-4712-af57-0fc5d0e7421b,2026-04-15,1,,"Unable to activate my account, when doing esign using aadhar error page is coming and unable to proceed further.",android,[REDACTED]
742c8b53-556d-4972-a806-836410b793fc,2026-04-15,1,,"cheap broker , high brokerage please never make acount in this broker , low server",android,[REDACTED]
755509a6-bef0-4dee-b884-c004cb02b0fb,2026-04-15,5,,There is a very market friendly app,android,[REDACTED]
78dc38b5-c881-4b43-8926-97e221d99162,2026-04-15,4,,"Best in the segment. No in-app ads is the best feature. Clean UI and theme, never failed, hanged or crashed on me.",android,[REDACTED]
91df99a1-7f85-40c5-93d7-e3a4896f1062,2026-04-15,5,,very good app hustle free investing with groww,android,[REDACTED]
9545428b-13a2-4334-a9e7-b4ed311dfee3,2026-04-15,1,,very slow chart moving and stoploss not hit perfectly ..,android,[REDACTED]
98bcaca2-e75b-47ec-872a-54e539d81192,2026-04-15,1,,any new beginner not download grow too much brokerage,android,[REDACTED]
9b41a555-d846-477d-9c04-57fa2b7cf5d4,2026-04-15,4,,it's very good experience! I like it,android,[REDACTED]
9b4dbb30-f14b-49a6-a20e-68c78912f289,2026-04-15,5,,Easy to operate. Hassel free app.,android,[REDACTED]
9d79a3a0-bd69-4afa-a3b7-3e301258dfb6,2026-04-15,5,,Best trading platform,android,[REDACTED]
a61c54bb-fce2-4f5d-a44c-4a3e571f16b2,2026-04-15,5,,"Grow is very good but i request the developers to add charts syncing features , phone and pc chats should sync also add features to save templates",android,[REDACTED]
a8dbfed5-174c-4612-8248-d1b56f473aa6,2026-04-15,5,,“I had an excellent experience.”,android,[REDACTED]
af1f8cc6-2581-461f-bb50-b05f2cf4f72b,2026-04-15,5,,"Groww app is like that chill friend who makes investing look too easy—clean UI, zero confusion, and perfect for beginners stepping into stocks or mutual funds. The vibe is smooth: quick account setup, simple buying process, and all investments in one place, which is why millions of Indians love it. It’s legit too—SEBI-registered and secure with proper encryption, so your money isn’t just floating around randomly �. But here’s the real talk—while Groww is great for long-term investors, it kinda",android,[REDACTED]
b06a296f-bf89-49ae-b846-7671a330ecc5,2026-04-15,5,,nice facility. fast work,android,[REDACTED]
b3c39409-8731-4553-a8d5-9f237d6ffc07,2026-04-15,4,,good app for trading,android,[REDACTED]
b4b60869-8089-48c0-9717-89de898b9cca,2026-04-15,5,,March 2022 user 🥰 Top broker application groww 🥰😍 march 2026 I hate brokerage at this time from you groww 🤬,android,[REDACTED]
ba4e9f1b-6769-4d69-a4b0-fe9972be31bd,2026-04-15,4,,easy to use and trade fees should redure,android,[REDACTED]
ba80f2f7-da94-48c9-a49f-3169983514e7,2026-04-15,5,,Good platform with Less transaction charges... Easy to use - User Friendly App... good 👍🏻👍🏻👍🏻😊😊😊,android,[REDACTED]
c232a41f-734d-4823-b6a9-220731353c5e,2026-04-15,5,,this platform is very useful,android,[REDACTED]
c7757f29-ced3-4ffa-bfc7-f64c0d3bba08,2026-04-15,5,,easy for using. ....,android,[REDACTED]
ca33ff72-f30a-46c6-b7d6-6841981f768c,2026-04-15,5,,"so very easy, very easy interface. 5/5 star rating.",android,[REDACTED]
cfa33665-c3f9-499a-8c08-e2144d8c0ac5,2026-04-15,5,,One of the best app to buy and sell stocks,android,[REDACTED]
d0b09578-5146-4718-860d-22f5ac615114,2026-04-15,1,,after the first survey the language always changes from english to hindi/bengali which i dont know and its hard for me to answer,android,[REDACTED]
d9009671-131a-4af9-9ad8-74808d729c83,2026-04-15,5,,easy 2 use friendly app with nice experience,android,[REDACTED]
d961b5c2-bfa1-491d-9648-fd4173622055,2026-04-15,5,,best application for trading,android,[REDACTED]
dd27e152-9c84-454f-9009-224bb9f472c3,2026-04-15,1,,unable to install the app in my new phone. plz help Groww team.,android,[REDACTED]
df3bdd52-a062-4c70-ac27-bbdb95e889b3,2026-04-15,5,,achcha application hai,android,[REDACTED]
dfd453b0-b984-40a0-855a-efad0c5c844b,2026-04-15,4,,this is good and best app,android,[REDACTED]
dfefcea3-3eb3-467d-818d-0b97b064e3fa,2026-04-15,1,,why is it necessary to activate DDPI to modify my GTT orders.... cheap tactics for money,android,[REDACTED]
e3b3ee3b-57d0-4054-87c1-c218b17f893b,2026-04-15,5,,easy and fast withdrawals but there brokerage charges are a little bit high,android,[REDACTED]
ee0ce5a3-d9b3-4481-8473-7c33aa854220,2026-04-15,5,,"Nice App. I have been using this for 2 years but nowadays I am facing one problem and that is, ""scalper option"" keep missing. I have to keep uninstalling then re-installing the App to get the scalper option visible.",android,[REDACTED]
eeb93d5d-28a5-42b9-b322-6c70c9ee529c,2026-04-15,3,,"all is good but , please provide long short tools in scalping mode",android,[REDACTED]
f4b6895d-8418-4942-910f-3b7360d79b47,2026-04-15,5,,drawing in chart can't hide.. it's takes too much to hide. and the chart is hanged...,android,[REDACTED]
f926356a-0899-458b-91e9-ead9954e428a,2026-04-15,2,,"I didn't complete the verification and when I login again to complete the account set up, it is showing error, when I refresh the page it is still showing error.",android,[REDACTED]
f9f5579e-6d53-40af-810a-e0e1345f1bef,2026-04-15,5,,"good, very quick update of stocks",android,[REDACTED]
fbdaca4b-ca92-4b5c-bc36-650946081224,2026-04-15,4,,unable to buy the children's mutual fund like sbi children's investment funds. please advise what should I do????....,android,[REDACTED]
fcc416b9-a206-4311-949f-bc106b48fc71,2026-04-15,5,,"Yeah, It's a great app for beginners who want to learn or do investing. Recommended for Beginners.",android,[REDACTED]
fcfe3080-de6e-4560-a906-dc01cc202fd3,2026-04-15,1,,"Third class interface... not at all user friendly. Even when there is high speed internet available, the app doesn't work saying ""No internet"".",android,[REDACTED]
fec31109-520b-4e00-8396-f8969f0bc286,2026-04-15,1,,So many terms and conditions just fed up with the ad,android,[REDACTED]
0075f83c-706b-4d4f-8877-71ae8041a984,2026-04-14,1,,"showing wrong profits and fees, showing wrong trading transactions, fake app",android,[REDACTED]
00bf926d-1f9a-451c-b750-d66487448443,2026-04-14,5,,very good brocking application,android,[REDACTED]
0574221e-b104-4628-82e7-fe3feebcd54e,2026-04-14,2,,Do you guys even realize the top portion of app showing futures and options indices are truncated to half from one week...still I don't see any fix,android,[REDACTED]
0cdb1a0f-e3a2-4060-ab6f-ffa918591bd6,2026-04-14,5,,very good demate account but my central kyc is not completed,android,[REDACTED]
1435c0fb-9a74-4276-8966-c6597d761420,2026-04-14,4,,"Groww has to update features like Target and Trailing SL .These features are available on other platforms like dhan and zerodha kite . In Grow the Userinterface is very simple and easy to use ,but it lacks advanced features . Please update the advanced features.Thank you .",android,[REDACTED]
2d7b2483-1ade-4402-99e4-849eeb32dd1f,2026-04-14,5,,awesome app. i like it very much. soo easy to use and easy understanding and soo flexible with more options. i loved it. i rate 10/10. thanks to developers for creating this App. 👍👍,android,[REDACTED]
41488255-a7b7-4aca-bc72-3b04ca616a70,2026-04-14,1,,"kindly i request you to please make compatible for tablet also, because screen size ratio doesn't fit into tablet screen.",android,[REDACTED]
4280294a-b96e-4dd9-88d5-8fd4e45c0a9f,2026-04-14,5,,it's good for understand that you investment in stock market.,android,[REDACTED]
4d31d427-df2e-4a3f-a4d6-f315bdd47dfc,2026-04-14,5,,"to invest in MF I first download this app and stuck with it, never had second thoughts that I should try other app in the market. groww is really good and easy to use",android,[REDACTED]
511c89e8-19a9-4d9d-b4c9-f8c4843a8971,2026-04-14,5,,This app is very good.,android,[REDACTED]
5bf98d70-6b99-413b-8fe8-90f6de3c34b4,2026-04-14,4,,app is very good 👍 but f&O brokerage is very high,android,[REDACTED]
5fbe895c-7bf0-42e9-8b78-7d72dbc10f39,2026-04-14,4,,"Request to Groww team, kindly provide a option to save my indicator template.",android,[REDACTED]
641ea1b8-1e7e-4741-9928-4f068c0e9df2,2026-04-14,1,,very worst app . After settlement final price is changed. In my experience I book loss in future options position appz Rs 1450 in morning before 11 am. at night after settlement they deduct Rs 3829 . entry show 3829 loss for future options in transaction history. There customer support show as 24/7 but I try to connect then no one give response on call. There is no option to give Star ⭐ below 1 otherwise i will give him negative rating.,android,[REDACTED]
67843d50-f6fb-4894-8d04-cc0ee0a48cb7,2026-04-14,3,,useful application for investment,android,[REDACTED]
6bd08f19-8505-4c34-a139-bd738349f3c1,2026-04-14,3,,Add 2 hour time frame and hide phone's status bar in landscape orientation,android,[REDACTED]
71027a7f-e712-4184-99d7-a6340c81f3d6,2026-04-14,2,,"Hey, I don't see mutual funds that have the IDCW. Please help me check them",android,[REDACTED]
80db82f4-7b55-4d14-aa29-6238a90e631b,2026-04-14,1,,"very bad application,,too much brokrage charge,,,,,,,very bad experience",android,[REDACTED]
8646bcda-4ae9-48d4-a011-7d4bd3a8d237,2026-04-14,5,,Groww have stolen my 16k. I have redeem my mutual fund. when i redeem that time it shows 74k when i receive that time only 58k i received. groww has stolen my mutual fund balance.,android,[REDACTED]
8737a5bd-18ee-4bba-b9a4-dc59b2b67ad5,2026-04-14,1,,pathetic support team who don't know the correct information and rather after giving false information on email denies it,android,[REDACTED]
9bdf080e-10ef-4f70-830a-e79e0196101f,2026-04-14,5,,very good experience,android,[REDACTED]
9e7a9afc-b8dd-4918-956e-eced53930a32,2026-04-14,4,,Add the Trailing Stop loss feature too.,android,[REDACTED]
a81e9e79-6e40-46e2-94db-c950e86fcd6e,2026-04-14,5,,"Good , After long discussion I am become stock buyers.",android,[REDACTED]
aac3db7a-16b2-4492-aa4c-89d1d5f5f423,2026-04-14,5,,overall experience is very good.Especially new update 915 is very good.,android,[REDACTED]
ac7713dc-2baa-48c9-89c1-f96a4b1eea62,2026-04-14,1,,sector is not visible near to stock,android,[REDACTED]
af5cbd5f-e5f8-4fe2-8340-73179539f371,2026-04-14,5,,easy of doing investment,android,[REDACTED]
b01aca18-c9d0-41b7-90f7-d77576aef94f,2026-04-14,5,,abhi jo new version aya he usko thoda change karna chahiye...old version acha tha... option chain ek strike price buy karne se ek chota sa option market price me niche aa jati he... pehele jo tha strike price click karne se limit price&market dono aa jata tha...wo sahi tha,android,[REDACTED]
b21ee620-c5cf-47d1-bf88-1599416e95a4,2026-04-14,5,,"It's my life, not an application 💸🤘💪",android,[REDACTED]
c1b8a972-984a-498f-9343-efd768c1dedf,2026-04-14,5,,"user friendly app for investment. if you are a beginner or an experienced person, go for it.",android,[REDACTED]
c509f22f-f233-4932-b390-b410c4d7f174,2026-04-14,5,,money growth best opportunity,android,[REDACTED]
c9d25ce4-c1e1-4456-94b8-1fda00a4eb86,2026-04-14,5,,Very simple App for New & all type of Investors,android,[REDACTED]
ca7436da-51ce-4862-9908-8c073fe1a037,2026-04-14,5,,all time best and forever good i like this,android,[REDACTED]
d9125782-1434-408d-9a5d-deb95984cf87,2026-04-14,5,,"Excellent, simple way to understand market analysis.",android,[REDACTED]
da1c0db4-f6d3-4926-ad9b-1da83f22bcc4,2026-04-14,4,,Ui is very simple and smooth experience with lot's of new features. grow is growing up 😁,android,[REDACTED]
dc787111-fe7a-4555-9f73-4cb65b51d1c9,2026-04-14,5,,it's very good experience and i am using this app last 5 years and jast little bit imprisonment like add paper treding,android,[REDACTED]
ec332c5e-4ef4-4323-a805-da36d4f191e8,2026-04-14,5,,"I have been using the Groww app and my overall experience is excellent. The app has a very clean and simple interface, which makes investing easy for beginners. Buying and selling stocks, mutual funds, and ETFs is smooth and fast. It provides clear charts and useful data for better decision making. The app also offers good transparency with no hidden charges. Customer support is responsive and helpful whenever needed. I really like how it makes investing easy even for first-time users. Overall,",android,[REDACTED]
0305aa55-2ce1-4bc9-94d8-fddd0a5dfbc3,2026-04-13,5,,it's a fabulous app to invest our own money for new learners,android,[REDACTED]
058f47fe-f89a-487b-b07e-57748463a09c,2026-04-13,4,,"Rest everything is good, but it can be more comfortable if app will have option of currency trading & while using the app in any segment & closing in the same , after starting next time app will start from home page or segment lock . so that no one can see the portfolio status....",android,[REDACTED]
06c9d176-aa36-47c2-963e-b927331638f0,2026-04-13,3,,Your Returns Calculator for Mid150 Index fund is showing wrong calculation. While it is showing +40% in ETF in 3 years It is showing only +9% in all Mid150 Index mutual funds For SIP,android,[REDACTED]
0b2782f7-fa02-47a2-9360-d6b18c01fd10,2026-04-13,5,,simplified investment,android,[REDACTED]
0fe982a0-3f89-4096-a612-01e84a9d43a5,2026-04-13,1,,WROST APPLICATION YOUR MONEY WILL BE LOCK 5 DAYS YOU CAN'T WITHDRAW ALSO YOU HAVE BEEN CHARGED WRONG BROKRAGE WITH OTHER TAXES,android,[REDACTED]
10b29166-3d7e-4970-b6db-c0f6ac1f8f81,2026-04-13,5,,"As of now the app is doing very well and keeps on updating with new features. Also, Can you provide a 'Notes' option in the app where we can store key notes in the app itself, once login to the application first we should get redirected to the Notes section which reminds 'what we planned earlier and what to plan for the future'. Please take this consideration, it will be very good for the users to maintain short notes in the app itself.",android,[REDACTED]
1dbdafe7-18b5-4082-9840-f9bdc55bdb69,2026-04-13,5,,I m new to this app but still it's easy to use,android,[REDACTED]
26da3f5d-52c0-4e0f-813a-ef10657f2a01,2026-04-13,5,,It is soo best app for stock market I like like this app soo much you can install this app surely without any fear..,android,[REDACTED]
2b90b69b-ead1-41dd-b62b-bd319c4267a5,2026-04-13,1,,grow platform cheat their coustomer please close yours demate trading account.,android,[REDACTED]
35ee4ac1-d977-450f-aa2d-8059fcd92a34,2026-04-13,1,,groww new update of chart not good than I switch to zerodha,android,[REDACTED]
362cfd09-389a-4990-b858-514901184363,2026-04-13,5,,pls reduce brokerage,android,[REDACTED]
46f47ea6-66b5-4392-bb06-a92b7709bd3e,2026-04-13,4,,great 👌 😊 application,android,[REDACTED]
4e5260e9-0c7d-4514-92cd-162866b750cb,2026-04-13,5,,great full app for investing,android,[REDACTED]
5277941d-e431-40ff-809a-35baa5af97a1,2026-04-13,4,,The technical section is really so helpful. Thanks for adding such details to the technical part of each stock. Just one improvement if you can add a news section in the home screen or news notification will be helpful.,android,[REDACTED]
593f4f16-cd83-4d2c-b6d4-143865332d8d,2026-04-13,5,,very good app 👌 stock & sip .😁😁,android,[REDACTED]
65ec0c53-4e63-4119-a896-3dfb068ca5d5,2026-04-13,5,,good nd easy to operate,android,[REDACTED]
682cfc1b-59b1-48eb-b50f-1325559786ee,2026-04-13,5,,Grow is very nice platform for various Investment options. it's also very easy to manage portfolio at one place...,android,[REDACTED]
715851e3-c6a6-4146-a65c-6bdab102f5bf,2026-04-13,1,,very poor support.. tried to sign up with correct details. Made several Attempts but failed to sign up. worst experience,android,[REDACTED]
7b5dafe0-5630-421e-ad4b-fde36eeb27bf,2026-04-13,3,,give an ipad view plz.it looks so bad in ipad,android,[REDACTED]
7d8a7adc-e30e-46ff-b37a-159f357a0d0d,2026-04-13,2,,New update is not fine as we click it on Option chain it directly confirms the order execution.,android,[REDACTED]
7e71d852-a2db-4c14-83a5-b3197d34a0fe,2026-04-13,3,,whatever you are sending me marketing emails about how market is going up its not so please people are not stupid.,android,[REDACTED]
81472565-cfc6-4208-8c20-75519074137f,2026-04-13,5,,"Good features,Tracking my portfolio is very easy, and there are no hidden charges. It feels very secure and reliable. If you're looking to start your investment journey, this is the app to go for..!",android,[REDACTED]
87d113d7-cafe-4ba8-9019-ec2f8e71e15a,2026-04-13,5,,in one word to say .. Excellent and user interface 🫶,android,[REDACTED]
8c46afb2-7062-41a4-9543-63dfc13791f8,2026-04-13,5,,this is the worst app i think,android,[REDACTED]
9243055d-0ccf-4792-a2d4-8884a484fff7,2026-04-13,4,,Bring feature of minor demat account,android,[REDACTED]
984e54b7-e4a4-4ae1-9748-9c8dfffb9ba1,2026-04-13,5,,very nice performance 💯,android,[REDACTED]
9f5e5d6d-dd4d-4789-b1c5-af797b9faa27,2026-04-13,1,,"very bad application Neither do they provide service nor do we receive any calls from them, their customer support is also not good.",android,[REDACTED]
9ffb1c0e-516d-4266-8830-cccb6df1a2fa,2026-04-13,1,,had a third class experience while trading options and found out the worst ever customer care service company also. thank you so much f you groww.,android,[REDACTED]
a1c34e74-7ecf-4e9d-a6d0-268a60e7dd8e,2026-04-13,2,,charges are very High,android,[REDACTED]
a2a1bc07-2ffa-43bc-83c2-8b52d383acf3,2026-04-13,1,,stuck in kyc forever. i have apply for kyc 5-6 times. everytime it says cannot do the investmenr without kyc after doing kyc it takes 5-6 days. again it says the same thing,android,[REDACTED]
bcf310d7-a48d-4cbf-819b-f2eb4119bf97,2026-04-13,4,,good software for Android phone,android,[REDACTED]
c005e42a-dd84-4b69-92b7-dec34a43be3e,2026-04-13,3,,this new update sucks it with glitch and some interface is not good,android,[REDACTED]
c5ed1f36-423f-4a25-8465-c4710e94db2f,2026-04-13,5,,there is no synchronised mobile app and web terminal.if you make imp drawings on web terminal..not showing in mobile app.and also limited candle data available for hourly and minutes chart.if you make weekly trendline for touching from last 3/4 years .. that trendline is absolutely misbehave in hourly chart only because of limited candle data available.its kindly request to look this suggestion ASAP. at the end i really much like this app,android,[REDACTED]
c6f7b3e2-96b8-46c3-9ebc-7ccfdfdacf90,2026-04-13,5,,very useful and user friendly. highly recommended,android,[REDACTED]
cb5117b9-7dc3-4507-9292-751e208e3475,2026-04-13,5,,groww perfect solution 👍,android,[REDACTED]
d905900f-2744-4c11-9aaf-317ee7d870c0,2026-04-13,5,,very simple interface to use😀,android,[REDACTED]
e141b2dc-8d61-44d5-a08a-fbe3ec1e2c9f,2026-04-13,5,,"I have been using Grow for a few years now, Simply UI/UX, Love it.",android,[REDACTED]
e3cf1070-e90b-4a53-8b6e-75fbc20171b3,2026-04-13,2,,"bakwas app not real time price movement show, I have motoedge 60 pro stillni felt that problem",android,[REDACTED]
e3ff631d-1be1-43d3-a68e-c061570a4803,2026-04-13,5,,"Interface is very familiar, nothing to be understood wisely.",android,[REDACTED]
e920fd12-324c-4b53-ba6f-93994f445af3,2026-04-13,5,,"nice app for beginners traders & investors, yet simple format with most of trading features.",android,[REDACTED]
f32062a7-3814-44f9-884a-5a2ba19213fc,2026-04-13,4,,"It would be really helpful to have a feature that shows how your average stock price changes when you’re planning to buy more shares. Right now, if you already own some shares bought at a certain price and you’re thinking of adding more at the current market price, it’s not easy to quickly figure out how that will affect your overall average cost.",android,[REDACTED]
f698e696-ae38-4e90-a292-eca6948f4c1a,2026-04-13,1,,"pervious is best for trading f&o. now it's difficult, worst update",android,[REDACTED]
1336e410-118b-4253-9995-a7133100e6c3,2026-04-12,5,,well and good experience,android,[REDACTED]
1e53c216-06ff-4511-92ed-1cf2038ae8aa,2026-04-12,5,,very nice Groww easy process,android,[REDACTED]
2e2d02c3-eabd-4dd1-b279-f859b87e7c7e,2026-04-12,5,,"groww is the bestest app i ever seen it's very useful for me or also is very simple and easy to use, i thought downloading groww is the best desicion of my life, and i have no words to tell how much i love this app.",android,[REDACTED]
47b79138-45d4-456d-bb41-a58cefb223cb,2026-04-12,1,,"After reviewing all the comments, i was scared to install this app",android,[REDACTED]
4e3f7c30-40f7-4b5e-ac2b-3a969ef04ebd,2026-04-12,5,,very nice app trading,android,[REDACTED]
53603be7-7b1a-4f95-94b6-58711d9c78be,2026-04-12,5,,"a perfect trading , ease of use. very friendly UI",android,[REDACTED]
53cf608f-bb44-4e53-ba2e-a576c717c4bd,2026-04-12,5,,good service and easy,android,[REDACTED]
639a7dc6-48de-4454-9c7e-555ecb1d6e6d,2026-04-12,4,,super Hroww stock trading the best,android,[REDACTED]
70969c32-454d-4ea3-99f4-d488f1f27144,2026-04-12,5,,very good 👍 groww application,android,[REDACTED]
7260445a-14c5-417c-904f-6cdf84da09fd,2026-04-12,1,,good but brokering charge jata hai,android,[REDACTED]
79888724-dd1d-4d01-ba78-8af3fd2f66f1,2026-04-12,5,,Very Friendly And Easy-to-use Interface Of the App And Groww Team is 24/7 There to Help You In Any Issues You Face.Indian Youth Loves This App And Earning & Learning financial Freedom I Easy Way Altogether,android,[REDACTED]
82bedfbe-08b5-4fca-8cd6-a85f77c0e438,2026-04-12,5,,Very user friendly and fantastic platform.,android,[REDACTED]
a82d35e9-1076-4e18-ba4a-a7f9df476a3d,2026-04-12,5,,My favourite app is Groww because it runs smoothly without any obstacles. I feel that the app(Groww) name is [REDACTED] for everyone to grow in their life. Thanks to the Groww founders and their teams.🥰,android,[REDACTED]
d253b1b7-d2ea-4174-9842-6c193adc1433,2026-04-12,5,,very nice User interface that i like a lot. The sign up process is really simple and makes things alot nicer,android,[REDACTED]
ebfd960d-72ff-4430-ba4a-b9819ae64e2f,2026-04-12,1,,"I am unable to refresh my external funds, it asks to go to mf Central but clicking on it leads to a blank screen., facing this issue from almost a month now on my xiaomi phone...",android,[REDACTED]
f8652a34-07df-46aa-baa0-e772419c1ad2,2026-04-12,5,,life changing application,android,[REDACTED]
f8839f4c-b7b2-4819-a842-990dafb1dee7,2026-04-12,5,,the wolf of dalal Street!💰,android,[REDACTED]
fce7b240-4de7-4b22-9a64-8f0a4e90a688,2026-04-12,1,,I getting error while logging into this app from last 4 days. Your onboarding journey has expired.,android,[REDACTED]
160c555d-204a-4de3-896f-67608a95861d,2026-04-11,4,,please create separate section for etf... so i don't show in folio stock lists,android,[REDACTED]
24e380bf-2206-4e10-b209-9f9bfd903cd5,2026-04-11,1,,"clear scam.. loan against MF ho ya personal loan ho. 20% kam pade to Mera naam [REDACTED].. groww walo ke loan 0% me mile to bhi mehnge hi milege. I don't know, how SEBI tolerate this kind of scammer.. to be honest, after completing my loan i'll take immediate exit with my whole holding.. 10Rs jyada dege. lekin aap se 🙏🙏🙏🙏",android,[REDACTED]
6b8a1629-c19f-4582-b288-6bbc35175ff5,2026-04-11,5,,easiest app to work with,android,[REDACTED]
7563e933-09c2-418f-8f7f-4edac083e6fe,2026-04-11,1,,Whose bright idea was it to put that AI front page on your app?,android,[REDACTED]
7ab0fcb8-82f9-4b24-92e6-d2b7aeaa12b6,2026-04-11,1,,zerodha and other app better,android,[REDACTED]
94ee479b-d13b-4a18-a943-fd2f6479500a,2026-04-11,5,,good app I can earn millions of dollar,android,[REDACTED]
9b82609b-d313-4156-b412-8b48a0c58f22,2026-04-11,5,,Very nice 🙂 trading app. member since 6 years,android,[REDACTED]
9fcc5a11-d46d-410b-86c0-255c0c000395,2026-04-11,5,,So user friendly. excellent.,android,[REDACTED]
a75c1a25-1916-4b42-8cc4-154a3d8645bc,2026-04-11,5,,Awesome app for trade,android,[REDACTED]
c2463e66-4403-401b-a2a8-a7c6766aa245,2026-04-11,1,,payment is not working,android,[REDACTED]
c6266faa-2a03-4ae6-8dcd-435942b4b52d,2026-04-11,2,,most time I am facing technical issues when already on a trade i face more capital loss with this issue,android,[REDACTED]
ce1d0c58-bd50-4dbf-9f75-31b6e835f879,2026-04-11,5,,You can earn any amount of income per month by using this app.,android,[REDACTED]
dcc15a52-ed2e-4830-b82c-3aa864b36b77,2026-04-11,4,,I have installed it in my ipad but the interface is not completely synced. it is showing the phone compatible dimensions. is there any other app for iPad.?,android,[REDACTED]
dd150fe4-1438-4e69-937b-696c5c8c6cee,2026-04-11,4,,What I am saying is why can't we withdraw only our profits without selling the shares? please provide this feature This will increase your app market.,android,[REDACTED]
e6515954-691d-48c7-8734-01581b469be4,2026-04-11,5,,grow is very good app,android,[REDACTED]
ee4d2245-1ef0-4c5f-ac8a-248367464d96,2026-04-11,1,,Groww wont Grow your money really...,android,[REDACTED]
f52e18fa-8abf-4dcc-83d1-46ebc62df860,2026-04-11,1,,"worst app ever, there service is worse. they don't even help anyhow when things go wrong because of there own server problem, going to delete this app",android,[REDACTED]
f5719a63-13b1-47b3-9cf5-64fd112875c3,2026-04-11,5,,I think it's a good app for beginners who want to understand stock market.,android,[REDACTED]
0017e39f-e3da-4fc9-a974-c563a5930a7e,2026-04-10,3,,"Imagine i make position in index which have monthly, weekly and day expiry and weekly and day expiry, expired on same day and P&L graph show total p&l then how can I analyse my day expiry and weekly expiry p&l which one have performed well or for this i have to open account in two different brokers.",android,[REDACTED]
06aabece-2a02-402f-9963-37299e2746d0,2026-04-10,1,,"charges are increased too high, more than others",android,[REDACTED]
0d9f6c2c-c552-4c3d-8e8d-5c7f2c148631,2026-04-10,1,,intraday are scam....💯,android,[REDACTED]
101e7d94-5e21-4fae-b297-91aa833870c2,2026-04-10,5,,"""Groww has made investing so simple and hassle-free. Tracking my portfolio is very easy, and there are no hidden charges. It feels very secure and reliable. If you're looking to start your investment journey, this is the app to go for!""",android,[REDACTED]
1061aa32-37f7-4285-95dd-f6216574be3c,2026-04-10,5,,Nice! and a simple app for investments.,android,[REDACTED]
263012ee-5429-433c-add8-dfb21907f6d3,2026-04-10,5,,I am very excited use this platform but this platform is one disadvantage brokerage is so high 📈📈🥵☠️,android,[REDACTED]
2fcb6a4d-ef09-4d75-b5ab-51ab3cac3396,2026-04-10,5,,great app For trading,android,[REDACTED]
31a0d860-1e0d-455b-80ed-487dbe07393c,2026-04-10,5,,"really amazing experience for beginners, guided team , informative notifications 👍",android,[REDACTED]
31e369db-0a83-4a94-b19a-5b6c0df5fc23,2026-04-10,1,,if someone wants to delete his auto pay then he have to stop all his SIP which is so bad in grow very bad experience with growwwwww 👎,android,[REDACTED]
3a3a1be2-8c0d-435a-bb90-836b40c91581,2026-04-10,5,,very good and easy for beginners,android,[REDACTED]
3c9c36ba-2d98-41c5-86fd-5dce62394da3,2026-04-10,1,,Top Cheap!! order didn't execute on time!!,android,[REDACTED]
413f6df2-fda3-48e6-be52-9294849a0b1c,2026-04-10,4,,the previous index icon was correct,android,[REDACTED]
49c710f7-24a1-437e-bd66-11fdeffcc4f9,2026-04-10,5,,Mind-blowing Experience & User-friendly interface.. love it.,android,[REDACTED]
574b46a1-2f46-4f25-bfed-e641fa9c00b0,2026-04-10,1,,worst app not deliver anything on time,android,[REDACTED]
5a049fe3-0d22-4081-9ca9-8c274c0a51c1,2026-04-10,1,,bht salo phle se id bnayi thi or email id bhoo gye lekin mobile number vhi h to login nhi ho rha h koi customer care support nhi h koi help nhi krte,android,[REDACTED]
5a0549eb-015c-433c-941a-34b45787cbe4,2026-04-10,1,,"I had invested on 6th April 2026, which was not a trading holiday. However when raised a query to Groww, it said 6th April 2026 is a trading holiday and 7th being a settlement holiday the units were issue with 8th April 2026 NAV, which had an increase of 0.3 in NAV as compared to 6th April 2026. Resulting in lesser units allocated to me. This is how they earn.",android,[REDACTED]
5ccda89f-7821-466a-8839-da19b1cada75,2026-04-10,1,,"1st of all , they loot u by executing ur trade at significantly different price than market. it's very difficult to put limit trade. and it's soo intrusive that they fetch all ur details without asking u. can't even see charts without giving Pan",android,[REDACTED]
5d3aedaf-c24c-409d-9f3b-1d946f7c248e,2026-04-10,5,,super app all in just ome click and easy to use,android,[REDACTED]
5fb048b6-e4df-4495-a8c5-3a97a50d3418,2026-04-10,5,,excellent aplication one more update required in your app which is unable scalping features on regular f& o charts because of that we can trail our sl which are more beneficial to every trader every trader required it so please update it,android,[REDACTED]
615a8ec2-5774-4b2a-8ca0-248da2d95509,2026-04-10,5,,"I like your software, very quick, accurate and fast 🏃‍♂️ 😀",android,[REDACTED]
66e31149-aa38-4adc-8e18-601a796f861e,2026-04-10,1,,service very poor 5 minutes baad order sell or buy ho rha,android,[REDACTED]
7809d139-f990-4006-a081-0d1db893cedc,2026-04-10,5,,"please introduce more widgets for Android... for tracking index, perticular stock.",android,[REDACTED]
852b8f0b-a87e-41b9-ae55-7832cae55b40,2026-04-10,5,,best of the training app,android,[REDACTED]
8595872a-8246-46fd-b709-93d218794d42,2026-04-10,5,,very nice app with best features 👍🏻👍🏻👍🏻,android,[REDACTED]
85c0e29d-7e47-4c32-851d-d7c9d5b07546,2026-04-10,5,,good 👍 use to very easyway,android,[REDACTED]
865e5d87-243b-4053-b743-467a47b19e49,2026-04-10,5,,good to go with trading and investment the best thing is no charges,android,[REDACTED]
8879b970-3e16-4b9e-a0ca-19789b6b2be6,2026-04-10,3,,good but invest Paisa withdrawal late,android,[REDACTED]
88da6da7-471e-44aa-b018-cccb87beb9c6,2026-04-10,5,,grow is my favourite app . because I can invest everywhere and any time grow experts are very helpful. if you need urgent money you can withdraw any time .,android,[REDACTED]
8e494ecd-0c10-423c-a4fc-a9c09097100f,2026-04-10,5,,best experience with clear options to understand easily best for beginners,android,[REDACTED]
8e943f64-e80f-4b06-9c10-10014c7fe9d1,2026-04-10,1,,"Previous UI interface was good for mf, it's now difficult to track the data changes. Also you have removed the portfolio allocation for mf which was one of the great and usp of groww. I know we can check some allocation data in active and passive split but earlier screen was user friendly. in this you have divided in different split which is really frustrating to understand.",android,[REDACTED]
8f698462-8a97-415a-a38b-23a0a01d6565,2026-04-10,1,,"Groww is giving MTF for fraud stocks also like RNB DENIMS i have taken for 10 lakhs my amount was allready loss and MTF amount also 80 % loss scammer WhatsApp group only recommended to install groww for this stock for MTF any other brokers have not given MTF to That stock due to this for their business Groww is giving for waste stocks also , there should be think while giving MTF atleast they should close while investor money got drained I don't recommend this brokerage",android,[REDACTED]
980c85ce-5e55-4428-82cc-f08710e8ec72,2026-04-10,5,,"very good app, easy to use",android,[REDACTED]
9a4e51e3-3b4a-4515-9551-7235fa0eacdf,2026-04-10,5,,it's a very good app....,android,[REDACTED]
9dfd1993-812b-41b6-a58e-90295315f20e,2026-04-10,4,,"Key Missing Feature: 2-Leg Orders in Delivery & GTT Groww is great, but lacks 2-leg orders (SL + target) for Delivery & GTT Buy/Sell—available only in Intraday. Busy users miss out on automated exits for long-term trades. Also add Disclosed Quantity option.",android,[REDACTED]
abf1ad86-7d6d-40f3-b1e2-1ca207260dd1,2026-04-10,5,,my favourite app thanks 👍 share market ka top aap,android,[REDACTED]
b51ffa59-07de-40c8-8b8d-8a13cb4f7342,2026-04-10,5,,groww is the best app for trading and investment but in the last update they changed one thing which i didn't liked is they minimized the indices section before the update it was like the current market price was in the black and positive or negative were shown below it in green or red colour which i liked but now they minimized it,android,[REDACTED]
b554e643-484f-4700-9b40-d628ee97ad01,2026-04-10,2,,mu bank accounts not attach by grow app,android,[REDACTED]
b8226820-beef-4457-8d69-b386f8039aec,2026-04-10,5,,Fast and easy going– a simple plateform for investment and trading.,android,[REDACTED]
b8978721-8c29-484d-aa42-a2d05f2cfbe4,2026-04-10,1,,"it's been more than a week since I installed this app, still kyc shows in progress and not able to trade. Despite chasing customer care the only response every time received is to wait for 48hr , no result. Very disappointed with this behaviour.",android,[REDACTED]
dc6c5ec6-96ea-4464-964a-8a472aba9d72,2026-04-10,5,,Best User Interface. Very Good App 👍,android,[REDACTED]
de7e4866-1aaa-4769-955c-199259450b4a,2026-04-10,2,,Name grow but not Growing I am sad about the charges,android,[REDACTED]
fa03df61-7007-4970-8f1e-89551a9db6a9,2026-04-10,2,,too much charges for options,android,[REDACTED]
fa28b721-b736-4602-93b1-a722e653dfa6,2026-04-10,5,,very nice platform for investment,android,[REDACTED]
fb998d81-9a78-4ca0-b685-ad1c8366ada8,2026-04-10,1,,yesterday when I try to exit he showing some technical issue can't exit I loss 10000 rs,android,[REDACTED]
fe39eee5-8364-4def-b2bd-1540346a2ab4,2026-04-10,5,,very good this 👌 apps,android,[REDACTED]
1542b2a7-c3d4-4bdb-aeb6-1d9e1d6546af,2026-04-09,1,,very smile size for live market vision vary bad experience this last update,android,[REDACTED]
1e268ebe-71b3-42f9-8312-4e4dc38f2b3f,2026-04-09,1,,very high brokerage. and after trade is executed they show profit is 1000 rupee but dont show that 100 150 ruppe will be deducted in the end only 8-900 rupee get credited . but when u have loss like 1000 rupee then they dont show brokerage will also be deducted so full deduction will be 1100-1200. it is a pre plannned thing to keep users in shadow.,android,[REDACTED]
21223cb7-59db-4afd-8033-4d79c52c0eb8,2026-04-09,3,,the new app design is really a downgrade from previous one. when I open app I don't just want to see numbers about current market trend I want to see it by percentage as well. I want to see by how many percentage the market is up or down. please bring that back please...,android,[REDACTED]
2cfc5db7-84e5-42cc-8ce6-2d8d509d9b36,2026-04-09,1,,"Charging 50₹ to just change a phone no., seriously? 😑 I m deleting this app rn 🤬",android,[REDACTED]
31c285ae-7c00-4761-ae39-91c36eabc0fb,2026-04-09,5,,user friendly and simple,android,[REDACTED]
3c4de545-3093-4934-a824-ce2e4d57c202,2026-04-09,1,,they r in over confidence,android,[REDACTED]
4a8f6fe8-6cba-4078-ac24-f5e2e1054fe9,2026-04-09,1,,There is no disclose quantity option when placing an order while all other brokers do have this feature.,android,[REDACTED]
4ad9491e-2791-473c-9b7c-b72b1d6b5ab7,2026-04-09,1,,your money withdrawal is very very bad,android,[REDACTED]
545c1f6b-abd0-42f0-889e-5519771da5e1,2026-04-09,5,,easy to invest your money 💰,android,[REDACTED]
55143a26-bf8e-427b-87fe-1f07bb29d8bc,2026-04-09,5,,"I used many Dmat account like Zerodha, Angelone, up stocks. But this​(Groww)Demat account—it’s very simple, efficient, and user-friendly. It is the perfect Demat account for my long-term investments and daily trading journey.",android,[REDACTED]
6aa3cf79-fd9a-4383-b497-c4bf755aaff9,2026-04-09,1,,irresponsible customer agent.. call live agent regarding glitch report ...agent cut call purposefully..and never call back,android,[REDACTED]
6f77076c-a094-4f6a-b732-9025bcce883a,2026-04-09,4,,can you please add timer of candle i mean reverse count of which ever time frame is thanks 🙏,android,[REDACTED]
72213c30-4911-4d20-9fa8-722ddb902fb6,2026-04-09,1,,this app is not good many time it's hang,android,[REDACTED]
7f5401ce-01d3-45b4-8fe5-95f498f72a88,2026-04-09,4,,best of Groww Stock mutual fund app,android,[REDACTED]
7f8bbd5c-6725-4945-8537-231a22198928,2026-04-09,5,,"“The Groww app is easy to use, but during market hours it often becomes slow and orders get delayed. Please improve the app’s speed and performance.”",android,[REDACTED]
867841bd-6392-4c78-8110-05e9312e3a87,2026-04-09,5,,the best stock market app i see in life,android,[REDACTED]
8dc03679-c873-4f40-8acf-0f60debd3b46,2026-04-09,5,,very nice a very useful to me,android,[REDACTED]
902ce680-397e-4bab-aa3f-25f18a72a088,2026-04-09,1,,"Not working, auto refreshing",android,[REDACTED]
a1fef8dd-bfed-4ba5-bcf7-b46b59f1a070,2026-04-09,1,,very high intraday Brokerage be aware before using,android,[REDACTED]
a43c8e1c-5aa5-4d13-a104-6d3523b3980f,2026-04-09,1,,"It is one of the worst app and their service,I had press limit order they automatically execute on market price,I had complaint regarding this he said that you had press the market order he can't accept their fault,they are doing for increase their revenue from stealing customer money. Very bad experience. don't use .........",android,[REDACTED]
b1510abc-2dcc-4c98-97d1-d31e74fbb886,2026-04-09,5,,I absolutely love this app and its UI. The portfolio analysis system needs to be improved. It needs to calculate values and show visual representations more accurately and in a better way.,android,[REDACTED]
b8d9c3da-d90c-4ecf-a02e-2b8d4053e683,2026-04-09,5,,How to find out good panny stock.places help me fandamatal right stock,android,[REDACTED]
bea9bb44-8a43-4192-a8af-bb76d339b856,2026-04-09,4,,good app but brokerage charges is to high and sometimes you face some glitches,android,[REDACTED]
c3a5a972-aed5-4a2a-a8b1-bd3e9d76ba93,2026-04-09,5,,overall app services is best working experience,android,[REDACTED]
c6df4609-7de5-4f54-9a60-9d52d38b7c8d,2026-04-09,5,,improvement is necessary,android,[REDACTED]
d0e93905-2778-4e80-a19d-a6c63d194a78,2026-04-09,5,,"I have had a great association with GROWW, over 3",android,[REDACTED]
d720ac7c-c9d3-4fa5-b8d1-6ce6622361c3,2026-04-09,1,,set safe exit there in app!???? plz tel,android,[REDACTED]
d78d5504-ac32-4119-8956-44ee33b92abb,2026-04-09,1,,"I called on 09.04.2036 at 04:15 PM, and Ms. [REDACTED] attended the call. For the customer’s convenience, I informed her about my issue that the app was not refreshing. However she was not aware of this basic issue. I would like to suggest that the Groww app team should ensure proper training for customer support executives so they can assist users more effectively. In my opinion Ms. [REDACTED] is not fit I called again at 04:25 PM, and this time a male answered the call and provided proper assistance",android,[REDACTED]
e23a2303-ed22-4d85-b898-5347aa011e7c,2026-04-09,5,,good interface and speed performance,android,[REDACTED]
ea4a482b-96e3-4a08-a06a-1724b873d356,2026-04-09,5,,is best app investment but tax 🥺,android,[REDACTED]
fc85eb3b-903f-49bd-8807-076013101e0b,2026-04-09,5,,this app is best for traders,android,[REDACTED]
0778bf4b-41ce-485c-a065-28152140005d,2026-04-08,5,,add notes in app so that we can have watchlist with written notes,android,[REDACTED]
08aa2925-732e-4424-bef4-45f725de065c,2026-04-08,5,,I used groww for more than 4 years and it was a very fantastic experience. 😊,android,[REDACTED]
0938a5ae-f995-482f-8a01-b8944690ebb6,2026-04-08,5,,good treding app forever,android,[REDACTED]
0bf8c64f-9c29-459b-b037-67094b2823f9,2026-04-08,1,,"worst ui update previous ui was best, reverse it chain ui frequently not good",android,[REDACTED]
0cb983e1-a86a-430a-a2eb-aca69fdd3bd6,2026-04-08,5,,very easy and clear understanding,android,[REDACTED]
0eaabeb6-bc6a-4b46-83aa-d5f953cfb1fc,2026-04-08,2,,l love groww. but recent update like change format of index interface is very bad ... ugly,android,[REDACTED]
1747c770-ceb4-4f9a-827e-dcb7d41a7792,2026-04-08,1,,most of profit time it's glitches,android,[REDACTED]
1ab24968-69f7-4779-bac7-37e9a210d704,2026-04-08,5,,very good investment app I love you groww🙏🤝,android,[REDACTED]
277fd5ef-9f48-4487-8273-d6ee21a21653,2026-04-08,4,,most useful this app,android,[REDACTED]
2fa37836-5606-44c3-89b9-b9f60206821b,2026-04-08,4,,groww is the good brokerage app totally free no annual fee And new user best app,android,[REDACTED]
3941ea63-c53a-4c87-b1b9-162f57361302,2026-04-08,5,,good app for beginners as well as professional,android,[REDACTED]
39aa694e-fd10-4d64-85c8-2320f0b542ce,2026-04-08,4,,"New view of the upper bar showing the index is not pleasant, the earlier one was better",android,[REDACTED]
39e0478c-e776-454e-9d00-83fc5704a644,2026-04-08,1,,The old UX and UI was clean simple and better! New UI has accessibility challenges and needs additional steps to get critical information like %High/Low of Sensex.,android,[REDACTED]
3cef2752-8612-43f7-9b23-bdee841bfd48,2026-04-08,5,,my experience really nice app I am so happy smoothly and fast payment withdrawal ❤️,android,[REDACTED]
4b4ae0bd-8d43-4aea-998b-55558db5d8e4,2026-04-08,5,,"great ui, makes easy, comfortable to use and understand.",android,[REDACTED]
4d0da48c-bb79-43ac-b741-79d1450fcb47,2026-04-08,5,,this work pretty 😍 well.,android,[REDACTED]
4e098959-b018-48f8-8ffc-891db55bf6b2,2026-04-08,1,,"very bad app, not credited money which are widrawal since many days",android,[REDACTED]
50cdbcb5-3fc8-40fd-9e18-fbff707f1317,2026-04-08,5,,please Mera app groow not service,android,[REDACTED]
555f2a3b-545a-4055-bf86-b953c82f7bb8,2026-04-08,1,,bekar experience sabse ghatiya app grow app..mai suggest karunga koi bhi grow app use na kare..na hi koi other app..koi app acha nahi h ..sab brokerage khane baithe h .... app kabhi profit me nhi aaoge...apni jindagi kharab karni hai tabhi ye app use kare or barbad hojye..... serious telling everyone..not to use app..kamao or khao..but trading investing na hi karo in apps ke through..bahut loss hua h mujhe sab jgh trading investing hr jgh .so please careful,android,[REDACTED]
62157712-a47e-4251-b100-0aae8cf8673c,2026-04-08,1,,"High brokrage charge. High hidden charge and extra charge, CUSTOMER SUPPORT 0 DO'NT OPEN ACCONT THIS BROKER",android,[REDACTED]
75108d81-121b-431e-bfba-851a7e937c62,2026-04-08,1,,"Before joining check history of broker how they perform previously. Good broker keeps good previous record NSE not punished him. This important to save from loss, join good previous record broker. Save from yourself from trading loss choose a broker wisely.",android,[REDACTED]
78041dba-f715-4e74-aa96-e91c803985b0,2026-04-08,5,,very good & fast app,android,[REDACTED]
79af9ecd-8ac6-48c5-aa6e-c1af5b591fbc,2026-04-08,5,,excellent and easy user interface provided by this app.,android,[REDACTED]
7dc6470c-391c-46a4-83db-a6b8dfe0e2eb,2026-04-08,5,,best platform for trading and sip,android,[REDACTED]
83e9ba9a-ccd7-4d07-8fe4-b88b4a0b0c68,2026-04-08,5,,"best User interface Compare to all other trading platform,good app nice experience.",android,[REDACTED]
8851c84d-6d4a-4e88-962b-b9b1992f95b3,2026-04-08,1,,"very poor UI/UX earlier one is better, why the indices were removed from encircled box , very bad experience",android,[REDACTED]
8b92065d-feb7-4f44-92d3-68ba06e82393,2026-04-08,5,,fast process and hassle free.,android,[REDACTED]
9b1c9422-2658-4c7f-b126-b251ba76bd7f,2026-04-08,1,,Third class app. its third day I m unable to selly stock and all they are giving is ASSURANCE,android,[REDACTED]
9b4840f3-bd1d-4cb9-bf4b-c8d5c7d4b6ef,2026-04-08,5,,world best trading app in groww,android,[REDACTED]
9bce1a37-552b-48de-b534-5e7f0df62922,2026-04-08,1,,very bad experience with Groww intraday trading 👎👎👎👎👎,android,[REDACTED]
ae4d007b-1f9a-4405-8d3e-b738b0fa2231,2026-04-08,5,,It's a good application....just groww,android,[REDACTED]
af2ea556-d784-4f43-9f33-bb8b7ae9abdb,2026-04-08,5,,easy to operate with this aap,android,[REDACTED]
b19ba3ed-6dd9-4850-9316-b4b21b9016ad,2026-04-08,5,,Best app zero comission high security.,android,[REDACTED]
b834af51-dc9b-481b-a0e1-2a7c5056c30f,2026-04-08,5,,GROWW IS THE BEST TRADING NO 1 PLATFORM IN INDIA,android,[REDACTED]
bd14ff62-f9ca-4777-a189-65baaba7b39b,2026-04-08,1,,"the worst broking app , many glitches whilentrading i won't recommend using it",android,[REDACTED]
c46f75ca-87be-4ef7-8507-4ae25572e470,2026-04-08,1,,"Whenever I am doing any money transfer, it takes 4 hours because of this. A lot of loss of money is happening. This is totally unreliable. People should be giving one star to this application.",android,[REDACTED]
c9dfd98b-c74f-4196-8a26-1e84c358c1f1,2026-04-08,5,,Best application for stocks,android,[REDACTED]
ca0df8e6-a551-4882-9fcd-b03922bbbf4a,2026-04-08,1,,"The latest update has completely messed up the scaling on the Stocks tab. The Nifty 50 and Sensex tickers are pushed into the status bar and cut off by the notch, making it impossible to read key indices at a glance. ​What’s frustrating is that the Mutual Funds and Loans sections are fine—this is clearly a lack of basic QA testing on the Stocks dashboard before pushing the update.What’s worse is the ""support."" I raised a ticket and sent an email with clear screenshots of the bug, but they close",android,[REDACTED]
ca3915f8-c957-484a-8d13-46323f2368c0,2026-04-08,1,,recent app look very poor ....small nifty sensex section....now what diff bty so called complex interface stock app vs groww,android,[REDACTED]
cb80d355-7331-4f7e-abcf-56ac2d20adf6,2026-04-08,1,,Called customer care for an issue. Waited 5 minutes in queue only for the Groww executive to disconnect the call without saying or hearing a word. Haven't received any callback till now. Pathetic customer service.,android,[REDACTED]
cc324270-dff4-45b0-a084-510dc88b9ce0,2026-04-08,4,,my experience was very good,android,[REDACTED]
d767ef79-a638-4d3b-99cd-dab1fdd9deab,2026-04-08,5,,"Groo App is simple, fast, and very easy to use. I like how it focuses only on useful features instead of adding unnecessary stuff. The interface is clean and beginner-friendly, and everything runs smoothly without lag. It gives a distraction-free and well-optimized experience, making it reliable for regular use. Overall, a great app that offers a smooth and hassle-free experience—definitely worth trying.",android,[REDACTED]
e200622a-e487-441d-b40c-dc787cb4a9c3,2026-04-08,1,,Please reinstate the previous user interface.,android,[REDACTED]
e54afa89-e72d-49c1-8adc-f37726175b50,2026-04-08,5,,nice platform for trading,android,[REDACTED]
eb44225d-f089-4214-8124-c89345df1aa3,2026-04-08,5,,very user friendly and interactive,android,[REDACTED]
ebf4b818-1ec3-447e-bd38-7e2d7bc170fc,2026-04-08,4,,indicator proper work nahin karte,android,[REDACTED]
f421892d-2e9c-49f9-864b-74c1e46a1e69,2026-04-08,5,,"one of the best apps for both traders and investors, I came here as an investor this app offers a clear and easy user interface, shows each and every detail about stock, ETF and MTF's I would truly recommend you to download this!",android,[REDACTED]
f7bbd065-6724-42be-af91-d4deed951ffd,2026-04-08,2,,"An average app for learner bcoz the chart lags, don't hit SL , not good for scalping.",android,[REDACTED]
f804a2c0-ef95-4ee1-ab33-d71afe1456bf,2026-04-08,5,,No annual fee... To good,android,[REDACTED]
05a8267c-b8ee-4fad-8f95-ba9ed15bde66,2026-04-07,1,,"Current update is not really good because the card of indexes like nifty 50 which were at the top, now they have been collapse which is not good for me. Every time if I wanted to see the nifty 50 like index I have to open it but before it was showing there just like other stocks.",android,[REDACTED]
10e9ceab-e74e-449f-9a42-7c26e0c497ed,2026-04-07,5,,It is a bit hard but it is the best,android,[REDACTED]
118f80b4-286a-495c-b486-1164f6635308,2026-04-07,1,,As of now from 06/04/2026 I can't access f&o strategies and templates in groww app...,android,[REDACTED]
1615ffe7-d0b1-45e2-814b-bc95a92476b9,2026-04-07,5,,"Absolutely classy UI/UX. The design language feels polished, consistent, and genuinely delightful to use. Huge props to the app development and design team.whoever is shaping and implementing this experience truly deserves a raise 🙌.",android,[REDACTED]
18c9ac14-83d7-47bb-8adb-471de19618ea,2026-04-07,3,,Please bring the old update. of the dashboard screen. Indixes like nifty sensex should show in the square card.,android,[REDACTED]
1eb90501-4309-4c4c-9cd2-f44414d91bc0,2026-04-07,1,,In the trade Stop loss didn't trigger they scamming the people,android,[REDACTED]
28958873-1628-480f-bca9-cd8d34003835,2026-04-07,1,,Grow pr hamesa loss hi rahta hai,android,[REDACTED]
2bcf8e35-f856-4c45-bd2d-7dac24c5e9c2,2026-04-07,5,,getting information fast soon,android,[REDACTED]
2c737923-0f86-464d-8bdb-01dbf8b45e2f,2026-04-07,5,,easy to use for trading or equrate,android,[REDACTED]
3651bee0-3521-437e-82de-dfa5ff91f996,2026-04-07,1,,This app sell you hodings whenever they want.........if you are investor be aware,android,[REDACTED]
39d7f425-83a6-4ec5-8c77-f5fcff0ef862,2026-04-07,5,,👍🏻 the perfect trading platform for grown,android,[REDACTED]
3dbd2581-14c2-4aea-a423-08ef1fe45659,2026-04-07,3,,when update the mutual fund data by updating its not update quickly it's take time even some time does not show update many time after long waiting,android,[REDACTED]
477841e9-a886-4814-a4c5-202cce872bc1,2026-04-07,5,,very fast and super guidance,android,[REDACTED]
4a9b20d7-dbbf-4da6-b41c-cfffaf7beb25,2026-04-07,5,,awesome experience 👍,android,[REDACTED]
5660b880-028e-4bc4-935a-323aadf2ad8d,2026-04-07,5,,very good investment app I'm using more than 5year,android,[REDACTED]
5a649b45-53a0-4823-bc62-f549d95f55e8,2026-04-07,2,,The UX is degrading day by day. It used to have a good UX but now its gone would be switching to a different app soon.,android,[REDACTED]
5e3f491e-7428-41b3-8f28-6ef9e7937149,2026-04-07,4,,Pls add Kill switch as other apps having to stop over trading,android,[REDACTED]
68c4392f-8cc0-457b-bb0c-5c13821fa14c,2026-04-07,1,,The previous interface was better.,android,[REDACTED]
6fcc4246-6a5e-4a0a-bbab-e342e97ba430,2026-04-07,5,,good know more in the future,android,[REDACTED]
72ba8e05-beb8-446d-8f2a-fc2b6188d4d4,2026-04-07,1,,indices update was worst,android,[REDACTED]
7e0aa7f1-ecea-4c14-a353-84e6e7434e22,2026-04-07,4,,please increase the font size of index prices as it was prior to update of the app,android,[REDACTED]
837c3488-c247-48e1-974a-e5e092c9dd37,2026-04-07,1,,this platform is fraud yesterday I purchased vikram engineering share that share price is 61 on when I purchased they give 116 share of my 1500 investment I thought that is glitch but when that share goes down I thought I want quite that share price of 59 rupees iwas dreaming that me investmed 1000 get back 5000 plus profit of 116 share but when I withdraw they give 1250 on my investment that loss of 116 share but they give 24 price of share but I lost 116 share price loss and extra brokarez,android,[REDACTED]
844e0330-b423-4f1a-93a5-4830013c75b0,2026-04-07,3,,the old version of this app is good before this last updated. window for nifty and sensex or all indian market make too small. the old one is very good . you are requested to change in graphics to maximize the new little window reflecting market,android,[REDACTED]
85c2d28e-545e-484f-a7e1-0ff903c47a14,2026-04-07,5,,very convenient to browse. full of features. loving my experience on this App,android,[REDACTED]
87fc5571-a70a-48b6-b27f-69a4b662d2d5,2026-04-07,1,,"02/26 Charged high brokarege & external charges also CDSL DP charges & charged Brokers dp charges on each trade trasanction daily. 23/01//2024: App is not working properly, unable login through app or through website, suddenly in between working session any time it is off, no contact number, customer care not working,unable to contact any way to groww these are very worst case & very bad services. Repeatedly non satisfied time consuming, High charges confused mtf,pledge/uplautomated bad Services",android,[REDACTED]
8d0f9e29-623e-47fc-854e-184f2da3b4d4,2026-04-07,5,,Marvellous app payment withdraw system is marvellous only 2 min to withdraw amount in your account another app like Paytm money take 2 to 3 days withdraw money in his account.,android,[REDACTED]
96486be0-75e8-4da8-a50e-68b5d695ee5c,2026-04-07,1,,Pathetic Application.,android,[REDACTED]
968ff4f4-2fa7-49e1-93d8-c7e0b50b8d6f,2026-04-07,1,,previous complaint or query has been duly resolved. but the latest version of app has deteriorated the home page user interface by squeezing the rise and fall of daily various indices trend placed at the top that display ed both points and percentage change together. Restore the older layout as soon as possible,android,[REDACTED]
979220c5-f2df-4c27-8ed9-6dd2b87658f2,2026-04-07,5,,very thank groww its very usefull,android,[REDACTED]
9880817f-b7e0-4a9e-9bb9-544d824cdfee,2026-04-07,1,,falls information no clear issue so very bed brokers completed issue not resolved irresponsible broker not clear suggest 😕😕😕,android,[REDACTED]
99feb083-23d9-44c9-89bd-482de70d6f0c,2026-04-07,5,,very nice and beautiful.,android,[REDACTED]
9f8346f1-8ab9-413f-a86f-51be8ec4b222,2026-04-07,1,,very high brokrage charges. i use grow for watching stock and also use kotak neo for buy or sell,android,[REDACTED]
a3624c64-4c82-41ba-b1a6-0169758b88da,2026-04-07,5,,"Groww is the best app for trading, its easy, fast and efficient. Groww developers must not make any changes in the overall user interface, it is the best compared to all other apps. Regards",android,[REDACTED]
a8e4f0e3-b98b-475e-914b-2f12601dd0cb,2026-04-07,2,,bring back previous nifty50 UI,android,[REDACTED]
a9b97098-d63d-437a-a5db-5436055208b1,2026-04-07,5,,"withdraw fast, i like it",android,[REDACTED]
aa68b8e2-a44f-4676-a0e8-47dd56da6a91,2026-04-07,1,,please don't remove the old index icon it is better,android,[REDACTED]
acfa46aa-aaa6-4b16-8051-1099f045bb1c,2026-04-07,1,,Roll back to the previous version the view of the top was very compressed not looking good,android,[REDACTED]
ad2924c8-0eed-4210-86f5-f9023c287438,2026-04-07,1,,Very bad support Service. Do not use,android,[REDACTED]
b032cf4e-add1-4bea-95eb-9770d32e9231,2026-04-07,1,,A useless and poor-quality app,android,[REDACTED]
b215bd7d-b98b-4a6e-88b4-eda0a89fb219,2026-04-07,5,,how to remove amount from sip,android,[REDACTED]
b2215be8-4536-4677-962d-847f2a810053,2026-04-07,5,,"best hai Welcome to Gboard clipboard, any text you copy will be saved here.1",android,[REDACTED]
b35b538c-03af-4c9e-abcf-aaa742bab069,2026-04-07,2,,this version is very bad. The old version was good.,android,[REDACTED]
b41ce7e1-1088-43c2-973a-17a23aa8ce9e,2026-04-07,5,,GROWW app has the best UI amongst all Investment related Apps hands down. But you should incorporate a customization option for everyone.,android,[REDACTED]
b945fcdd-d551-49d5-b837-643f2383a63d,2026-04-07,1,,worst update of app seen in April 2026 with reducing sensex and nifty 50 points showing in a single row.,android,[REDACTED]
c02ba42c-eb0c-4cfb-af4e-9127e9ce018f,2026-04-07,1,,"very weird UI of new update not able see clearly the Nifty & sensex in one go always need to click to see % , previous one more better to get in one go, please go back to previous one , ASAP else need to switch to another app. it's really frustrating.",android,[REDACTED]
c92fc797-1017-43b1-b92f-f4da7ed5203a,2026-04-07,5,,I want fast chart for f&o Trading and total OI change data and application must be fast and ai chart analysis we don't need to upi and loan services on trading app i think it makes it slower to trading app,android,[REDACTED]
cc738875-4fc4-4ba6-a33b-5653d1411fe7,2026-04-07,5,,"loved the reports.... everything one wants to know about a company, is right here....",android,[REDACTED]
d09857f4-cff5-401e-bc83-54bb89d0146a,2026-04-07,1,,nifty 50 not showing properly,android,[REDACTED]
d0ccca06-3475-4e40-832c-95eab821da82,2026-04-07,5,,This app is good from many years 😃 N I hope so it remains like this only.The first time I have trusted in any app for my money 💰💰,android,[REDACTED]
d0d9bbc9-91d8-485d-b9bb-67ad0d5818e1,2026-04-07,5,,this is very good trading platform Groww grow karo,android,[REDACTED]
d8d736bc-17e9-4f07-911b-9e9105f7ab80,2026-04-07,4,,"Your earlier nifty index indicator was really great for visual at top position, but after update the latest it's not like comfortable. Pls make it as it was or make it movable with bold.",android,[REDACTED]
da18d39e-8168-419b-94bd-f1d1f5558b62,2026-04-07,1,,Recent UI design for indices is so bad. it feels like it's non existent. Please make it bigger so that we can quickly overlook how the market is performing for the day. Thanks.,android,[REDACTED]
eeaaf9dc-eb22-4506-bdb0-61f2b3d1a68b,2026-04-07,1,,"Due to so called technical issue of this grow app i had my lose of 7000 amount Please resolve my issue , or give me legal way to",android,[REDACTED]
f1a72a0c-b570-483d-a0dc-ac460962817f,2026-04-07,1,,"Even after selling stocks, charges keep getting deducted until the amount is fully settled. It doesn’t matter at what price you sell the stock—they still continue deducting from your wallet until it matches the current market value. Shame on you, Grow. This is unacceptable.",android,[REDACTED]
f24f651c-4989-45e3-8d62-122216296272,2026-04-07,5,,most trusted application,android,[REDACTED]
f35b18ef-d1c3-4aab-9ad9-94a2bad1edc2,2026-04-07,5,,"one of the best stock market app in the world. but trading view chart may indicators ko save krnay vali option nhi hai, please vo bhi provide krva dijiay tn jo baar baar indicators ko na lgana pdy bs apni save indicators vali option py click kro aur indicators lga lao. thanks",android,[REDACTED]
f618804c-36f8-4353-9f15-4b56a070a934,2026-04-07,1,,this app is not for any use this distroy the timings of people,android,[REDACTED]
f63f799b-0a65-4ee9-93f7-a8430bb738dd,2026-04-07,5,,now the app is updated with more features. I am very happy to using this app,android,[REDACTED]
f81bf19e-b9ae-4856-bbbc-93f78868f2a8,2026-04-07,5,,groww app bilkul secure app hai,android,[REDACTED]
fe378618-24af-457d-9bc8-ec00f81e47e6,2026-04-07,1,,latest update was so bad nifty sensex figures are smallest get them back to big size,android,[REDACTED]
fe865929-3b11-41bc-aebb-729baaf09531,2026-04-07,4,,bring A New Feature Integrating Family portfolio into one,android,[REDACTED]
068fad38-5144-4efe-9a16-6746004337cd,2026-04-06,5,,One of the Best Trading App. Easy to Analyze a graph and 100% Legit. Thanks Groww team.,android,[REDACTED]
0a9a2b9f-3bfe-4af7-b16e-88796a72abe4,2026-04-06,1,,"A useless app, its not worth to invest via this app in mutual funds, it's been 4 days but still showing pending while in other app allocation done same days or max to max 24 hours. Will not recommend this..",android,[REDACTED]
2bcde3b8-aa44-43cd-a8e1-0e361910c26b,2026-04-06,5,,very good app and so smoot 🫡👌😊,android,[REDACTED]
3922660f-939b-49ad-81cf-564c1cb76a91,2026-04-06,1,,"Worst app ever, don't install it Not working properly",android,[REDACTED]
3b989796-492b-49e4-9664-f1fa4e3e9338,2026-04-06,1,,this is very wrong. after getting bonus share of IRB infrastructure the portfolio showing profit but this is glitch. in influence I sold this but actually lossed my money..,android,[REDACTED]
43b74709-5e96-4be2-a9a0-6ed4949625c6,2026-04-06,4,,all most all inquiry is displayed,android,[REDACTED]
53a8b890-5be3-424e-9783-4a884585c905,2026-04-06,5,,easy to use and safe,android,[REDACTED]
5c05be18-4bd2-47eb-9b89-c8415077a5a6,2026-04-06,1,,"bring target and stoploss function on chart like dhan and delta exchange, ki jaise hi order place kare chart par option aae target and stoploss set karne ka, and please also bring kill switch feature like dhan and zerodha",android,[REDACTED]
60b630a3-c610-4a36-ba83-84dbfcecdd0d,2026-04-06,1,,i open my account in groww and login in mobile easily but when I use this app in my pc this is lettarly harder than upsc exam this show me password not contain name even if I try 100th diffrent password solve this password issue and make app user friendly by just login with phone number,android,[REDACTED]
6cb94516-c67c-4d93-a445-0d1dec600304,2026-04-06,5,,"Groww is best platform for trading. Provides easy user interaction, so that user can understand clearly.",android,[REDACTED]
72a46c51-1323-4bc2-891e-6bffda66f265,2026-04-06,5,,superb app... but stocks value not increased 😁,android,[REDACTED]
75c77790-3b34-4ce0-95ce-325cb32b3aa6,2026-04-06,5,,verification fail Ho Gaye,android,[REDACTED]
78197047-3e52-44ee-a777-80a60baa1042,2026-04-06,5,,great app seamless experience,android,[REDACTED]
7e0552f7-1ba4-4d30-bfab-69f4fe0079ff,2026-04-06,1,,I don't know how the orders executes if we clearly mentioned buy price sell price it's totally mess worst trading application ever with higher fees,android,[REDACTED]
94ef386f-5239-445f-a351-6c93cba70a6e,2026-04-06,1,,"This is the most useless app, never trade in it, you have to pay more tax than the profit, it is a bad app.",android,[REDACTED]
9948cc35-3a82-4a00-bc65-6c1ababc5eb7,2026-04-06,5,,helpfull application,android,[REDACTED]
c37d5927-eba6-4f01-9586-cc789c5885cc,2026-04-06,1,,Why are you folks making it difficult to withdraw the whole withdrawable amount? Thats a very bad UX dark pattern. I need to add the amount till the last decimal to withdraw it fully.,android,[REDACTED]
c9c5d2d5-1ce3-4e52-ac5b-d304d5ea70a1,2026-04-06,1,,one of the worst app ever .. this app took 2- 3 days for a minimum withdrawal request .,android,[REDACTED]
cb4e80e6-bcc5-4883-8a74-3407c77a9807,2026-04-06,5,,charges increase for valueble app new trader,android,[REDACTED]
d0a2f59d-9d35-435a-937f-43c481e05f01,2026-04-06,4,,very easy to use interface and Quiet fast Account opening,android,[REDACTED]
d6175705-f26f-47db-a83c-20fd3466a2a5,2026-04-06,5,,Great 👍 app's in my Digital life On experience,android,[REDACTED]
d9b3e393-419e-433b-acee-eaf9f1a8a761,2026-04-06,5,,"Easy to use beginner friendly for sips, trading and mutual funds.",android,[REDACTED]
dd2cdb5a-9dbb-4c4c-9e25-8b590952913d,2026-04-06,4,,good platform to earn money 💰,android,[REDACTED]
fd0fc4aa-7013-4554-a96e-f7781661c953,2026-04-06,5,,Good for emergency work get money,android,[REDACTED]
151fb150-832e-4522-a2c9-8af500b8f51d,2026-04-05,3,,"everything is fine can you make different app for upi if possible like full payment app upi, card , fd , and rewards and credit card facilities",android,[REDACTED]
15470c35-0f14-4033-88d5-dcf3065b20fb,2026-04-05,3,,"Subject: iPad Version Performance & UI Issues I would like to share my feedback regarding the iPad version of the Groww app. While the platform is efficient and user-friendly on mobile devices, the experience on iPad currently requires improvement. The app interface does not appear to be fully optimized for iPad dimensions. The layout feels stretched and misaligned, which affects usability and overall visual appeal. A dedicated iPad-responsive design would significantly enhance the experience",android,[REDACTED]
1e70614a-0fd7-47cc-86f7-e7ce4e60f8ce,2026-04-05,5,,good Idea of stock market,android,[REDACTED]
259649b2-a409-4369-8c99-5e6589dae446,2026-04-05,5,,My experience is the best in groww,android,[REDACTED]
2b105ed8-dc0d-42cd-b847-35a1efffea9e,2026-04-05,5,,groww is very good 👍 app for trading & investing,android,[REDACTED]
2df0e29e-9a96-4eea-9dba-0b345ca9b4ca,2026-04-05,2,,"Scripts are so small, unable to read it . I tried but couldn't create my account. The whole process is not user friendly.",android,[REDACTED]
3e9652b5-d593-4159-8e9b-20a98625fbfe,2026-04-05,5,,it's good for saving,android,[REDACTED]
483ea085-9416-484b-b0c6-a11bbc477d39,2026-04-05,5,,Interface is user friendly. Overall very good and useful app. Best wishes for Groww team ❤️,android,[REDACTED]
4d01b5bf-131a-4804-9742-cbd804264c98,2026-04-05,1,,"very bad app I have deposit rs. 100 but not credit in my account, I have also talk to the customer care services but they not solve my problem .",android,[REDACTED]
6042b410-c869-4704-838c-04f8e043a150,2026-04-05,5,,very good and simple app,android,[REDACTED]
6672438e-1e08-4784-aedc-77fb27ecdec2,2026-04-05,5,,very clear and clean app simple secure love this app,android,[REDACTED]
8783a9ea-7bb4-4a01-ad8b-e896ff92da94,2026-04-05,5,,goog but mobile recharge ka option nhi hai esme,android,[REDACTED]
9dc8cc95-fb74-44a5-91ea-7be241244472,2026-04-05,5,,this is the best for everyone .,android,[REDACTED]
9e9da2a9-8ce7-4115-a995-c5641dbf6f4e,2026-04-05,1,,"broker change very high and very poor service, wrong information, I am used 3 years",android,[REDACTED]
cc5d3536-b67c-4db4-b667-d0a1375d9798,2026-04-05,2,,"In option Trading, Kindly provide Trail Jump facility, aa seen in dhan. I am out of Groww because of this one feature.",android,[REDACTED]
051ce2b2-d2e2-4d41-88fd-4beb126a8b12,2026-04-04,5,,"Superb App , easy to understand for beginners 👏🏻😉😊",android,[REDACTED]
0ecb680d-0671-4c56-a23c-4a59de50f2b3,2026-04-04,5,,groww is best platform mutual fund,android,[REDACTED]
1492dee7-a336-4567-9d81-aa897828f19c,2026-04-04,5,,great platform for investment,android,[REDACTED]
1adf40f3-a38c-4b96-ab64-51d8f9a924c2,2026-04-04,5,,easy to handle and safe,android,[REDACTED]
272e15a7-4924-401d-b665-558c2b352401,2026-04-04,5,,"very easy to use, understand and evaluate funds.",android,[REDACTED]
2c4dd939-269a-49b2-b9c7-f717f22690a3,2026-04-04,5,,UI is simple & clear,android,[REDACTED]
2d1db51a-13f6-4c99-afea-93971c683fb5,2026-04-04,1,,brokerage charges are too high,android,[REDACTED]
33d5eb3f-13f1-44ca-b979-c373f517bd71,2026-04-04,5,,"Hello Groww I need trillion stop loss, and some new futures which will help in buying stocks and also I want to tell you some predictions, can you bring some such futures Thanks Groww !",android,[REDACTED]
4c98a4ab-f0f0-41d7-afe6-94daa56382bb,2026-04-04,5,,Please add 30 second and 1 year time frame .,android,[REDACTED]
4cd356f6-369e-4861-9be0-2e46b8ceb1f4,2026-04-04,5,,"best for beginners, it's simple and most useful application",android,[REDACTED]
5159ada5-4988-4f99-afa6-8d86aa4a3ad6,2026-04-04,1,,Please take a look at this issue—when will this bug be fixed? It has been appearing like this for the past one month. The top header section is not visible. Mobile model: Redmi Note 8 Pro,android,[REDACTED]
5ecd757f-33e2-46ab-bd9b-2140437d5074,2026-04-04,1,,worst coustomer service,android,[REDACTED]
66eb4ef8-11e1-4258-817d-0ff121f825a8,2026-04-04,5,,excellent app performance very very good smooth app,android,[REDACTED]
71f97f12-9087-4024-a19b-da177c7ea282,2026-04-04,4,,easy to use for laymen,android,[REDACTED]
76a49ef9-9889-45b0-a8c0-cb585917b160,2026-04-04,5,,good app four investment,android,[REDACTED]
7798ea4e-e593-4766-971d-01811c5c8aa7,2026-04-04,5,,My demat account is opened in Groww app very easy to use,android,[REDACTED]
80db74c4-83a4-4d09-981d-3c935935782c,2026-04-04,4,,some issues occur right now in the sense that external Mutual fund deduction data is not updating,android,[REDACTED]
84772e12-06d8-4fc2-bdc7-77d41c18cf74,2026-04-04,5,,Groww in Good choice,android,[REDACTED]
a1524c9e-63a2-4416-8bd3-5a19389522f3,2026-04-04,5,,Easy to use super application,android,[REDACTED]
a38c19bb-c15e-473b-8daa-cb42fd8db77c,2026-04-04,5,,it's best app for trading m,android,[REDACTED]
a5145f66-65f1-41b8-92f4-ccf925e14410,2026-04-04,5,,I am interested in this app and very satisfied,android,[REDACTED]
a6331990-1054-49c1-a52b-cf01524e8839,2026-04-04,1,,pathetic customer support.... keep going in waiting and never connect....not trustworthy.... now thinking about switch to some other app... risky now here....,android,[REDACTED]
b4ee1de4-9a4c-42a5-84da-cdad30ed35ff,2026-04-04,5,,it's very good experience,android,[REDACTED]
b8f24213-731a-4240-8eb9-864ba9a397ec,2026-04-04,5,,"Groww is a wonderful app for Mutual funds and trading, very informative",android,[REDACTED]
bafa5ac1-4760-400c-9930-b3fc643f1029,2026-04-04,5,,pls update sector allocation list. kalyan jeweller shown in auto accilary and pi industry shown in jewellery sector,android,[REDACTED]
bdd0a116-7ca8-4495-8b00-5c1411628bf7,2026-04-04,4,,this app is fine. Just fine.,android,[REDACTED]
cfbd2912-0633-4f76-8dce-de1f35ff9dfc,2026-04-04,2,,Very late & slow execution in f&0.,android,[REDACTED]
db1f8288-214a-425e-af53-d42e3a88c337,2026-04-04,4,,very friendly for mutual funds portfolio management,android,[REDACTED]
e1b11466-5b9f-4661-b5e3-3a2d1f681b2d,2026-04-04,1,,groww always critical problems when I am buying this always give High price and when I am selling my order not exist always glitch 😔,android,[REDACTED]
e689430e-93bb-462d-ba26-38e844b8c8af,2026-04-04,5,,Very nice experience,android,[REDACTED]
ea2857c6-6727-4a34-8f3f-03bd77c6f0d8,2026-04-04,5,,Good for public self employment,android,[REDACTED]
eae56dee-7989-46c9-bb1f-75d8a14ec0bf,2026-04-04,5,,simple and Easy For Use App .,android,[REDACTED]
12dd1024-fd81-4d35-a086-9ed893299238,2026-04-03,1,,"very slow process and disappointing process, I buyed a share for 281rs and I sell it for 295rs, the blockage charges for that share was 5rs, so I have the profit for 285, but there process was so slow it took more than a week. and because of there delay the market got crashed and the value of that share was low so I received the payment of 250. so it's not ok for big investors and traders, because if you know that the market is gonna crash tomorrow you can't make it in time to sell it.",android,[REDACTED]
17c548af-d018-4a27-b742-47c9afae2c29,2026-04-03,1,,"use less App use less policies, I am trying to make order for gold mini 180000 call option, in my account 2100 money available but when it comes to 193 rs I placed order but not placed, today 50 times ordered but not placed",android,[REDACTED]
1b9601cc-2d40-46a9-becc-6f020a20a38e,2026-04-03,5,,easy to understand UI,android,[REDACTED]
1e910814-88df-4b87-b74a-a19f3e86dbbc,2026-04-03,5,,Best Trading Experience but Problem is Brokrage Charges Little Bit High,android,[REDACTED]
29c605df-4b60-4c96-9b32-100654b31969,2026-04-03,1,,one of the worst app,android,[REDACTED]
332df4c2-6eeb-42f7-8acb-745fce075846,2026-04-03,2,,services not beneficial for customer,android,[REDACTED]
406b01f8-fe3c-41ad-9d04-4acfa894c7ff,2026-04-03,5,,good help in stock and mutual fund,android,[REDACTED]
431e58ea-1171-4ccc-a253-2615a455c3ea,2026-04-03,1,,rubbish customer support,android,[REDACTED]
45433dce-c005-4751-b61a-0e82b5ff58b4,2026-04-03,5,,ok good application for training,android,[REDACTED]
5fc1ece8-2c1e-492b-bb2a-6ca71e1c2194,2026-04-03,5,,best apps in share market...,android,[REDACTED]
64fa0c9c-ccca-47fa-a0c6-02037afd2f0b,2026-04-03,1,,if you have alot of money then waste here,android,[REDACTED]
672d7297-e0af-4837-918f-78bc0fe77ba1,2026-04-03,5,,Simple to understand for beginners.,android,[REDACTED]
7d934fde-53fd-4d31-9288-bdc2775e8395,2026-04-03,3,,"Customer care service is not good. Groww provide Customer care call back under 15 min but after 24 hours not support me. No call, No Msg my Complen ticket automatically closed from Groww.",android,[REDACTED]
7dd7a81e-3cbf-4ac7-bf29-e543eafe34e7,2026-04-03,5,,all are Good and good for when we have more money and we have invest in any company growth.,android,[REDACTED]
8a833bc3-281c-4241-9953-296693f97157,2026-04-03,1,,"charges charged too much charges please this app don't use this goys cheating customers today My intra day loss 3k+ but deducted 7k+ and charges also too much charges charged, I'm asking why that guys My account is freezing please please please don't use this app 🙏🙏🙏 I'm also provided my proof also please don't go ""falling victim to fraud"".",android,[REDACTED]
92fde508-0a24-43d4-bbe7-13fd50d7257d,2026-04-03,5,,Easy for using and continuous updates are good,android,[REDACTED]
97c6d5fd-0107-4977-b5dd-b44a451690c8,2026-04-03,5,,this app is very useful,android,[REDACTED]
a4fedc86-5c66-4582-8081-2f45f0a5fccf,2026-04-03,1,,Very bad sarvice experience.,android,[REDACTED]
a9b311c6-7578-43eb-afc1-1156f4f630ef,2026-04-03,3,,"in F&O section, in position, P&L must show in percentage % but here it's not showing in percentage % Hope, Groww fix this.",android,[REDACTED]
aa87daf2-1e7b-458d-b010-a57979d1d332,2026-04-03,5,,its awesome trending app,android,[REDACTED]
acae63a3-20e7-445d-856e-9327e20baf4e,2026-04-03,5,,"transparent charges, user friendly interface. however, add VIX while option trading screen. and if currancy segment is added. it will be ever best platform.",android,[REDACTED]
b66047e3-5873-44b5-b2e7-1e5381dc730b,2026-04-03,5,,Very Easily user interface.,android,[REDACTED]
beee3740-a40d-4408-aa4e-4b7cf75ae936,2026-04-03,3,,"previous ui display was simple and easy to understand at the home page, bring that back",android,[REDACTED]
bff67362-f4d1-43c8-9024-148ae113b6f6,2026-04-03,1,,Refresh Time To much my internet ok,android,[REDACTED]
c6b69176-9f39-4b7f-98f8-8f0d9b88c0fa,2026-04-03,1,,bug problem hai kabhi kabhi screen show nhi hota itna to loss ho jayaga bhut let work karta hai screen push ho jata hai mera bhut loss hua hai,android,[REDACTED]
cbf98092-99ae-471a-bb8e-1c2d32abbee6,2026-04-03,5,,it is good platform for bennier investors,android,[REDACTED]
cd3d3652-d9b4-4db2-b045-e924e2207bf3,2026-04-03,1,,This app is not allowing me to close my account. It says that an email to close account will be sent on my mail within 24 hours but i received no mail.,android,[REDACTED]
d01a6619-a2a9-43d5-8550-8a8f3edee771,2026-04-03,5,,it's easy accessibility good,android,[REDACTED]
d8228dd6-d821-41bf-bc66-6ee1a686cb3b,2026-04-03,5,,good User Interface and experience also,android,[REDACTED]
de74eb10-fe39-426b-a1e8-deb24fe39a07,2026-04-03,4,,sometimes the app becomes slow,android,[REDACTED]
e5d8beca-2971-4a60-8f21-cdb5e7e89421,2026-04-03,5,,nice interface and grow team working hard to give the best service possible thanks a lot,android,[REDACTED]
f8650169-4f2d-458a-a3fc-b10a9d7ca55b,2026-04-03,1,,"Fraud app, cheated me with my redemption",android,[REDACTED]
ff2bb82e-1dfd-40eb-a4c3-9a59770d099e,2026-04-03,5,,Groo app is very best financial app..,android,[REDACTED]
017dd748-3996-4105-8b79-65b529305209,2026-04-02,1,,why Groww don't show decimal number in mutual fund ? and stock investing portfolio after 1 lakh Groww don't show the decimal numbers ! please at this function or any settings to see our decimals number in portfolio,android,[REDACTED]
053c4eeb-80ed-4461-940a-66365a34f717,2026-04-02,5,,Nice and Very easy to invest Sip or share market,android,[REDACTED]
14b479b7-00cc-4bc3-b9f6-a9ec8dba58af,2026-04-02,4,,It's A Very Good App zero brokery fee's and u can invest in any stock every companys stock also listed her and it's very easy to use but my recommendation is u firstly learn what is stock market then come,android,[REDACTED]
15bbeb6d-fb6e-49aa-b0cd-b2a57d9be245,2026-04-02,5,,your platform is amazing for investers very user-friendly interface. I just want to suggest you to add a rolling returns feature that helps a lot for investers. Thankyou so much,android,[REDACTED]
17fe2b91-f701-406a-b371-9ccc8916942c,2026-04-02,1,,"it's totally fraud application .... please don't download it if you want to save your Hard earn money , one time you make profit after then every time you make loss ..in this application.... I REQUEST GOVERNMENT OF INDIA please check software using by this application for TRADING ...they are making fool PPLS ,",android,[REDACTED]
18400422-2024-4e2f-a06c-d22a5313018a,2026-04-02,1,,mutual fund setup very slow and bad experience.,android,[REDACTED]
265c514e-d443-441e-80b2-a4dba3b8b57b,2026-04-02,3,,mujhe is app me 1 hi bat kharab lagi o Hai skills switch option nahi hai isme only pause option hai isme sudarna karni chahiye,android,[REDACTED]
2b4b061f-4e94-4f12-afc8-587dd415cb4b,2026-04-02,5,,I have used many apps for accessing the financial markets and I find the Grow app is the most user friendly and efficient to tackle the market.,android,[REDACTED]
2b54470e-0dcd-4d3d-8a68-8c3cc214db25,2026-04-02,4,,App is good But may be customer support needs improvement,android,[REDACTED]
2d738e89-c927-43b7-abdd-f1c61d62c7e7,2026-04-02,5,,"order buy sell ki speed bahut achi hai + 1 he chart pe options index 3no chart asani se dekh sakte bo scalper mode me or chart switching speed bahut fast hai, agar aap options trading ya investment karna chahte ho to ye aap apke liye best rahega easy to use",android,[REDACTED]
30417280-a10a-4104-8192-f18bae051a08,2026-04-02,1,,order nahi show hota hai on order cancel nahi hota hai,android,[REDACTED]
3267d592-c1dc-4fec-a38a-7b997a4871ec,2026-04-02,5,,useful for middle class. good working high knowledge,android,[REDACTED]
3496751c-e6c4-4c0f-b915-79040c5aec88,2026-04-02,5,,Anybody can use this app without any hesitation or problem but with proper learning,android,[REDACTED]
390d4c1d-f9b3-4e9e-9575-142303377e1a,2026-04-02,5,,user-friendly and very helpful,android,[REDACTED]
3da790e0-0343-4a91-a384-3ccd4c87fab0,2026-04-02,1,,very third class app no settelement on time,android,[REDACTED]
3ed21a3c-d22a-4e17-9ee0-a204aeb0df12,2026-04-02,5,,nice and good to use same day your money in Bank hassle free app,android,[REDACTED]
40f778fb-b07b-41b5-8e15-282edf996982,2026-04-02,1,,Worst Broker... their hidden charges and unjustified Haircut changes will rip you off... Zerodha is better than Groww thousand times,android,[REDACTED]
40fc25de-8a1e-4794-a342-37159c0f1068,2026-04-02,1,,scammer this is a totally scam app I bought a call of 71700 Sensex for Rs 183 and placed a stop loss of 170 and touched the graph at 172 and my SL was also triggered. This app is a scam app. Do not download it.,android,[REDACTED]
42dc1dbb-bdcf-4da2-8bd0-3aeb65846001,2026-04-02,5,,Overall good experience,android,[REDACTED]
46d418f5-15e7-4ac4-b519-0b292e4fcc7d,2026-04-02,4,,Charges High Compare To Shoonya FREE DELIVERY,android,[REDACTED]
4b87f354-ae9c-4416-bdbd-ac03b2b0c540,2026-04-02,1,,"worst app. It changed my registered mobile number linked to the government IDs, instead of just verifying IDs for reactivation purpose. very bad experience.",android,[REDACTED]
50568111-7599-4f5a-8f7f-451261c73ea6,2026-04-02,1,,worst worst when it's come to customer care,android,[REDACTED]
53c40545-e033-4575-af83-8916ac3e8ce5,2026-04-02,3,,"Great interface, clean UI, provides more useful information. Drawbacks being 1. No weekly SIPs for Mutual funds. 2. No switch between funds in your portfolio with different fund houses. Please try to include these, would really help a lot.",android,[REDACTED]
5d0ba0b3-08cb-4299-a9c7-d95eeced2841,2026-04-02,5,,I have been using groww since it was launched... Please add a feature suggesting the best funds for small investments.,android,[REDACTED]
5d1d7906-2004-42a6-88c7-ec1d84380334,2026-04-02,5,,nice app for investing for teenagers,android,[REDACTED]
5ec3f1ca-bf97-49b5-acc9-e92c85d88670,2026-04-02,5,,good Appo Groww Thank For Growth,android,[REDACTED]
65bc7122-4aa1-4e69-bdb0-364aa57b9be2,2026-04-02,5,,perfect Site for all ages,android,[REDACTED]
6b2ffaa3-5215-4ae6-9917-eb450481fd11,2026-04-02,1,,The customer support is absolute trash. I'm convinced the other reviews are simply bots. There is literally no agents to contact. Just the AI.,android,[REDACTED]
72bd154e-e8bd-415f-81c0-d87333b67bce,2026-04-02,1,,Why is my money getting deducted? And why has my available balance gone into minus? The money from my stock has disappeared. Where did my money go? 😭😭😭😭😭😭😭😭😭😭😭😭😭😭😭😭,android,[REDACTED]
75f8f88d-d237-42f2-bd84-e0949eec9f9b,2026-04-02,5,,I'm growing really fast thank you for making this software,android,[REDACTED]
78656c82-5ab9-4a9e-baeb-4c61e346bbdd,2026-04-02,5,,very easy & smooth oprated app.,android,[REDACTED]
8891479c-9f0d-4ecc-abd1-1be8064915b9,2026-04-02,5,,when you trade be careful and be conscious,android,[REDACTED]
88c35167-111b-46b9-b6e6-1ab5ed51d23a,2026-04-02,5,,very good Application,android,[REDACTED]
89520a56-03b8-4c0d-b1cd-9b79d9ab941d,2026-04-02,1,,"very bad customer support, they won't respond atall",android,[REDACTED]
89eea2f4-434e-4c90-bfe5-48d38f60ca98,2026-04-02,5,,it's work to good and show me chat how is it go the market up & down,android,[REDACTED]
8a2d445a-4368-4bd9-9eb7-276f76dcecab,2026-04-02,1,,useless and very slow service with higher transaction charges.,android,[REDACTED]
8f9ccb72-e7d8-49e2-b854-7cc13807babc,2026-04-02,5,,I learn about stock market helps grows app thank you Grows,android,[REDACTED]
94764bbc-8fe8-4929-a858-eed731b4eec9,2026-04-02,5,,Very good experience in this platform,android,[REDACTED]
9500ee04-6b1a-44ff-a4ab-287dc2c0ef8b,2026-04-02,4,,very good 👍 experience 😃,android,[REDACTED]
9c505b5b-9d1d-45b6-8320-b8aac125ccf8,2026-04-02,4,,better. pre opening session does nor display from 9 am to 9:07am,android,[REDACTED]
9d1db6f7-eda3-4534-870f-325158b38514,2026-04-02,1,,withdrawal are so slow,android,[REDACTED]
aceff2a2-ebad-4f02-8c61-cdc5b6d12ee0,2026-04-02,4,,it's very user friendly compared other demat account.. thanks for adding graph feature portfolio in stocks. I would like to request one more feature in reports section..it would helpful to our trading experience if you add graph in stocks P&L report.. candle bars graph is there but to check day wise P&L if you add classic graph it would be very helpful. I hope to receive this feature in future.,android,[REDACTED]
bc11319d-ab7a-4dc7-b60b-e8febc006af1,2026-04-02,5,,Good experience....... As a new investor it help me out in a very easy way...... It suggest the stocks that are beneficial to me....,android,[REDACTED]
bd7ac1d7-c418-47ae-aa7d-16d556997a41,2026-04-02,5,,Really enjoying how A calm and structured way to learn about stocks. Highly useful. Very useful overall.,android,[REDACTED]
c0934f26-4269-4711-b0e9-ee9d64f84eda,2026-04-02,5,,"i was using zerodha past 8 years now just one month is over I shifted to grow,now feels like I'm fully advance by the features of grow...I personally salute to the engineer who created a beautiful platform of trade in grow(international level)...keep growing 💗💗",android,[REDACTED]
c1280b45-d5c4-4776-9d10-b13a8c4c334b,2026-04-02,1,,customer care not connected. very high time to connect.,android,[REDACTED]
c181ad8e-1bfe-4090-8220-e2d14fcfe63e,2026-04-02,5,,A very good app from an investment point of view,android,[REDACTED]
c27d7724-cde1-4a37-9a1e-ae9238c8314a,2026-04-02,5,,I found that The insights are easy to understand and remember. Perfect for daily learning habits. Good experience so far.,android,[REDACTED]
c65ba7f6-89c9-43ba-829c-f8f1b17eb55c,2026-04-02,5,,bhout bdiya app hai baki walo se easy to use and very helpful.for new and old person.,android,[REDACTED]
c9b89d49-db48-4208-81e6-0bac6c9d43ab,2026-04-02,5,,"simple and nice, easy to use app",android,[REDACTED]
ceaf8a5f-eac5-4bfa-89e9-ce11b34ac860,2026-04-02,1,,"Worst.... Don't use groww for investment & F&O the broker deduct too much of hidden charges. No customer support. No reply of Mail. Not Receiving calls. Blocks the investment amount. So, to be safe don't download groww.",android,[REDACTED]
d02be826-c959-4473-8d63-35263ec78c28,2026-04-02,5,,best and fast access App,android,[REDACTED]
d08c5416-b62a-4d79-9219-319ff5c339f6,2026-04-02,1,,high brokrage charge,android,[REDACTED]
d9643212-cb0f-4316-8504-14328332342d,2026-04-02,5,,better than other easy to use,android,[REDACTED]
e1737ac3-1b38-4e41-a552-7f88edcd5f74,2026-04-02,5,,it application is elegant,android,[REDACTED]
e612e9da-5386-4b9d-bd06-24d9d208736d,2026-04-02,1,,One of the worst platform out there. I have transferred scripts from another platform to Groww which is now not accessible on original platform & neither on Groww. Their customer service is cherry on the top - no matter how much details you will share they will reply in preset messages only without understanding the core concern. Avoid this platform if you love your peace of mind and hard earned money.,android,[REDACTED]
e737cfa7-cbf4-44b6-bb86-51ec2175b179,2026-04-02,1,,"bad for trading , good for investment only .. very very very bad for trading",android,[REDACTED]
ea5683c2-e6e9-4d92-a7bd-dc01bfbd015e,2026-04-02,1,,"worst app, raised ticket no response. no support",android,[REDACTED]
f15e3b38-cdef-45ed-bcb0-55ed1fdc1856,2026-04-02,5,,new experience but good,android,[REDACTED]
fbf4535f-c457-4301-b6b9-2dd42d68b540,2026-04-02,1,,"No one should download this app, try it in some other app, this app will never let you make any profit.",android,[REDACTED]
fdd66dc2-2ac6-4110-be2a-20bef0fee4f1,2026-04-02,4,,Please have option to remove externally imported funds,android,[REDACTED]
01f813de-66b9-4113-88ec-49dc9ee6b0a2,2026-04-01,5,,this is one of tha most usefulll app compare to others app,android,[REDACTED]
029eca20-0cf0-4008-b066-685587893b19,2026-04-01,1,,worst app always gives advertisement,android,[REDACTED]
04dfd063-9b9f-4b6c-b675-3b0a993c83e2,2026-04-01,1,,more expensive tax..... it's very High rates meter intrest for MTP..i never use this application again good bye,android,[REDACTED]
0c06032b-1616-45c2-9ebc-a9d2fe27f640,2026-04-01,5,,easy to use.... awesome to to trade,android,[REDACTED]
0cbb390e-9294-4b2b-a212-b660a739886b,2026-04-01,4,,good app very easy to learn,android,[REDACTED]
112017d5-985a-4416-84fc-a9f254ea87ff,2026-04-01,5,,kindly add live sensex and Nifty points widget,android,[REDACTED]
1448de09-0a78-4ae9-ae1b-82b3f0df6af2,2026-04-01,1,,Avoid Groww for F&O. it's full of restrictions on strike price. 3rd class customer service. They don't know anything.,android,[REDACTED]
15074bf0-8cc4-470c-bf65-eb374ed9b02a,2026-04-01,1,,from when invested in groww the funds are getting down down down,android,[REDACTED]
3d2d9bf0-a9fb-4177-b862-aa9c17cf2f65,2026-04-01,1,,waste the grow don't use grow he is taking much taxes and,android,[REDACTED]
3e2cdeef-adf2-44ae-b6b7-c558be5c04d2,2026-04-01,5,,why removing groww trapped,android,[REDACTED]
3f17c287-9b2d-4860-a8e6-53cd2b0ee2a1,2026-04-01,1,,nowadays it's doing fraud activity don't use this.. customer care is horrible and simply they hold your money and it's not user friendly to withdraw money from it... please use other apps which are user friendly...,android,[REDACTED]
4ebc14a3-01dc-4bfa-af8b-8faa04cb54d4,2026-04-01,5,,Grow app is a amezing platform for Trading and investment through SIP. Full marks 10/10.,android,[REDACTED]
5496f4d4-8ba9-4e7d-ab55-a77e2d5f73b4,2026-04-01,1,,"most 3rd class app for trading, always lags, always problem while opening any chart, some times money deposited but not showing up in app. some time money shows in account but unable to use. most disgusting thing is at that time neither there customer care chat box or there helpline no works.",android,[REDACTED]
5561037b-1c8e-4737-bb72-ac5bbf23445c,2026-04-01,5,,Fantastic App.User Friendly,android,[REDACTED]
585ec984-2415-4650-9f5e-9e8f0082a7ad,2026-04-01,4,,"stock portfolio analysis line chart is broken, my guess is it is not taking etf into account for selling price but considering it in buying price PS: It is still broken, it shows my investment in loss in analysis screen. something is wrong",android,[REDACTED]
5884476f-3b50-496f-80f2-1b0373f90436,2026-04-01,1,,only losss no profit,android,[REDACTED]
59b0fab5-827a-4ba3-8975-7780c617ecc3,2026-04-01,4,,platform is really good and iam using it from 2022 really good,android,[REDACTED]
5d08ea77-4c89-4c49-8e26-a03581bd1a22,2026-04-01,5,,I am proud of you dear sir,android,[REDACTED]
5f21269e-a1c9-40a1-a95f-ef89bcbf6480,2026-04-01,5,,Clean interface and beginner-friendly. Investing and trading are super smooth. Perfect platform for both beginners and experienced users.,android,[REDACTED]
6114d42e-0133-4ce5-b16f-d0e498ae904e,2026-04-01,1,,"I want to share my personal experience with Groww. I have been trading for a while and despite doing proper analysis before entering trades, I consistently end up in losses. It often feels like the moment I buy, the price starts going down. So far, I have faced losses of around ₹15 lakh, which has been extremely frustrating. From my perspective, the platform experience has not been favorable, and I strongly feel that something isn’t right at an individual level, this is a worse trading app.",android,[REDACTED]
625c0919-81d5-4498-bfd6-62dfd6f48fc1,2026-04-01,4,,very nice platform to earning,android,[REDACTED]
658efb89-8c4d-4b51-ad41-3e569ebaf5c6,2026-04-01,3,,don't give withdraw money on time,android,[REDACTED]
6737e16e-d958-49d8-ac91-6019c4e906f6,2026-04-01,5,,"easy to use app , thanks grow to provide us a platform where we can earn",android,[REDACTED]
6e4b4d8b-1831-4f8d-a3ad-7b1929886485,2026-04-01,5,,Really loved the new pie chart views you have added for MF portfolio analysis. Now it also tells the gain/loss for short term or long term funds. Really liked this one.,android,[REDACTED]
7590258f-dcf0-4385-b1d6-a790857d3e2d,2026-04-01,5,,great..... easy to use,android,[REDACTED]
792fcd87-b695-4efd-9239-efa1956ffa94,2026-04-01,1,,"TOTALY WASTE OF TIME AND MONEY ALSO THIS PLATFORM LIKE A SATTA CALLED IT JUWA THAT'S IT BEGINNER'S STAY SAFE IF U ENTER HERE THAN YOUR MIND THINKING THAT HO SKTA HAI MAI LUCKY HU THORA SE KHELTA HU AGLE DIN LOSS ME JAOGE TO OS DAALOGE MANN BOLEGA BS EK OR . SO JAO 99% CHANCE RKHNA KI LOSS HI HOGA OR 1 % SORF VO JO EXPERIENCE HAIN SO TUM UNME BHI NHI HO OR NAA MAI DON'T WASTE MONEY HERE BUT U CAN SIP HERE DON'T PLAY F&O, STICKS ETC..JUST DO SIP ONLY IN MF THANKS BYE HAVE A NICE DAY.",android,[REDACTED]
7a085c05-d8d2-4b02-b383-76eaaf92bff7,2026-04-01,5,,Grow is a very good platform. It is very user friendly.,android,[REDACTED]
82d43552-5809-4b76-babb-594a9df53224,2026-04-01,5,,"great app, i use it for Gold and Silver ETF investing",android,[REDACTED]
84b82366-d52f-439d-9917-6686a8d0af35,2026-04-01,1,,third class trading application it's hold my money after settlement also,android,[REDACTED]
88e732d4-a5cf-4b50-ba2e-9954eecf2a4b,2026-04-01,1,,in starting all thing is good but now I am facing to much glitch and the glitch are posetion terminal got fresed or some time it doesn't show the full balance and the recent case is I book the profit 29 th March and today is 1 aprail in when I check it yesterday it show the balance in afternoon I check it goes in previous balance and I check today the updated balance is showing and now.i want to take my posetion in f&o now I doent showing the balance now who is responsible I lost the opportunit,android,[REDACTED]
8c98625e-5b02-48bd-a70b-457fb25e35a2,2026-04-01,1,,"The app charges money to set up STP which is free through all other channels, including through Mutual Fund advisor.",android,[REDACTED]
93292320-2de1-43fd-8b1b-82d83a489ccf,2026-04-01,5,,good investment.. to groww koro,android,[REDACTED]
99f45dfb-4c0d-4186-a12a-7680b7d559da,2026-04-01,3,,Good broker but too much charges and high priced.,android,[REDACTED]
a4aae371-1bc0-4953-96bb-9303da915d0d,2026-04-01,5,,very nice for scalping and intraday,android,[REDACTED]
abfac9d6-f266-43bf-af69-8d3f9e94fbf9,2026-04-01,5,,very good experience with you,android,[REDACTED]
b2199e0d-b596-49b9-bb4a-b2ab947560f6,2026-04-01,1,,muzhe groww se 5 sal se loss hi huaa hai,android,[REDACTED]
b7a40510-ec09-438b-924c-75bf0b02aacc,2026-04-01,3,,account should be save,android,[REDACTED]
b902176f-0369-4300-ba1d-a4b7892ec3bc,2026-04-01,5,,Best investing platform,android,[REDACTED]
b9eea6da-aa51-49ac-b804-c886193c1bde,2026-04-01,2,,Unable to switch fund though 3 year locking period got over. Showing error while switching,android,[REDACTED]
baa14fcf-c1ec-4ef9-8ffd-a1d230faba1c,2026-04-01,1,,"i couldn't even log in properly too much process and so much of documents to fill worst app, angel one is better>>>>>>",android,[REDACTED]
bc41567b-2de1-4745-ae0e-94d5ab0c0b45,2026-04-01,5,,many other things are good 😊,android,[REDACTED]
bda9c60f-29d3-4d4f-9b69-6df3b8e39d4a,2026-04-01,5,,I had a great experience in the last 3 years.,android,[REDACTED]
c6149862-ad81-479e-8d74-f7949bdb0cf5,2026-04-01,1,,though i have balance it always shows in negative n I can't use or withdraw my ammount,android,[REDACTED]
c7ea98d8-3ded-4276-9e2b-46bb74b6ce38,2026-04-01,1,,I have been using the grow app for the last 3 years now I conclude this is very worst app. I have placed an order and it was successfully placed. after 2 hrs my account balance showed negative balance. and my trade was showing 1100 profit when trade went negative it is auto square off. when connect to support he said we due to holiday your profite amount and your real money was blocked due to this account balance is showing negative. and it will reflect today after EOD run. seriously.,android,[REDACTED]
ce6703ef-57db-40c7-b495-8573056714ba,2026-04-01,5,,"This app is very easy to use, that's why I started investing. Thank you groww App.",android,[REDACTED]
cfb6d555-3c6c-4361-805b-6feabd15f4dd,2026-04-01,5,,this super app in the world,android,[REDACTED]
d357260b-cf4a-444d-a4bf-0325dacfdf7b,2026-04-01,2,,not bad but not very good,android,[REDACTED]
dcfa5608-ba18-4815-998e-86bd9805b73f,2026-04-01,1,,mutual fund resumption always failed money lost,android,[REDACTED]
faaa176b-1d5b-4282-bc4d-0bf3a427823c,2026-04-01,5,,the best app to investing,android,[REDACTED]
ff1dcae6-e575-445a-b045-fd302f526197,2026-04-01,5,,"App is very Good. My only Suggestion to all My Friends would be to Stay away from Intraday Trade & F&O, as it may erase your capital to a great strength.",android,[REDACTED]
0ff5f561-2f6a-4b74-8424-679ae7d336e2,2026-03-31,4,,"V. Good app. But please On homepage, At Top showing Nifty 50, Sensex,bank Nifty, global sign in Horizontal Row is now very Thin & too much small from last update. please make that row slightly bigger, bolder or In tiles Foam as it was before the update it was. current is very small letters & over minimalistic.",android,[REDACTED]
16208c53-9e2f-4ef7-9646-5ee9e0dcba8e,2026-03-31,5,,best place for investment. May try.,android,[REDACTED]
28e93d42-e88d-4e6f-8977-197126a938cd,2026-03-31,5,,Setting up SIPs is quick and seamless. The app sends timely reminders and gives insights to help me stay consistent with my goals..,android,[REDACTED]
34c049e8-9ffd-457d-9c75-e879862f4650,2026-03-31,1,,I have many reasons for not choosing groww 1. Brokerage on equity delivery 2. Worst customer and product support 3. Very less new feature updates 4. No resolution to the issues even after months 5. Wrong OI data in 915 platform,android,[REDACTED]
3626da3e-e94f-4e36-8120-1959641b6c98,2026-03-31,1,,after the recent update they have removed the overall % allocation and they have introduced separate active and passive allocation but not combined how do I know which fund has more % allocation considering total overall portfolio??? portfolio tracking should be wrt nifty 500 nifty 50 so that I can check how my mf portfolio performing. check ticket number 25372237. they closed it without bothering..,android,[REDACTED]
3901299d-ebd5-4135-9dc7-44d0df18c8df,2026-03-31,5,,"The platform very nice but need learn more about trading, if a do single mistake there is huge amount loss I have to be make sure and more careful absorving",android,[REDACTED]
3ca56d58-c988-45c1-8a46-b4cb375f3159,2026-03-31,1,,Share And Personal And Photos data not Secure in This application Very poor Application And All Personal Account Details like Account Credit card Outstanding And Amount In Your Account Not Secure You have Lost All Your Money,android,[REDACTED]
40490f5f-6ba2-4ff6-97f6-6d157cfe0589,2026-03-31,5,,best app in the world,android,[REDACTED]
4083378e-06ea-4f6f-873f-b792cb4f748b,2026-03-31,1,,After lastest index is showing not user friendly,android,[REDACTED]
4160ece5-4f88-4100-bc3c-9c8ded1c0c42,2026-03-31,1,,Worrest response service worrested charges very high price accuracy not genuine,android,[REDACTED]
41794d57-38f1-4d9b-99be-97673f8f1428,2026-03-31,5,,the power of Groww is equal to the Power of cosmic....,android,[REDACTED]
466b785c-0889-49cf-9e01-4cd52a9a664d,2026-03-31,1,,lastest update not up to mark ...home screen not visible nifty,android,[REDACTED]
5605c4fa-b83a-4e9f-bb1b-3daf4c1ab225,2026-03-31,1,,change the index icon it's annoying make it like previous one,android,[REDACTED]
58d09cb3-b324-461a-8d0c-85fc448f3f40,2026-03-31,1,,(1) When will you give basket trade option for equity trading? Currently available only for F&O trading. I need to move to 5paisa app for that only. (2)I forgot my password. And for resetting password the OTP comes after time has expired. Send OTP to mobile number. Email option is very slow. I have exhausted all my attempts. Hope it is resolved already.,android,[REDACTED]
5f841692-0e9c-42ca-af5d-fec76019c6a2,2026-03-31,4,,fno brokrage is High,android,[REDACTED]
65034fa4-0dd2-4a5d-9325-02466253866f,2026-03-31,5,,this is good app to use go and download the app,android,[REDACTED]
71ad4d8b-98b4-4bc1-b902-0781b06ca1d5,2026-03-31,2,,"Best interface amongst all. easy to use, but customer support is very bad.",android,[REDACTED]
8c6c23db-7f67-4841-a2f1-08e011351a54,2026-03-31,4,,I think this can be easy for beginners... otherwise it is decently good,android,[REDACTED]
9522f0dc-062d-4eb5-a039-1faabbc910b5,2026-03-31,5,,plz bring back option to invest in us stocks and etfs plz..,android,[REDACTED]
a7f46905-697d-4c24-8c52-008249eea7d1,2026-03-31,1,,the new UI addition of forcing groww upi on every transaction is so annoying. cheap tactic to increase registration. didn't expect this from an investment app,android,[REDACTED]
a8dd6836-19f3-4701-b4c3-8acecff84c34,2026-03-31,5,,better service as we wants,android,[REDACTED]
aa7b61f8-1a97-4447-aea9-936348337653,2026-03-31,5,,I am very happy .app is very good.,android,[REDACTED]
ac4b17da-7070-4eb3-9c0b-09b803a5a8fb,2026-03-31,5,,One Of The Best Investing App,android,[REDACTED]
b40a0391-e227-4708-93d7-75103fdf28e7,2026-03-31,1,,"worst app,its irritating everytime i open app they ask for review. if i give 2/3 stars they show up again n agin so making customers force for 5 star. user interface bad,trading experience on this platform bad lot of charges and taxes.",android,[REDACTED]
be69a2be-7e9a-4d8c-bc24-245902366415,2026-03-31,5,,🥰 EASY TO USE AND UNDERSTANDING 𝑩𝑼𝑻 ⚠️ TREDING IS NOT FOR PANIC AND TAKE REVANGE TYPE PERSONS KEEP LEARN AND CALM ❤️ GOOD LUCK,android,[REDACTED]
c81d7550-6c13-4c39-a2ec-635696468a01,2026-03-31,4,,app Acha h bss profit nhi hota,android,[REDACTED]
cbe9cec9-9f3f-4cdb-948a-ea7355f30c6f,2026-03-31,5,,good looking your assass good tedding,android,[REDACTED]
ebba4804-8556-4bed-be82-a1aa94bd5d0b,2026-03-31,1,,too much hidden charges and other loots. I added certain amount on Groww and invested it. After total investment my actual invested amount is 0.401% less than amount added to Wallet. This is [REDACTED] more than different charges and Taxes that ideally should have been Charged.,android,[REDACTED]
eca09308-d048-40c3-8f6b-526914225e10,2026-03-31,1,,very froud foundation,android,[REDACTED]
eecd84f3-993c-43e4-897c-80359648c1ff,2026-03-31,5,,best of all trading apps! go for it !,android,[REDACTED]
096ce748-355e-4d5b-8092-f76c73874dcc,2026-03-30,1,,"super app but older version view is best, latest updates worst....",android,[REDACTED]
0d0ebe94-7d85-478f-a352-443b32e75e31,2026-03-30,5,,Very simple And good 👍👍 .I am fully satisfied and happy.,android,[REDACTED]
13bc2cf0-1df4-49e4-8e7d-bf73e880d80d,2026-03-30,5,,Great App ~ very easy to use!! ❤️,android,[REDACTED]
177c4d53-b94b-4697-a62e-46b8a55e6b9f,2026-03-30,5,,I just love the UI. its easy and convenient to use.,android,[REDACTED]
1a6b0e21-17bc-40c3-b3c5-9f801bdf4c94,2026-03-30,1,,I won't recommend it to others. Nowadays they started charging brokerage per order which very high compared to its peers and it has very less features and customer assistance is worse.,android,[REDACTED]
22408715-b3dd-4f39-bd6d-3419b8ae41c0,2026-03-30,5,,my trading guru is grow♥️,android,[REDACTED]
2723ac1f-48a2-4ada-b11c-f94019670e30,2026-03-30,5,,builden bahut achcha good 👍,android,[REDACTED]
28ba6acf-2bbb-404d-81ff-e9c348277ec1,2026-03-30,5,,very Nice Service ♥️,android,[REDACTED]
2a7148a7-aec7-4119-a4ea-5870fe3ce786,2026-03-30,5,,Very easy and Good 👍🏻,android,[REDACTED]
2c072da3-72aa-4b2b-b48e-2a0c4e354440,2026-03-30,4,,it's was very good experience to me,android,[REDACTED]
2cfee562-ff3e-4245-8a9d-3241fdcc04a4,2026-03-30,4,,Good but Customer care cannot be contacted quickly and the profit in rupees per lot should be mentioned there on every order like Angle One App and Open Position are not working properly... Don't Trust on Technical Analysis for Stock. I may be wrong.,android,[REDACTED]
32ba5e2f-9c4f-46b7-9f9a-6893584a2191,2026-03-30,5,,grow is the best app for treding,android,[REDACTED]
370f5278-dd51-4d72-8404-2a920d219a63,2026-03-30,5,,very good app and orders excute fast,android,[REDACTED]
38bbea78-477a-4ffe-a5ba-dbd5c3c1a8a1,2026-03-30,5,,"Nice app, we can easily understand options with this app. But brokerage charges are to high.",android,[REDACTED]
3a803684-de17-4079-a485-bb62550bc9be,2026-03-30,1,,they are calling to shares are irritate to solved this problem to ko call customer,android,[REDACTED]
3ae1a7cd-a895-4efa-969e-d15047b0635e,2026-03-30,5,,good support. but one time required 2 and 3 chart.,android,[REDACTED]
43772025-2c1a-46a0-b898-7437926e803e,2026-03-30,5,,"Easy to operate ,faster & smoothfunctioning & very simple to understand---excellent app .",android,[REDACTED]
48adb9f0-3991-46fa-8fb3-c29f006142e9,2026-03-30,1,,best trading and invest app 👍,android,[REDACTED]
4a8efd94-8b87-48a8-8810-a2b1cedf8700,2026-03-30,2,,"Very unstable app It keeps crashing every now and then. Neither a day goes by that it doesn't crash and finally becomes irresponsive. I wonder how they became an 🦄. Proper HR reply given by u guys. What do u think, I m a fool. U guys have made my day hell since the day I decided to go with groww. Guys if u have reached till here, I will suggest go with someone other than groww.",android,[REDACTED]
4d3d8249-e5a8-45a4-9237-aa9e687904e8,2026-03-30,1,,Do not dowload this app. groww not taking any responsibility of your money. Taking 20 days for redemption procedure.,android,[REDACTED]
54568169-b7e5-4622-9ebf-895d9ca41031,2026-03-30,5,,nice app thank you groww for my financial journey good experience,android,[REDACTED]
553fb766-bb5f-4dfe-a39c-e148dcd96011,2026-03-30,5,,best wishes you dear,android,[REDACTED]
55d9bf65-0c86-4978-b384-bc7f18f68ecc,2026-03-30,1,,"I’m very disappointed with the Grow app. Recently, I received calls from random numbers offering investment services, which was honestly shocking. It made me question whether my contact details are being shared without my consent. User privacy is extremely important, and platforms like this are trusted with sensitive information. Experiences like this completely break that trust. I would strongly recommend being cautious while using this app. If this continues, it’s better to switch to other app",android,[REDACTED]
564f367a-3d51-4f4a-b742-9529c3aa529b,2026-03-30,5,,it is very simple app and anyone can use this app for trading...,android,[REDACTED]
57d0e633-0be6-4ffc-826e-348d534da013,2026-03-30,1,,updated tools not cool. old is gold.,android,[REDACTED]
623e832c-cf10-4d4f-b897-2d5f313107bc,2026-03-30,5,,indian best broker application,android,[REDACTED]
6374c7f1-71ab-4478-aae1-c43643cdc922,2026-03-30,5,,investing is the best habit of life for all people,android,[REDACTED]
73b22c30-3e55-466b-8ff2-e52b7631d2f1,2026-03-30,5,,trading interface is very good,android,[REDACTED]
75e84a62-9a3b-4f82-8301-1f1e1c30cf73,2026-03-30,5,,This app is very easy to use and great. i am very satisfied with this app..,android,[REDACTED]
7913da6b-9441-45a6-ab2b-86b08b5e7f95,2026-03-30,1,,"previously it was good easy to take trade but after new updates it difficult to trade, just to veiw price chart it will take lot of time",android,[REDACTED]
7da8f996-d01d-4b56-bd7e-4d6bba6a6dfe,2026-03-30,5,,very useful to me and I will be in colly,android,[REDACTED]
80136bf4-00c2-4fee-a8a7-1902955250ea,2026-03-30,5,,very easy and good...,android,[REDACTED]
83942405-c760-4452-9e42-c749d9e8ac5c,2026-03-30,5,,very easy. to use this app,android,[REDACTED]
8418abfd-2586-457e-80c1-925917d76281,2026-03-30,5,,The new features are third class The old features were great to know all the charts at a single time after seeing the new feature I really want to uninstall the app,android,[REDACTED]
869b0590-2cba-44c5-bd97-16aac9c83e69,2026-03-30,4,,please bring back the old way of showing the nifty and sensex windows. This current small line is not good to see,android,[REDACTED]
89206e1b-5c54-4b5f-a4cf-fd86fd75da7a,2026-03-30,4,,"Please fix the Tax Harvesting option. It keeps showing the login page of Groww. And even when I try to login in that page, it takes no action.",android,[REDACTED]
902e669e-82b3-4d8b-a695-460f97174111,2026-03-30,4,,Recently facing issues like showing FNO margins lot multiplication errors and availablr funds errors. Need to rectify on priority basis.,android,[REDACTED]
91eefbee-5cb3-4fec-96fa-e307eb8f551c,2026-03-30,5,,very easy entre face and simply understand,android,[REDACTED]
93b9047e-5a52-45eb-8b5f-5586b4d326eb,2026-03-30,5,,Best in terms of user friendlyness,android,[REDACTED]
9a4d07ef-cfeb-4714-82dc-0a0d188fe4e7,2026-03-30,5,,Very user friendly interface with technical company information...,android,[REDACTED]
9d95ce18-4ceb-447b-a912-4b91cd96fe50,2026-03-30,4,,This app is too Good very easy process in stock market,android,[REDACTED]
9f4a4194-7008-4acf-bdaa-3bd56efb980f,2026-03-30,3,,always app slow when network is available. jadatar sab profit hao raha ha tab,android,[REDACTED]
a06ac59e-ffb6-4ac4-8432-021b582101d2,2026-03-30,5,,this broker is best in sip and investment,android,[REDACTED]
a1357f3c-7346-476e-acd8-39fe806bdc5e,2026-03-30,3,,pleaseee remove expiry on price alerts,android,[REDACTED]
a36aa1e2-46af-46bd-8172-b83023dd57a1,2026-03-30,5,,No knowledge without groww app,android,[REDACTED]
a4370b31-5663-41a7-980f-1955f57f8126,2026-03-30,5,,"Grow is a helpful online money invest platform,,🙂",android,[REDACTED]
aabc93f2-61e5-4b4a-9265-3d44504c3838,2026-03-30,3,,investment awareness required for investors,android,[REDACTED]
accb166a-00d4-41fb-a0c1-535a75da2238,2026-03-30,1,,There is no responsibility from team to help customer for deposit. Taking ages for them to transfer the amount faced heavy losses due to this delays.,android,[REDACTED]
af86665e-cc28-48c4-a631-7c1c35cbe2e0,2026-03-30,1,,grow application very froudly company know investing any trading app always money lossing,android,[REDACTED]
b1138391-583e-41de-80c3-85cda87a6705,2026-03-30,5,,I'm using this app since 2024 and I have no complaint this app is amazing 😍 I never face a problem since I download,android,[REDACTED]
b12134bd-4342-4c49-8fef-028c909cafd9,2026-03-30,3,,"App was great until last update they change Ui of home screen where nifty , sensex now shown in single line which isn't that appealing",android,[REDACTED]
bd534999-87d1-463f-89fd-430ddb8f1fb9,2026-03-30,5,,more clarity needed in per day in changeing NAV,android,[REDACTED]
bfb3ee04-4e13-4f15-915f-a1eabad443f2,2026-03-30,5,,all in one it's too good,android,[REDACTED]
c1e773ca-f94b-49fd-b0ad-e607e2ae5ef8,2026-03-30,1,,"The update of 28-03-2026 is very poor and bad in which the market index icon has been made smaller due to which it does not work quickly and properly, trading in the market has become more difficult, we do not want this interface, it was there earlier.",android,[REDACTED]
ce11e93e-3f0c-45f2-a7aa-12a50554feb9,2026-03-30,5,,useful app and best app,android,[REDACTED]
d080dbbc-3997-4700-8265-8e5638b96949,2026-03-30,5,,"Awesome and Very Good, Easy to Use",android,[REDACTED]
d8f2727b-c0cd-4a5e-87e7-66db48054a10,2026-03-30,5,,A1 app for the share market.,android,[REDACTED]
d9ae0528-f864-4b71-88e0-fe9567efb9bb,2026-03-30,2,,it consumes more tax in mft,android,[REDACTED]
dd13d44d-a569-4333-8fc9-03edde07ab0d,2026-03-30,5,,thank you this app is easy to use,android,[REDACTED]
dd217fca-4784-4f4e-9548-1e46ca44cdf5,2026-03-30,5,,very easy to investment and some time they send some gift also,android,[REDACTED]
dfa54996-aacf-439f-a029-4a30452f4218,2026-03-30,5,,"Very Best Application, I am using from 2022 till now there is no complaints regarding this App. They solve your queries on Time. Money withdraw process is good and on time.",android,[REDACTED]
dff7acdf-9a8b-4972-ae40-e48bc426d6e7,2026-03-30,5,,very user friendly and informative!!!,android,[REDACTED]
e232474a-7aa1-4653-8027-2f48f5a65cf4,2026-03-30,3,,"charges are higher as compared to zerodha, also not very transparent about at the time of transaction.",android,[REDACTED]
e23a769c-3d94-492a-9964-bb18b6d8199f,2026-03-30,5,,very good trading platform,android,[REDACTED]
e7363c9e-344a-4286-8411-b1b92b0f2ea8,2026-03-30,5,,This app made investing easy,android,[REDACTED]
f86a6a56-5bc8-4240-917c-f951dc0a0212,2026-03-30,5,,Awesome......effective interface.....easy to use,android,[REDACTED]
f8ec5945-900c-4cd2-88d9-aa077b67c2e1,2026-03-30,5,,Good suggestions and easy to handle,android,[REDACTED]
097b449d-9ea4-4f0b-984b-c58769de36d3,2026-03-29,5,,"it's a very good application, and it's easy to understand. For those who want to make money from the stock market it is a wonderful app.",android,[REDACTED]
274b288d-4eee-41c7-a4cc-1d85dbc27af5,2026-03-29,5,,"1.please enable ""swp"" option in this application. 2.please increase bond availablity. 🙌 other wise application is seriously no 1 and also easy to handle ♥️😀 thankyou groww team",android,[REDACTED]
370947eb-171b-49c6-ab38-bbf32e1caf3c,2026-03-29,5,,"it's very easy to pay , and brokerage is also average this is good for investors",android,[REDACTED]
40ea73c0-cf4d-4a7d-9d55-2bb8bf4559f0,2026-03-29,5,,chart IQ option do hamen hamare indicator tradingview per nahin lagte..,android,[REDACTED]
4bc17668-734e-4f8b-a96a-b9916d903781,2026-03-29,5,,very good app for mutual funds 👍,android,[REDACTED]
55cbf4bd-6a08-43a2-ac21-73d7833806fa,2026-03-29,1,,"External Mutual Fund Portfolio takes too much for show in Groww App , Please Reduce it",android,[REDACTED]
5c77fbdc-6b86-4bd0-871c-46e9fc07e7b6,2026-03-29,5,,for me more to understand trading help,android,[REDACTED]
67a3e78c-ed5e-4af0-9481-3b45012eae7c,2026-03-29,4,,"One of the few investment apps that actually feels simple instead of confusing. Clean design, fast transactions, and everything is easy to find. Good for both beginners and regular investors. Makes tracking stocks and mutual funds much more convenient.",android,[REDACTED]
69b90ca4-304a-4165-8ffc-b35c61d8224b,2026-03-29,4,,best to add of us market & crifto currency,android,[REDACTED]
705fe3eb-3137-4d83-8a06-9a5ccdb4726e,2026-03-29,5,,very nice good app 👍,android,[REDACTED]
7f7e0160-c77f-4fa9-9955-e31accf14070,2026-03-29,2,,no option to add Trailing stoploss for positional trading or swing trading,android,[REDACTED]
800d3c76-69d4-46b1-9a41-9bd871869510,2026-03-29,5,,best of public review,android,[REDACTED]
82023463-5b0e-448f-aeed-105bcd6ea98c,2026-03-29,5,,it's simple and easy to use from another platform..,android,[REDACTED]
a481e008-31b5-4850-a06b-8563f8e3acbb,2026-03-29,5,,"User interface excellent, don't change forever",android,[REDACTED]
ada66c77-95cb-45cf-a7fd-80282c6c1f08,2026-03-29,5,,Thanks for Groww Team . I am Happy.,android,[REDACTED]
b9b16a8d-8c9a-4c1d-a978-593336478602,2026-03-29,5,,"Great app, and easy interface",android,[REDACTED]
bf6079a2-ed60-42eb-a7c0-9b1633ab128e,2026-03-29,5,,"The app is fabulous. one feature needs to be added for a combined portfolio which includes shares, mutual fund, epf, ppf, etc so we can see our wealth portfolio and take decisions on the results.",android,[REDACTED]
c2525f7b-120b-4aa7-91e4-28f616b456cc,2026-03-29,3,,"The app is user friendly , no lag but brokerage charges high.",android,[REDACTED]
c76c2666-bf9b-465e-bbb0-00c20d86de6d,2026-03-29,1,,not interested not 🚫 interested,android,[REDACTED]
d428094c-883b-43b5-87f7-1b45231a316e,2026-03-29,1,,"In the latest version,the trading chart of groww application is useless not only that even the trading view chart is not working auto fib retrce isn't available if you try to use it manually then you can't set it up properly even if you try to remove fib indicator you can't ( and in old trading view chart you can split the screen in maximum 6 sections and can see 6 different stocks at a time)now can see only 1 chart for 1 stock that also malfunctioning it is really very poor form of groww app!!?",android,[REDACTED]
e3086d64-81ee-4ee1-af10-116eb4ecbdeb,2026-03-29,5,,"very useful app, easy to use",android,[REDACTED]
e345599e-7ee1-4dc2-921f-7fda097b92cf,2026-03-29,3,,I am not having internet problem but the icons in stock market has become invisible. in mutual fund section it is okay.,android,[REDACTED]
f5079bad-02bf-4389-b39b-6c9cb4ce4429,2026-03-29,5,,it's user friendly app crystal clear platform,android,[REDACTED]
f7c9e4e3-b6f3-46a7-9014-92d3d45bde39,2026-03-29,1,,this many days i was able to track external mutual funds and now suddenly the feature is gone,android,[REDACTED]
fca6a15c-c127-495a-9ce3-cc7dc5eea938,2026-03-29,5,,Easy to use... Overall very good!,android,[REDACTED]
08115ff4-6d62-4d57-bf91-2bafef2048eb,2026-03-28,5,,good service better than angle one,android,[REDACTED]
0dacfa2b-9e94-4505-8671-add1cfd19346,2026-03-28,5,,"Best App for trading & investing, It's simply the best, no other Broker App falls even in competition of Groww, but higher brokerage charges made me move to Dhan. Still I'm invested only with MF in Groww.",android,[REDACTED]
1757e697-37b2-4d50-b453-81323e4ba495,2026-03-28,1,,very bad experience with groww. automatic money cut from wallet. please don't use such type app.,android,[REDACTED]
339e7a3a-2dec-45a7-af3b-e2f9e2ff869a,2026-03-28,1,,"worst app i request everyone to please do not download this application because for future and options this application is worst and charges too much fees as scurity fee, igst, sgst, brokerage etc / for else also please do not download this application.",android,[REDACTED]
40945c71-b71a-4d79-9890-24ffda602d42,2026-03-28,5,,"Grow application is very good, mutual fund is very good, I am very happy 👍😊",android,[REDACTED]
434bd3a4-6b94-4f3e-8fa0-2c5265674f99,2026-03-28,5,,Very nice and easy to use,android,[REDACTED]
54ab1ee4-3006-4952-b8b0-0885c9a40b9c,2026-03-28,1,,"groww is a worst application, i can't withdrawn my wallet amount to my bank account, it takes 3days time, why you given wallet option, no use wallet option in without instant withdrawal, groww company give disclaimer near wallet explain about that it takes 3 days time to withdrawal in holidays, worst experience I faced when emergency period. zero ratings for groww application",android,[REDACTED]
62989c92-3ab8-4147-b471-8e9e66a660c6,2026-03-28,1,,trailing SL not provide,android,[REDACTED]
6b4d78fe-bbd7-473f-86eb-d23d11eaf995,2026-03-28,3,,Otherwise it's good but lot of improvement needed. 1. Multiple accounts log in or switch accounts 2. Simple Insights to cumulate all data and give decision making power to users.,android,[REDACTED]
766ac85f-91cc-4a6a-b865-00dbf65ae055,2026-03-28,4,,"Suggestion: About adding Widget Dear Developer, if you add this feature widget in the app the user may be very helpful and make interest in Groww App. Scrolling Stock Price Bar Widget 1) In this widget user can add his favourite Stocks/ETF/Fund etc to show its live price 2) The widget may be fully customizable like font, Bar position, colour, Scrolling speed, Size of bar, Background color or transparent. 3)The widget may shown on anywhere in screen or lock screen or both it may be optional.",android,[REDACTED]
a1a3d0ee-02d5-404c-ae11-78cbef33fa51,2026-03-28,5,,please add treding journal book,android,[REDACTED]
d912f0ce-ecc2-497c-bf21-136f98b4686e,2026-03-28,1,,"On the listing day, the stock was not visible on the Groww app for around 10 minutes after it went live on the exchange. During the same time, it was available for trading on other brokerage platforms. This delay prevented me from entering at my intended price. For active traders, even a few minutes matter. I hope necessary improvements are made to avoid such delays in future listings.",android,[REDACTED]
eacc0d51-4c4b-4754-92e4-ca9759c61674,2026-03-28,5,,please add gomati shankar cpr indicator also.it will be useful for trading,android,[REDACTED]
0d978fba-a45e-4238-8824-8aa37929f743,2026-03-27,1,,"its very disgusting app, I used since 2020 but day by day they increased the broking charge quite higher even sometimes we can't book profit due to their glitch and at the end we have to bear loss . and customer care support is very poor. I recommend to don't use , many better trusted option available in market with significant lower brokerages.",android,[REDACTED]
17a9963d-b95f-402b-b642-be45c31aeff1,2026-03-27,2,,nifty sensex banknifty front size change pls small to large,android,[REDACTED]
314674b9-d4f6-469d-bda8-374947918a49,2026-03-27,1,,fed up with you guys i wish i could recover my money which is stucked with u . i will never install this app ever in my entire life .to hell with u team grow,android,[REDACTED]
51840b3a-799b-42ed-add0-58c7348c3749,2026-03-27,3,,if SL already set then could not exit from another place. before update version it will not happened. please change the error,android,[REDACTED]
6bd50298-7301-49e5-bbfa-ca6f845ccf6b,2026-03-27,5,,gpay groww application mein paise transfer nahin ho rahe,android,[REDACTED]
6c089714-e8db-49e3-9a99-523a699816a7,2026-03-27,4,,"Please revert the change, the indices section has become like a strip, earlier size was good where you can see the relevant details without opening.",android,[REDACTED]
9bc6008c-9543-4a71-966b-59248e6d29e8,2026-03-27,1,,"charges is too high ,",android,[REDACTED]
a1a1e211-09fa-4d71-afa2-e27533de488f,2026-03-27,3,,Why doesn't your 4hr chart display properly ? This issue is there for months and you all ain't correcting this!!,android,[REDACTED]
a824f274-5887-441e-9887-46763be6e84b,2026-03-27,5,,"Groww is the best app for trading and investment , I am really impressed by my experience in her really very crazy",android,[REDACTED]
bd46262b-635b-4b5c-afb1-f5d421b7a934,2026-03-27,1,,not able to refresh portfolio,android,[REDACTED]
c902ed8f-0a78-4170-b7fa-228f21fc6ab2,2026-03-27,5,,thank you for grow I future,android,[REDACTED]
db4f9ced-e83f-4d74-90e5-754f28b578d0,2026-03-27,5,,all required information is available in App.Excellent,android,[REDACTED]
0318d023-8b8b-4e12-8154-8866169ec5ed,2026-03-26,5,,best platform..love its interfaces..,android,[REDACTED]
174ed7d6-0b67-43e4-8f99-872248740ccf,2026-03-26,1,,WHY Tracking external funds is currently paused ???? You could have done it from the beginning. It's not right to suddenly stop it now.,android,[REDACTED]
282a6585-6dad-48b2-806b-275b13158640,2026-03-26,5,,very very simple app,android,[REDACTED]
313ef907-f0b6-415e-bd1a-9e9c8143bda6,2026-03-26,5,,Very nice app Thanks all time ⌚Best app,android,[REDACTED]
404ee827-859d-4d71-af98-672e289eaca2,2026-03-26,1,,VERY BAD SERVICES AT GROW THEY DONT CARE MY FUNDS ARE STUCK WITH THEM FOR MY MF REDWMPTIONS FOR MORE THAN 10 DAYS AND NO PROPER REPLY AND SUDDENLY GOT EMAIL FEOM AMC TO SWND CHQS WHATTS GOING KN I SAID DO MOT SEND ANYTHING PHYSICAL JUST INITIATE RTGS AGAIN BUT NO ONE SPEAKS NO ONE CARWS VERST DECEAIKN OF MY LIFE TO MOVE FROM ZERODHA TO GROWW THE AMOUNT IS BIG,android,[REDACTED]
434e4dc2-87ab-4dae-b6f0-c0d231f5a352,2026-03-26,5,,it's too good platform for beginner and all of that,android,[REDACTED]
60fe065a-34f4-4b3c-a1d4-9692be3015e1,2026-03-26,1,,I think the app developers are sleeping because A basic function like saving chart template option is not there do you expect each trader to set indicators etc. each time they open a chart ? no common sense at all. stop wasting money on advertisements and use that money to make your product better. thank you,android,[REDACTED]
6f055f18-7165-4197-b709-ac0334ebf2ab,2026-03-26,1,,waste of time no use,android,[REDACTED]
71addbd5-97ab-428f-871d-b7dbe9239089,2026-03-26,5,,sure but if any of your customer representative guide the new investor for positive movement.,android,[REDACTED]
7f647902-3822-4452-9c90-e8e07589a4ae,2026-03-26,5,,Best Indion brokerage analyst app,android,[REDACTED]
8c5cc95e-387d-426a-b44e-4bdbec02721a,2026-03-26,1,,"Too many technical glitches, worst app",android,[REDACTED]
a2415644-2a72-4c2b-9df6-c23d912e0be5,2026-03-26,3,,tracking of external funds and updation is paused from the last many days.. till time no update from the groww app.,android,[REDACTED]
b48ad5dc-caeb-49da-9a27-48ad3707fa28,2026-03-26,1,,don't download type of addiction,android,[REDACTED]
b79c38f1-6e6c-475c-b119-6e562b1b6a5f,2026-03-26,1,,"do not invest at all , definitely you will lose your money,be very careful",android,[REDACTED]
bd9ef5d6-cb41-4fed-a314-0736508edc02,2026-03-26,1,,no real time data delay pcr oi data slow app speed n market big move when app not work good leging always n buy sell market price time when always hight price buying n sell time always low price app scren show withrawal limit only 2 lakh hmare hi deposit pese hame time par ni milte next day day withrawal why I tell bcoz u dabba treding clint k oder hi nse par ni bejte h,android,[REDACTED]
ce18a6b3-1273-4586-815e-1359c0f248d9,2026-03-26,5,,cool best mobile application,android,[REDACTED]
d1b2161b-1ede-4b13-9183-89fb28c5f839,2026-03-26,1,,add scalper mode and line drag stop-loss system and index call put premium charts in a one screen and add more indicators .,android,[REDACTED]
d21a08ae-060b-484e-bcfb-dd8c4629cee6,2026-03-26,5,,this app is great iam extremely likely this app because the app interface was absolutely great and easy process to get loan,android,[REDACTED]
e4dc3f4f-5a8c-4bc8-a614-f1d7e688581f,2026-03-26,3,,app to easy hai use krne m but kbhi kbhi sare fund update nhi Hote timely or abhi bhi do month se 2 fund k unit abhi tk update nhi hue h jabki payment cut ho gya account se,android,[REDACTED]
eab4aa33-564b-4612-9d2b-1bdd197d82ad,2026-03-26,1,,"Demanding ITR 2025-26,year not ended right now,not possible",android,[REDACTED]
f62d8b6c-5d19-4587-8fa9-2c68b3f29512,2026-03-26,5,,best app for thanks 👍,android,[REDACTED]
02e093e7-fbfb-4bd7-80d8-ed2e02c4c7b4,2026-03-25,1,,"worst app, very high brokerage, and also very worst in order execution , I cancel my order before execution but still that order is executed, worst highly not recommended",android,[REDACTED]
084b19a8-5ac0-4059-996d-96d358860562,2026-03-25,5,,epic... please add features to trade in foreign stock exchange,android,[REDACTED]
08eb5211-4039-4e63-842d-7aacc485d4a3,2026-03-25,3,,"the app has so many glitches specially during volatile market hours. the app closes and doesn't responds, and it affects trading.",android,[REDACTED]
13f7a5f9-5ee2-40a4-ba60-555386cb5e35,2026-03-25,1,,frod aap multipal charges cut all stocker,android,[REDACTED]
14f0766b-23cb-4019-b51e-6ae0e738d449,2026-03-25,3,,"Bad update, why is the option price page showing futures above the option market depth, difficult to track the chart and market depth at the same time for option players. Also market depth prices keeps freezing for long.",android,[REDACTED]
15873617-23fc-4dd5-945b-809a0108e148,2026-03-25,1,,"external funds are not update it says we will be back soon with update but ,no any update on this",android,[REDACTED]
158976c2-ed13-4eae-ae27-c230bacb7c0c,2026-03-25,1,,they have made Groww useless app !! there is no other way to sell your stocks in GTT order other than DDPI which I don't want to use. they are making user pay for that too !!,android,[REDACTED]
38cbe280-7bb1-4afa-a388-c492bd08d2a3,2026-03-25,5,,"Excellent app. Kindly give Bull bear power indicator, break down screener (S1,2,3,4,5) similar to breakout screener. Also long shot tool in groww's own chart.",android,[REDACTED]
3c304442-0220-4a67-9b6e-342d5c936899,2026-03-25,5,,good but support system not good,android,[REDACTED]
54ef1e7c-1372-4e54-9981-1ccd2c6276a0,2026-03-25,3,,not experiencing good after 3 months,android,[REDACTED]
57b2ebfd-848e-46a7-af72-4dc48e95752e,2026-03-25,1,,"if you want to grow, in life don't use groww for trading intraday",android,[REDACTED]
5965b697-ce19-44f6-b7bb-62ca2ba69dc3,2026-03-25,1,,"very bad , taking more brokerage and external charges and tax",android,[REDACTED]
5a3248f2-74d8-4b5d-b5d6-fd85136bd6b5,2026-03-25,1,,why external funds not updated to groww app,android,[REDACTED]
5c7d5040-7b61-4cce-8e53-4ddb56c491ba,2026-03-25,5,,best trading experience original trading app.,android,[REDACTED]
6109a0b9-36a0-48b5-9ec7-ed357841bbdf,2026-03-25,5,,The overall App is really smooth and good with little to no glitches. i recently also came across a feature in 8nd money app where we can track epf ppf amd other type of funds. would be glad if groww can also work and replicate the same.,android,[REDACTED]
668ea3f6-fb41-4d82-82e5-ab05fadaafd1,2026-03-25,3,,Brokerage charges not affordable,android,[REDACTED]
6861a5c3-e31d-4d37-944c-8d537afe9c0e,2026-03-25,5,,this is a nice app better for trading and investment and best app for beginners.,android,[REDACTED]
69804506-73a6-43bc-81ec-07bc1034a38f,2026-03-25,5,,Amazing Application for Trade,android,[REDACTED]
6c467eb9-3843-4b30-b923-4f4a4beb02db,2026-03-25,1,,refresh hota nhi h ab.. do mahine se kuch bhi sahi nhi ho raha.. koi service thil nhi hai,android,[REDACTED]
7540719b-8c51-40e9-b8f6-a859b10dcb5c,2026-03-25,1,,very very poor service,android,[REDACTED]
7816bca3-11f3-48bc-ad35-270e4d7b4455,2026-03-25,5,,best for trading and mutual fund,android,[REDACTED]
7c931761-b134-4035-a74d-5288be616e58,2026-03-25,1,,"takes too much time to redeem the amount, and even though we redeemed before the market still effects even after exit in between their processing phase, I am gonna exit this app",android,[REDACTED]
7cf46463-47c9-4dad-a775-29770bba12bb,2026-03-25,5,,groww have you removed that Stock Sector Section. if you have removed please add that features. because it is very helpful to check Sector wise stock. it is not showing in my groww account. it was below that Volume Shockers.,android,[REDACTED]
7ebb838c-1310-46e1-b698-a968129b6341,2026-03-25,5,,user friendly...but need a physical office in chennai,android,[REDACTED]
808cd7e7-3943-41d0-b393-d814531f81a0,2026-03-25,5,,Good App for Investing...,android,[REDACTED]
865f13fb-3edc-4c28-88eb-f51a83a5efbc,2026-03-25,1,,"""Terrible experience with Groww app. Due to a glitch, I couldn't close my position and ended up with a massive loss of ₹250,000. When I raised a complaint, the response was 'trade in small quantity'. Unbelievable customer support. Not recommended for serious investors.""",android,[REDACTED]
871995af-f9c8-488b-b64c-f3ae83adcda5,2026-03-25,5,,useful for easy operation. thanks to the app developers.,android,[REDACTED]
932b00fe-10e1-440d-973b-dfecadc82457,2026-03-25,5,,very good easy to use,android,[REDACTED]
9bdea640-1a1e-423c-989d-95d4f5fce475,2026-03-25,5,,your app is good with safe exit option in segment index future and options. kindly make it available for comodities also.,android,[REDACTED]
ad949173-f257-4851-a0b6-7bc8fc5b0aa4,2026-03-25,2,,No option to Large or XL Fount,android,[REDACTED]
b2ba0e3f-4f0d-443a-b726-e68da31b36f6,2026-03-25,4,,why external mutual funds tracking is paused Groww???,android,[REDACTED]
bf7e3fd4-0509-4cde-85d0-e7802c8b178d,2026-03-25,3,,my invested value is not matching but rest all are very good...,android,[REDACTED]
c8acce09-df78-4597-a53a-9b18bffdf4fd,2026-03-25,5,,very good future and user friendly app,android,[REDACTED]
ca2743ed-5db8-4f02-9971-104b4e907108,2026-03-25,1,,customer support me na call Request aata h na kitani bar call kiye but lagata nahi h option candle me hi buy or sell options nhi aata hai page ko back karke sell karne pe bhari loss ho jata hai buy or sell options live candle me hi hona chahiye jisase live trade kar sake Sabse ghatiya app h mujhe bhari loss ho gaya h,android,[REDACTED]
cfd1ef29-30ed-4766-afa2-8b4b10b1a6e6,2026-03-25,1,,"Pathetic gateway, pathetic service centre don't use this application for the reflexive trading...it's too slow and false",android,[REDACTED]
d15a54d4-ba7f-49fb-9608-540888633de1,2026-03-25,5,,Convenient app for all,android,[REDACTED]
dcc9ab81-d877-464b-a717-e2ebfd98bfd2,2026-03-25,4,,external funds are not able to be extracted in mutual funds.,android,[REDACTED]
e4bf25ea-1607-4427-b6e1-ac551e1014a0,2026-03-25,3,,loan update very rare few months once loan update so very disappointed,android,[REDACTED]
eb03d464-2fa6-4aaa-8f2a-cd301d6795ba,2026-03-25,1,,every two days all your chart settings automatically gone and then uninstall the app and download again what is going to your app .,android,[REDACTED]
eb1cbedb-bb44-4c35-b25e-191d57dfe239,2026-03-25,5,,good performance tis aap,android,[REDACTED]
ed943887-ac24-4082-a781-7ad9cd0aa310,2026-03-25,5,,good experienc with groww very simple application easy to investment &sell or buy prosess,android,[REDACTED]
eedd8fd3-5c96-4a4c-a520-b6e2d8142bff,2026-03-25,1,,with the latest update the refresh external funds option is not working. i hope the technical team will look into this,android,[REDACTED]
01884c3e-2a6d-481e-8f3f-3b1bf1dabf03,2026-03-24,1,,"The biggest issue is frequent technical glitches. During market hours, the app often lags, crashes, or simply doesn’t let you log in or place orders. There have been cases where users couldn’t execute trades or even see their balance during crucial moments, leading to losses",android,[REDACTED]
038878f4-5c8c-4042-891b-4a204b466590,2026-03-24,5,,i don't have experience in Groww,android,[REDACTED]
03d4f66c-66dd-4019-a884-8c52df006247,2026-03-24,5,,Easy to use with a very efficient and communicable UI design.,android,[REDACTED]
07c8a8a7-75ca-4a37-a6fc-832e16256caf,2026-03-24,1,,"guys don't use groww because of them my money is still stuck. customer support is worst no one has good knowledge, instead of this go for other app",android,[REDACTED]
19ca5132-4e02-40ce-9a96-6c7434e57b60,2026-03-24,1,,worst the Payment reflection is not happening even after deposit 20 minutes ago,android,[REDACTED]
1f084fa0-5574-4a04-a8b4-2bdcf1cab442,2026-03-24,1,,"Brokerage charges is too much high, in stocks delivery,For e.g,You can buy only 1 Share Rs170 then you can give 175 for 1 share in delivery Rs 5 brokerage charges from groww charges, again you can sell this 1 share then you can pay again charges Rs15 for this 1 share,buy 1 Share and you can pay brokerage charges two times, pay all charges for 1 share at the end of time the money in your hand for 1 share is Rs 150.I have request to all of you please change the Groww aap,and look for zerobrokerage",android,[REDACTED]
1fcc3a6a-6cf0-4bb8-8824-d4f6a58d20ff,2026-03-24,1,,unable to verify my tpin..it says something went wrong. also brokerage/charges are too high as compared to other competitive brokers,android,[REDACTED]
23e7df8a-4012-4b26-bcf5-7dd9ba3b24a6,2026-03-24,5,,Nice Groww Stock app,android,[REDACTED]
28ef7bdb-eb99-4ddf-8518-ad797e38abd7,2026-03-24,3,,"The app is crashing today sir . Despite logging through mobile verification, it is automatically getting logged out even after catching otp",android,[REDACTED]
4586ff65-c20b-4597-b281-441097de6502,2026-03-24,5,,provides easy access on trading to buy stocks and etc..,android,[REDACTED]
49f5d0e0-8081-4478-9b9c-6a2b1512233c,2026-03-24,5,,Grow is very helpful,android,[REDACTED]
524df699-9247-444e-8355-b4c07a704c9e,2026-03-24,5,,good morning and groww is India is the best,android,[REDACTED]
53224472-63c7-4aea-aa46-969fa2fedcde,2026-03-24,5,,clearly and neatly represented the investment options and opportunity,android,[REDACTED]
56f5112d-6fba-4c79-9a7e-a9bf42c94942,2026-03-24,1,,"fraud application. always on loss and after redeeming 5 SIP.i only get 4 SIP and they don't pay 1 SIP amount of 9,500.",android,[REDACTED]
5bfaad86-9ffb-43ab-8079-2bac51cdabbb,2026-03-24,1,,😡worst app😡... my personal suggestion never use this app. Customer support is zero😡. after long time they pick up call and then no voice clearity. just like fish market you cannot hear them clearly. There was no solution from Groww. They are just saying contact with RTA. don't use this app otherwise you will lost your money. just like me. i lost 3.05 lakh😭,android,[REDACTED]
61b687fb-bedc-4d10-ad61-f058fb89cf05,2026-03-24,5,,Excellent and very Easy operational Trading Brokerage Platform,android,[REDACTED]
718cadac-7e04-499d-847d-0f4b4b1d9dc8,2026-03-24,1,,Very worst app. We have to move a lot to see the watch list as simple as zerodha. Also not able to close the Groww account as after fund withdrawal they are not providing any link to close. very typical to close the account in Groww. It's been more than 48 hr. they have not provided any link to close.,android,[REDACTED]
71c67396-41dd-40f0-999c-fa928620d1f6,2026-03-24,5,,Easy understand for investment.,android,[REDACTED]
7f9c9567-e135-4bcd-99ee-cf5c1228b816,2026-03-24,1,,why MF cut off time 2pm... Disgusting,android,[REDACTED]
82ebb961-1b73-463d-9b67-9fcc76ae7165,2026-03-24,2,,"Team, I am not able to fetch the latest details on my mutual funds on groww, I really find it easier to Access the UI and not wanting to switch to a different app for my mutual fund transactions. It says external funds tracking is paused by mfcentral, but on other apps it's working, Please let me know if this can be fixed, expecting a response before I plan to switch to another application.",android,[REDACTED]
847d08c3-2686-4af2-9a2c-7583eba21286,2026-03-24,5,,Very user friendly platform,android,[REDACTED]
852c5071-b32b-4508-a87c-322466250d5e,2026-03-24,1,,not good because chart not available in proper 1h 2h 4h,android,[REDACTED]
9100fa1b-34b7-461b-a04a-5e42e166001e,2026-03-24,5,,"I am not able to login , unfortunately there's some issues while using my email. pls resolve this. I have been your user since you are in the market.",android,[REDACTED]
9201c8bd-a479-47f1-acc5-6254022cb19f,2026-03-24,5,,"Groww has rapidly become one of India’s most popular investment platforms, primarily because it strips away the complexity usually associated with the stock market.",android,[REDACTED]
976ad34a-55ad-4321-91c0-bf3318276853,2026-03-24,5,,very easy very simple,android,[REDACTED]
9e90b524-0f8f-4f42-ad23-ccd746dc1b99,2026-03-24,1,,I cannot see the 'Track External funds Anymore' option . It's really inconvenient . Don't know why they removed the feature,android,[REDACTED]
a13ab620-270f-4abd-8924-7f430cbe07ee,2026-03-24,4,,20 days time for external funds are not refresh,android,[REDACTED]
a53c2761-d83b-4af4-9256-11791bfcc41a,2026-03-24,2,,No current ipo option showing..... The time of ipo apply was till 4.50 but at 4.00 pm its not showing.......,android,[REDACTED]
af3e52a5-9ad3-4a73-b41c-7b458c2fed93,2026-03-24,5,,world best trading app hai,android,[REDACTED]
b5a807da-adf4-4a66-b035-6ddcb76fdf72,2026-03-24,5,,very nice and beautiful,android,[REDACTED]
bb7a5d5a-4088-4388-8b1b-872424a4e013,2026-03-24,4,,"Grow up is very good, you can invest as much money as you want in it and start with interest, you have to give some time, thank you.",android,[REDACTED]
c083489f-8e94-4427-93d2-d1e1c0155a61,2026-03-24,1,,I am very upset with customer support whose delay has resulted in financial loss to me. My Groww app hanged from 2.30pm onwards today while I was trying to redeem mutual funds. I tried relogging but it didn't help. I immediately called customer care but after 5-6 minutes the executive just stopped talking to me and transferred my call to IVR. I opened Customer Support chat at 2.46 pm but they could resolve my issue by 3.10pm by then I lost opportunity to get today's NAV for no fault of mine.,android,[REDACTED]
c4452353-0305-4aab-bb56-5a3c9493a6ab,2026-03-24,2,,not updating external funds in MF category since one month and showing wrong fund position.,android,[REDACTED]
c5635653-57a6-4ea6-89d7-7f9801c744d4,2026-03-24,1,,something not working. very bad experience,android,[REDACTED]
c6261c47-f1a4-477e-8c4d-74540b2c1ca9,2026-03-24,5,,"after installed, still I didn't make a profit 🤭... but it's good to learn & setup are too easy understand. hope in future I will earn😁.",android,[REDACTED]
c8ce9b01-0c4a-4577-866e-d830a2147620,2026-03-24,5,,excellent fast working,android,[REDACTED]
cb234ae4-3dba-4050-b8f0-8128a0ffaa7d,2026-03-24,5,,very good experience 👍,android,[REDACTED]
d0bc37e4-2900-4862-83e5-9af5ca7d331d,2026-03-24,1,,"Charges are too high .. Jitna profit nhi hota , usse jyada ye log tax kaat lete hai",android,[REDACTED]
d2bcfc3f-a92b-4b37-83a3-ee8ff50bbb18,2026-03-24,3,,Hello Team Grow I am giving three stars to this application because it does not have auto trailing stop loss and I want you to add this feature please 🙏🏻 and every grow users want this feature,android,[REDACTED]
d38ca50f-4ea5-410f-977d-591210adedde,2026-03-24,1,,The app charges a much higher brokerage than agreed,android,[REDACTED]
e6d71e66-bc24-4549-80d7-968b578c48b1,2026-03-24,5,,"Very good, Grow App operation is very good in every aspects like fund transfer, withdrawing fund to bank on time, all shares quantity report 100% correct. All issues( if any ) are resolved within time. All things are appreciated.",android,[REDACTED]
f150f55b-5c20-4196-98a5-29b9cd381704,2026-03-24,3,,hi team grow is not login issue coming,android,[REDACTED]
f62912d1-d36e-4d1d-acad-c2988fd6b3b1,2026-03-24,1,,"waste app looting too much ,,,",android,[REDACTED]
0b2dfae5-2fc1-4d35-9bda-d3616163111f,2026-03-23,4,,best for swing trading,android,[REDACTED]
165a1a04-4c0f-44b6-8914-8943c1a1da72,2026-03-23,5,,it's good but fear to invest amount coz non any call facility available to talk with groww company,android,[REDACTED]
41d31cf6-f59f-42a0-b75d-a4d93d38e2ea,2026-03-23,1,,dont show adds on my phone anhmore..sorry to say this,android,[REDACTED]
47a999a8-403d-4ea9-9c2b-c6f2b087df31,2026-03-23,1,,"dont do any business with groww they are cheaters of high class, using bots to manipulate and steal ur money complaining to Sebi and consumer court",android,[REDACTED]
4a2c5366-55fe-425a-8132-3ef75b6ccb68,2026-03-23,3,,"dear groww, what's the benefit of setting safe exit when you don't do it accordingly. when it's come to set safe loss, it's trigger after the set amount, and when it's come to set profit, the amount triggered at very low for exp I've set safe exit at 1200 to book my profit but it's triggered at 1100. what's the use of it tell me",android,[REDACTED]
515db3e2-03d9-41f9-b1a0-f1188930967e,2026-03-23,1,,Charges too much brokerage and miscellaneous!!!! Not happy,android,[REDACTED]
58cacfe8-e52f-4fde-8215-6693a16588dd,2026-03-23,5,,best trading application,android,[REDACTED]
6988b006-5669-47ed-980d-a9ceaa9c4c6d,2026-03-23,5,,very good app with clean interface,android,[REDACTED]
6e0b215d-e4a1-4dc3-a98b-a63318913ee6,2026-03-23,5,,fluid app... easy to invest,android,[REDACTED]
76849cc0-e001-4954-9071-2ee6dfb05526,2026-03-23,3,,"I had complained regarding delink of mail id with a name however same is not completed .. we have tried to reach out your customer service no such proper assistant provided. Now life time I am unable to use grow, is this is groww is all about. Mail send, currently I am able to login.",android,[REDACTED]
7a8820cf-7252-4892-9f93-aa698d306b7d,2026-03-23,5,,it's a very good platform for beginners,android,[REDACTED]
7a9812f0-4f35-4466-8e87-68980c15ea71,2026-03-23,1,,Not Horrible But sometime🚫App Not Work properly You Don't Control your Order Execute Ihave loss my Capital But Chargees Ke Naam [REDACTED] He Groww waloNe🙁🤒,android,[REDACTED]
7ba86153-d7ef-4e07-a705-7d33cf057e85,2026-03-23,5,,Back office reports are very useful for reviewing past trades. I often check them to understand my performance and learn from previous decisions. That feature adds real value,android,[REDACTED]
7c2961c2-f073-47f9-9793-f5359fb76069,2026-03-23,5,,It works very well and is very easy. I really enjoy the groww app compared to all others.,android,[REDACTED]
7c5ffacc-d184-4201-a705-a5a50c710017,2026-03-23,5,,good for learning at initial stage,android,[REDACTED]
8101f92d-fa72-430a-92c2-906694900c60,2026-03-23,1,,worst app in my mutual fund I have given nav of 19 march but it gives nav of 20 march and lesser amount worst app,android,[REDACTED]
8219bcb4-3795-4c2a-80c0-ccd7b48e65c8,2026-03-23,5,,very easy and comfort platform..,android,[REDACTED]
8c558fd8-09e4-403b-9fa0-42842e51d74f,2026-03-23,3,,Please add Money Flow Index (MFI) indicator within the chart.,android,[REDACTED]
8cada0d0-004d-4c3f-ad34-3dbf36abd929,2026-03-23,5,,Very easy to use & operate,android,[REDACTED]
8d3d7f21-48f9-4dfc-93b6-f01a899e026f,2026-03-23,5,,wonderful app for mutual fund n sip,android,[REDACTED]
920be29a-8532-44fc-b454-652f24d6c0f3,2026-03-23,5,,very good app but sometimes the refresh rate is slow,android,[REDACTED]
99bdfa1d-7a69-4f2d-97a5-668b2cbe3b44,2026-03-23,5,,I found this app very helpful for beginners like me. user friendly and very simple to understand.,android,[REDACTED]
9be9ffeb-4c2e-4f7a-908c-9093080a1b2a,2026-03-23,4,,mutual fund refresh not running properly.,android,[REDACTED]
9f585d8c-0708-4a1d-a9bc-b67d78b1d796,2026-03-23,2,,every time my Samsung Galaxy phone detect this app as malware.Also after installing this app from Google play store and not opening it Data get accumulate in it,android,[REDACTED]
9fdc83c4-3dee-4625-854e-4732c586b3a6,2026-03-23,1,,wrost app don't use. I sold all my share and it says u need to pay 250 rupees,android,[REDACTED]
a4b45bac-8ada-4a85-a0c8-dcb4078f0b9f,2026-03-23,3,,"better provide a good chart and more indicators. like dhan app, and extra..",android,[REDACTED]
aa132bb0-4c64-42c5-9cc2-bcd03746833a,2026-03-23,5,,"I love groww .just one feedback,Can you show 1 month,1 year,3 year,5year, and all time graph of global indices . this is a feedback",android,[REDACTED]
aba3ebb6-1c05-4985-a3a4-5073d40180f7,2026-03-23,1,,very bad experience with this app,android,[REDACTED]
c0af1d37-8637-490a-a027-5c753c22ab35,2026-03-23,1,,"trending sectors for stock are not showing, earlier it was showing...without that app is useless... once trending sectors are included. Please add trending sectors",android,[REDACTED]
c75a3f88-4660-4f89-8b6d-62c511f7ace0,2026-03-23,1,,set time on kill switch once you on it for example 12hrs or 8hrs otherwise it will not be useful,android,[REDACTED]
d198c267-c1f8-428f-a84c-5b5cc468dc62,2026-03-23,3,,just dividend easily show in buying stocks,android,[REDACTED]
de331c4b-43b7-4473-bb2e-8b6bc0787ed7,2026-03-23,1,,lost of charges+ brokarage.,android,[REDACTED]
deb9fdb0-3fa5-4146-9bf7-f84ae37fa0a4,2026-03-23,2,,mere phone meh ni khul raha hai An unexpected error occurred! Please try again. bata raha hai please thik karoo🙏🏻,android,[REDACTED]
e035b015-8fde-4de1-9231-6e27cc07801b,2026-03-23,4,,pls add XIRR for stocks holdings also in main tab,android,[REDACTED]
e79581b1-28e9-4314-8a23-dc8d7fbca0b9,2026-03-23,5,,It is much easier to use than other apps. Groww App......... This is an app that is very easy for new learners. There is no other app like it.,android,[REDACTED]
ebb388e1-439b-4528-a48f-07f8021c5bdf,2026-03-23,4,,"nice UI , better views , drawback is if amount loaded today and you want to take back same day , you can't",android,[REDACTED]
f1ccd47b-0208-4c95-bb9b-89b52c4f0c20,2026-03-23,2,,external funds still not showing and cannot be refreshed. please help,android,[REDACTED]
f95a7be0-661a-41f3-8c32-628255150198,2026-03-23,5,,Best and Good platform for traders,android,[REDACTED]
0286b38e-5d2d-4cbf-b118-c0e00e80b6b4,2026-03-22,5,,best apps in world 🌍,android,[REDACTED]
0ab316bf-c61c-4338-833c-968cc8fbf25a,2026-03-22,5,,very reliable and friendly interface everyone can understand easily,android,[REDACTED]
1e6be24b-8d8f-4a3c-9eff-70f8a6676adc,2026-03-22,1,,u can't do small per day sip u can't track external funds in this app worst app ind money ia lot better now I am selling all my funds in this worst app,android,[REDACTED]
2bf77f31-c50d-4e2c-ae4a-77240b4e4a34,2026-03-22,4,,indicator 52 week low highr,android,[REDACTED]
2ee3d625-ff49-49a9-b8ff-fa270581e2bf,2026-03-22,2,,high brokerage and fees and all,android,[REDACTED]
44d54157-6a5c-41e8-9c8b-91cf2b3bb787,2026-03-22,1,,"using grow for the last few years. good upto Feb 21 2026,then even after updating and tried to import mutual funds showing error that tracking mutual funds is temporarily paused for the last few weeks",android,[REDACTED]
5cc914ef-1db6-4f07-ba7b-ffbb6682da9f,2026-03-22,5,,It's a very good application to start your SIP journey.,android,[REDACTED]
73412d20-889b-46a4-ab82-fc487385e069,2026-03-22,5,,good platform trade and sip groww👍,android,[REDACTED]
7506bec6-53ea-4946-8a8d-f8a6a3a4640e,2026-03-22,5,,best App !! far better than coin zerodha etc,android,[REDACTED]
76256052-6eb6-4186-b4b5-5a1dd48d92e7,2026-03-22,5,,iam using this app it's best app 🥰,android,[REDACTED]
7c2a15b9-9460-4884-9161-372a07eaee58,2026-03-22,5,,groww app best application,android,[REDACTED]
8b2f43a1-205a-422c-9f73-66e232adb184,2026-03-22,5,,super and fast growing apps,android,[REDACTED]
a5264a3b-f818-45a7-963a-7a08ce1233ee,2026-03-22,5,,Perfect app for investments. private secure. Withdrawals are fast. Exactly what I needed. Been using it for months now,android,[REDACTED]
b4f406c0-35f7-4fd8-b650-3b937cb54d96,2026-03-22,1,,"fund refresh has been paused since last month, it's so sad that I've been carrying this app for more than 3 years in my phone, and now this issue. Time to remove?",android,[REDACTED]
b78d4304-e7f6-4a36-a30f-802f8d03c6b4,2026-03-22,5,,very nice information,android,[REDACTED]
c35e0948-346f-4711-a8bd-83575aab24ca,2026-03-22,2,,"I tried using your app, and while its interface is excellent, there is a need to add a few features—for instance, it currently does not display the 'Change in Open Interest' option for futures.",android,[REDACTED]
cf005c70-d158-4ff3-8900-bb1cfacced08,2026-03-22,1,,always say technical issue and people make lost you don't care about losing,android,[REDACTED]
d8edfe75-4d0d-413e-8739-c5385dae2ffa,2026-03-22,1,,Excellent application. unfortunately I closed my trading account. Now I want to reopen my trading account. But there are no option to reopen,android,[REDACTED]
e1057acd-2ec4-4a34-b569-36d0a16d4a29,2026-03-22,1,,"I was using Zerodha for a long time but to try something new I am using groww but not yet, groww app is pretty much useless because it has no security management and most importantly it has huge charges which Zerodha never charged.",android,[REDACTED]
e9379443-91de-4916-acbd-b7dc392815ac,2026-03-22,5,,To add the CPR indicator to the Groww Trading View platform.,android,[REDACTED]
ed959ae1-a973-4fbe-b58b-5fe06280796a,2026-03-22,5,,nice experience and good,android,[REDACTED]
f98a1250-d28d-4b07-b3d3-7e2e8f1b39ce,2026-03-22,5,,all time better. But charges is hiding on buying time. I think should be a unique page of charges and taxes and also visible in home page at any icon.,android,[REDACTED]
0d9f7243-3558-4d48-b63d-e19e91e18729,2026-03-21,1,,not able to update external fund? what's going on,android,[REDACTED]
0de797b8-7e38-452a-9855-477dce3d02a8,2026-03-21,5,,is good but I can't open my old account,android,[REDACTED]
181f1ef3-ed5a-4c4d-a46b-4ba6b7ac332c,2026-03-21,1,,don't install this app....there is no proper customer care....even contract file will not open after downloading...after withdrawal i didn't received my money....no one are responding...,android,[REDACTED]
18fa2d40-8d39-4d87-92a3-2393ff4c9295,2026-03-21,2,,"external fund is not updating please solve issues, Massage showing,""Your existing tracked funds will stay visible.We'll be back soon with an updated experience.""",android,[REDACTED]
1ce3b482-f06f-45cc-8d24-de20c4bd28df,2026-03-21,2,,Widgets are not getting setup in the new update,android,[REDACTED]
2640cee9-69e9-4eb3-8e24-70e310a04ca5,2026-03-21,1,,worst. order executed at highest price,android,[REDACTED]
2a4cad04-c9c1-4699-a0be-ef8203bca7f3,2026-03-21,4,,"app deserves 5 stars for its user friendly interface, because there's no bond market viewing and trading, and still we can buy bonds feels that something is lacking, please update this issue soon.",android,[REDACTED]
2ad932b0-2a93-47d4-905e-ceb149f0c276,2026-03-21,5,,user friendly and groww is a defination of trust... 👑,android,[REDACTED]
2cfc0dd7-bf8d-4b90-9ae5-f76790881fdc,2026-03-21,1,,"""Tracking external funds is currently paused."" Now Groww is useless.",android,[REDACTED]
2d7f6f54-e025-4a39-b3dd-a6a20c909278,2026-03-21,1,,"This app is worse, brokerage and external charges are extremely high",android,[REDACTED]
4046a58b-3525-4b85-88fb-e83f6ed24dd9,2026-03-21,1,,I really wanna cry for using this app. It has a weird system which takes your name in different order automatically when entered even your aadhar and pan have same name and customer support simply say that it is not our problem and you should correct via nsdl but they are the one who should be responsible for the kyc. It's very weird i dont recommend it. please groww please correct this 🙏🙏,android,[REDACTED]
498f3c48-c3af-4281-80ae-64f094fa57a9,2026-03-21,5,,"good, highest broker charge's and single Chart view at a time... improve f&o 2chart's at a time view",android,[REDACTED]
5408e08f-5648-48c0-a4bf-91375f87ca59,2026-03-21,1,,worst app after installing mtf facility now I am trapped into it. Not able come out it. my suggestion is not to take mtf facility.,android,[REDACTED]
5544ddc1-fd96-445a-9bbe-9a02e392dc4d,2026-03-21,1,,Protect profit trigger not working for equity f&o in groww app and for commodity both loss trigger and profit trigger options not at all available kindly enable it as soon as possible,android,[REDACTED]
58d59629-8020-4dc5-8df1-2780572ba61c,2026-03-21,5,,Why this error is coming Tracking external funds is currently paused Your existing tracked funds will stay visible. We'll be back soon with an updated experience kindly rectify as getting the issue since last 1 month.,android,[REDACTED]
59302ef2-b45a-49ac-8919-d695b78775c4,2026-03-21,5,,this app is very is to use and I love app portfolio view than others Brocker really once use this app all trader😍❤️,android,[REDACTED]
69aa58f0-9b84-4e4a-94b4-7f1a36bf0c8a,2026-03-21,5,,bahut hi smooth kam karta hai acche acche futures Hain Harshvardhan uplabdh hai veri nice,android,[REDACTED]
7b487461-26c0-4a4b-bbc7-104303d984f2,2026-03-21,1,,last month ki Sip show nhi ho raha h application me pichhle month se hi problem aa rahi h.. Tracking external fund is currently pushes ye aa jata h haar baar Application me,android,[REDACTED]
7f19ced0-48a5-48c3-93f1-108071885d72,2026-03-21,1,,superb hai as compared many app as dhan angel one and upstock,android,[REDACTED]
87eaf2ea-7fad-4083-a995-d0ba546ab5d2,2026-03-21,5,,kindly remove the update pause,android,[REDACTED]
89f2f84c-cf7c-4ef9-b252-3b7f292ad298,2026-03-21,5,,Its user friedly and helps to select profitting shares,android,[REDACTED]
8af45131-60c8-4d5d-93c4-a41b3806c15a,2026-03-21,1,,waste app don't use reasons now market at low level so I want to buy long term options like june and september but they are not allowing,android,[REDACTED]
924593ab-9561-4a1c-9e45-627d837912a2,2026-03-21,5,,"please add Fixed deposit and Bond option where. we will invest in one click without visiting branch , thank you",android,[REDACTED]
93053d2b-7938-4359-84ac-7aa0b87bfe2f,2026-03-21,3,,have to activate a good screener,android,[REDACTED]
9ac49842-97a4-4de9-b223-b9a8f5f0b757,2026-03-21,5,,best tool of investment,android,[REDACTED]
9c2875e5-8b21-4f7e-99d4-d18f8cffa27f,2026-03-21,1,,Worst experience facing now a days tracking external funds system have been paused by groww. Why please activate this again.,android,[REDACTED]
aea760c1-aa95-414d-8d93-9ab5d2074637,2026-03-21,5,,safe app to invest money,android,[REDACTED]
d56d2a41-c36f-444d-b7bc-ded252a6338d,2026-03-21,4,,"Addition of trailing SL in F&O trading and scalping on Nifty 50 Chart itself will be more user friendly.Also,try to include drag and select a limit price on chart to buy or sell would be greatly beneficial. I would give it a 5 star rating if it all these things are included in the chart itself instead sepate premium chart.",android,[REDACTED]
fd822b06-1837-451c-bac6-cc2b5ba3823f,2026-03-21,5,,Very faithful good service safe happy,android,[REDACTED]
0116cbf2-73cf-40b9-86fd-b7065f98d200,2026-03-20,1,,too much of glitches,android,[REDACTED]
060860e3-14a9-47f4-8d16-9ab8ee7f03c2,2026-03-20,1,,minor trading is not supported,android,[REDACTED]
0653eadd-ffc6-43d5-8f57-3b6aff5ff667,2026-03-20,5,,very nice platform for mutual funds,android,[REDACTED]
092b40b7-131c-40dd-8bd5-6638b78a37e3,2026-03-20,5,,fast and easy to use,android,[REDACTED]
0f9eacdf-e6ef-42c1-b4d7-09e8c57225cd,2026-03-20,5,,hlo grow team i would advise to you add 125 min time frame in your trading chart that make easy to invester to analysis the stock,android,[REDACTED]
1cc437f8-79c4-40ea-ae77-4fb8202bd993,2026-03-20,5,,very good for beginners. Easy to navigate the interface,android,[REDACTED]
1fdaac78-05d1-4c4f-8908-0c6c50e9b743,2026-03-20,5,,best platform for earning money but keep patience then you earn money,android,[REDACTED]
1fe28059-8e18-4a30-b224-2b7b9a8c3efd,2026-03-20,5,,Good service by Grow,android,[REDACTED]
3a31a0b2-8b6b-470a-b8e4-f52f550e533e,2026-03-20,4,,"all premium did not showing,,please make the sure to look all premium",android,[REDACTED]
3e5ca736-fcd6-4df1-87e2-7ab3999b3649,2026-03-20,2,,"Didn't show stocks logo in my watchlist section, see more section and Market trend section.",android,[REDACTED]
453eaf06-a18c-4953-8dfb-f134d04dff05,2026-03-20,4,,whaen the tracking of external mutual fund will be functional...?,android,[REDACTED]
53ae9ad5-e932-45b8-bcb1-1f10674500ab,2026-03-20,3,,Secure app is good. 👍,android,[REDACTED]
59359ec9-3e4a-446a-9c64-fa4ad30c925b,2026-03-20,1,,"I'll not give any star to your platform. From 8 years actively, I'm personally managing my whole portfolio through Zerodha, upstox, Dhan and Grow platform. But worst experience with Grow. I'll not recommend to anyone because they don't have any specific reason to cut my 13654.98₹ without any reason. I'm holding equity in lac's but they are showing me your money will be ready to withdraw next day. I didn't put any request for withdraw, I'm not able to take new delivery by my own money.",android,[REDACTED]
606b0ee7-8aad-4268-9396-9dd346f22646,2026-03-20,5,,Very Good and easy app,android,[REDACTED]
6a3be0d2-c5b2-4d77-b671-305a13d1ed9b,2026-03-20,1,,"Very poor customer support. Calls take 40 minutes, chat promises 3 minutes but takes over 1 hour. After waiting, they close the chat without solving the issue. Completely unprofessional and disappointing. Not recommended.",android,[REDACTED]
6bd98c23-f819-4c87-8514-0eeb6a991aca,2026-03-20,5,,Please make advice for mutual funds & send as a massage for ourselves who are lay man about market.,android,[REDACTED]
6ccd2aa1-25fa-4f66-98da-fd50bc9cb2fb,2026-03-20,5,,very nice support helpful,android,[REDACTED]
71aba344-237b-4569-a626-455549a38bc5,2026-03-20,4,,"app is fast and reliable just one problem it is very difficult to change/edit stoploss or targets. and do not show price and percentage of the selected area, it only shows information of the particular candle selected and brokerage is too high, but okay when seeing it's free to open and maintain account",android,[REDACTED]
784d64d7-87ee-4119-bca4-5af2a354b7a7,2026-03-20,5,,easy to use and great features compare to other app,android,[REDACTED]
7a4e026b-cbce-4f3e-94ce-7aaa7a4fd4e6,2026-03-20,5,,tax rate and grow charges are very high😞,android,[REDACTED]
7bcc9b57-3d00-4bb4-bd71-bf8aa7d29689,2026-03-20,4,,"Suddenly my grow app is not responding well, if I click on mutual funds or stocks charts it pushes me out , please help",android,[REDACTED]
7eaaf7f9-6a9a-44d7-a122-1b9e59d1b4bb,2026-03-20,5,,Genuinely I am very much satisfied using Groww app for F and O .,android,[REDACTED]
8eb1309c-847d-4595-a715-85c96ecab8b3,2026-03-20,3,,they are updating app since one month and no update available for external funds..changed my reviews for such poor tech team,android,[REDACTED]
93c91847-6d21-4db4-bf33-6ffab5d54ff6,2026-03-20,1,,"After the latest update I experienced a glitch, during intraday - I entered the price in order so it will trigger automatically as usual but it placed the current price the same thing happened during the sell order. it happened with me 2 buy order, 2 sell order total 4 time. app doesn't register What price number I placed in the price box",android,[REDACTED]
a1c634c5-ea2a-4929-b1f9-828a909625d6,2026-03-20,1,,"Not like Dhan App. Your funds withdrawal is very slow process, not like Dhan app. If I add fund and wanted to withdraw without buy or selling, T+2 is not applicable..hv to wait 24 hrs. After Withdrawal another 24 hrs. Will avoid using Groww app.",android,[REDACTED]
a1d8b008-b4b9-4bf9-affd-980c424847e3,2026-03-20,5,,Good cooperation tqfor support @suggessions,android,[REDACTED]
a4a66c07-f4ce-4fa0-a2d0-5967d95c1879,2026-03-20,1,,"They've got worse customer support,I tried to call them it was not reachable and the chat process guys just ignored or left the chat without sharing the proper information.Using grow app for at least 3 years but i need to say it their customers support is worse.",android,[REDACTED]
a90067f2-aa12-4496-9dca-2377cd0b5a57,2026-03-20,5,,nice platforms for groww is best trading experience,android,[REDACTED]
aad405d6-55f8-4f18-8b64-046521d9ceb5,2026-03-20,1,,"Overall Good but must be a separate Section for all Portfolio. where I can see all my investment in one place (ETF ,MF , Stocks , Bonds etc.)",android,[REDACTED]
ab33d93c-c1d0-47a8-b925-9cea1332f8c4,2026-03-20,1,,"I am using this app for a very long time, for last few months they are not updating the total external and internal funds just showing that we will be back with new update. I think they have slowly wiped off this facility for the customers but they are not disclosing it. Poor experience",android,[REDACTED]
b6d83470-900e-47a4-a34d-ab5563dd3866,2026-03-20,5,,i will trying this app 🙏🏻 to me success 🙏🏻,android,[REDACTED]
bb4a4119-e1a9-4fd6-8c63-73f29c97aa9a,2026-03-20,4,,current time external fund not export issue happening.. kindly resolve it,android,[REDACTED]
bfd3ac5e-da91-4b8a-90dc-bc36eb32708b,2026-03-20,1,,old version is good but update not good update everyone new found of mf is to this problem solved because mf not track so this app is not working good,android,[REDACTED]
c52922f8-81df-4d27-9fbb-66afaf1c339d,2026-03-20,4,,"easy to understand compared to other brokerage app , this itself makes the app better",android,[REDACTED]
c9e5f1cd-1cd1-4d90-a4f3-07abeae9978b,2026-03-20,4,,"Please continue the External Funds Tracking feature, otherwise I will need to switch to another app.",android,[REDACTED]
d1100297-bfc9-4b61-84fd-93142679f1ff,2026-03-20,1,,"worst app for trading, so many glitches and lag, lagger, laggest and trash app",android,[REDACTED]
d224cbaf-da3f-41f9-b6e2-4923c092ddae,2026-03-20,5,,very nice app for easy used,android,[REDACTED]
d6396b10-82b3-4b65-9483-f2c4bd174eca,2026-03-20,5,,great Withdrawal Policy I am impressed,android,[REDACTED]
dad32168-f38c-4c01-9db3-6bc2a266b4f5,2026-03-20,5,,very good 👍 app and user friendly...,android,[REDACTED]
dbe8e912-2baf-4488-bab1-d56f915080e8,2026-03-20,5,,Everything is easily known in the Grow app. I can buy and sell more easily in the Grow app than in other apps.,android,[REDACTED]
e140f824-c2a8-46a8-814f-4eb272ca26bb,2026-03-20,5,,best trading platform app,android,[REDACTED]
f1a08a8a-4c9e-4c5b-868b-d3fa3acf77bf,2026-03-20,5,,"This is a very good app, using it my problem has gone away, I have saved a lot and got it.",android,[REDACTED]
f8a93b60-0e9e-44a6-bf61-03015c22f5ff,2026-03-20,5,,excellent app really easy to use,android,[REDACTED]
fbc99bd6-1d13-4139-9be6-134065a45ee4,2026-03-20,1,,currently the services of the grow app are the worst....I personally believe that the Angel one app is better rather than the grow app...,android,[REDACTED]
02e3ef5c-80c8-460c-acda-dce876b1bfd9,2026-03-19,5,,Very comfortable platform,android,[REDACTED]
0a9a1f0d-a978-4b74-ab20-dd443de43afd,2026-03-19,1,,daily commission is charged on stocks and commission is charged on brokerage so please be careful while investing on stocks.,android,[REDACTED]
0d38d10d-d871-485f-ada8-6417cb2f6be9,2026-03-19,2,,hate this app angel one is good,android,[REDACTED]
104c9b3e-693b-4743-a3ed-9864d0b04319,2026-03-19,3,,Kindly Increase stocks watchlist upto 20. like Indmoney aap,android,[REDACTED]
1729c2a6-f8ae-4a3b-b22b-3623c188acee,2026-03-19,5,,Good app Sefe 💰 MONEY,android,[REDACTED]
1846ae3f-0034-4eb0-ad06-12fabd945d0a,2026-03-19,5,,"Groww is one of the best investment apps for beginners and professionals. The interface is very simple and user-friendly, making investing easy and smooth. I really like the zero-commission mutual funds and fast performance. It offers everything from stocks to SIP in one place. Highly recommended app for anyone who wants to grow their money smartly!",android,[REDACTED]
24244c49-13fc-4927-b628-fdc3951d3dbb,2026-03-19,5,,This is an awesome app for details & transparency.,android,[REDACTED]
24874aae-6164-4a6c-956c-d75f5d6b106b,2026-03-19,3,,average app. app is not like reviews provided. im using Groww and zerodha both. zerodha is superb and grow is moderate.,android,[REDACTED]
265958e4-840c-4137-92b7-45918a453641,2026-03-19,1,,"Earlier, this app worked fine, but over the last month, it has become very unreliable. Withdrawing money is not as easy as it used to be — most of the time, my withdrawal requests get auto-declined without any clear reason. There’s no response from customer care, and the issue remains unresolved. Very disappointing experience lately. Not recommended until they fix these problems.",android,[REDACTED]
27fceca7-ac28-4b7b-b236-fbac5686960e,2026-03-19,5,,it's very helpful to invest money in stock,android,[REDACTED]
280fd1df-2fa6-490d-b3c2-3cb5439d0854,2026-03-19,5,,very clear and useful for beginners those who see for investing and trading,android,[REDACTED]
2d0f2bc6-9ffe-4267-845e-574be544502a,2026-03-19,1,,tracking external fund is paused for weeks now...no updates...loosing the flexibility that we used to get earlier with this app,android,[REDACTED]
2ecb7177-aacb-4c91-9cda-991814b8aace,2026-03-19,1,,worst getting hvy slow on trading time,android,[REDACTED]
30c9b363-3280-4d93-8631-95270fb837e4,2026-03-19,1,,Worst customer care service Issues with instant withdraws Takes brokerage after every trade leaving with less money to trade with.,android,[REDACTED]
30f6f101-4337-443b-9aac-5119aa8ef2e9,2026-03-19,4,,"Best app for both investing and trading. But recently got I got a small appreciation from Dhan in the form of a customised Table calender. Though I hardly use Dhan app, still they gifted me. But being a regular user of your app for the last 6 years,got nothing. It feels good being appreciated. I hope you get my point.Thank you",android,[REDACTED]
37b34e78-5810-4977-96d1-4f63d31da81f,2026-03-19,1,,very bad broker. today option trade pe mera SL apply hee nehee ho Raha thaa bar bar reject huaa uskee bajese mera 8k loss huaa...,android,[REDACTED]
39e53e2d-714f-461b-9dcf-0d0c98566175,2026-03-19,1,,profit trade me application hang hota h. don't trust too much on groww Your option brokerage charges are too high. Application also lagging in profit trades. Unfortunately i have to look for another trading Application.,android,[REDACTED]
39f29139-c4ae-4cf4-b80e-cf09e77c37cb,2026-03-19,1,,not giving profits to investors,android,[REDACTED]
3cb1341e-fc36-475b-99dc-a335d26338d1,2026-03-19,5,,Amazing App -great UI -Great extra features - Trading view chart for free,android,[REDACTED]
41c732d8-c32d-4590-8a5e-16a73b5a317b,2026-03-19,5,,thanks for you saport,android,[REDACTED]
4865ba2e-4412-4fca-81ec-c4b4fc26b31b,2026-03-19,1,,bhot der me order execute hota hai network zara bhi kam ho to loss hi milta hai... brokrage charges bhot hai,android,[REDACTED]
4a57f5d5-895c-489a-8f78-0a251f8adf14,2026-03-19,3,,finity aap close ho giya hai mera sara investment groww me kab tak dekh pauange plz reply,android,[REDACTED]
4a9a1522-ba2b-4a5a-a5bb-72a19c25d26b,2026-03-19,1,,external Mutual funds not tracking.,android,[REDACTED]
4b680c45-aa6a-4b42-bcbb-4226cba749ee,2026-03-19,1,,worst app over charged this app extra taxes and too late withdrawal.,android,[REDACTED]
4faf0958-8b54-432a-a181-3e9d8fbd1bbe,2026-03-19,1,,it's AI driven software which plays with your mind and wipe out u r account balance so plz use it only for buying and selling of stocks and mutual funds.,android,[REDACTED]
53b03d07-4c44-48ac-99da-08f4e5713342,2026-03-19,1,,"not able to refresh the external fund , earlier used to refresh but recently that feature is decommissioned.",android,[REDACTED]
5b3a8bca-21e4-43da-865f-aeb6eff52567,2026-03-19,1,,very worst app for trading they charge very high amount of commission on every stock purchase. if you read this trading you will realise it's regulated by AI. Even this app everytime stop wille trading on nifty50 or sensex,android,[REDACTED]
5ec0996b-5a4a-48ad-96e2-f7cfcf3b8d87,2026-03-19,1,,"Very bad and fraud broker. Sold all MTF position and make me loss about rupees 4 lakh. cheater hai. MTF me interest v lega. wallet minus v karega aur sell v kar dega. evil, chor",android,[REDACTED]
60ad0482-2599-45ef-b872-9ba7cdbc313e,2026-03-19,5,,all time best experience and easy use💌,android,[REDACTED]
63a207aa-09aa-4609-a6df-b3d652f5ba06,2026-03-19,5,,it's very easy platform to understand,android,[REDACTED]
66111081-055d-49d3-8967-59d4305585b5,2026-03-19,5,,easy to use good app,android,[REDACTED]
68499993-fbd5-402a-af01-9d37dce92968,2026-03-19,5,,easy to use and provides good details,android,[REDACTED]
6a0d09f1-2664-459d-8bbe-fab411280ac9,2026-03-19,1,,i think my experiance is very bad as using this app,android,[REDACTED]
6acb9357-bda0-4543-80ac-11cd71443658,2026-03-19,5,,nyc trading app very simple and trusted app,android,[REDACTED]
6d7d3b72-36f7-4d75-b0b7-059059ff49dd,2026-03-19,1,,charges need to be corrected,android,[REDACTED]
6e155607-ecf8-4c52-a5a2-26dfa8fdb7bb,2026-03-19,1,,Multiple Charts should be available in charts for option trading......also profit - lose showing in charts,android,[REDACTED]
77ad217a-d05d-4c3f-a073-197a58db9712,2026-03-19,5,,good app to loss your money in share market,android,[REDACTED]
7b2447e1-6734-46a2-8836-92dc5326a5eb,2026-03-19,5,,very good application for stock market.,android,[REDACTED]
7cf8e763-7a87-4145-893e-a676e8eac4c8,2026-03-19,1,,to much froud app only losing,android,[REDACTED]
81bd7133-1984-48d1-8a2c-c815ccb22fa7,2026-03-19,5,,best apps for trading 📈,android,[REDACTED]
904dcaf0-c608-4680-9d51-96acfad6c591,2026-03-19,4,,easy to use fast and reliable platform for investment or trading,android,[REDACTED]
94e70f65-3fde-4a24-a78c-5a177760e813,2026-03-19,5,,Grow helps us growing our money in simple way,android,[REDACTED]
957f0d3f-7c68-42b6-b862-7cbe712da7ba,2026-03-19,5,,excellent app and help to all with genuine information,android,[REDACTED]
95ec8182-98a6-42a5-95e8-33c3cb1ce604,2026-03-19,5,,very good app for buying stocks ETF and app UI is good,android,[REDACTED]
998707d8-76e6-4caf-8bd7-425adbbf965a,2026-03-19,4,,this application is very helpful for invest in stock but the broker app's panalty is little high,android,[REDACTED]
9a321140-8654-41a0-a977-5d0b9954789f,2026-03-19,5,,I can invest how much I want small margins are also valuable 👌,android,[REDACTED]
9d0ec5a6-0525-480f-a799-58a8b1afbdd0,2026-03-19,5,,The best application for trading,android,[REDACTED]
a173dd1d-c11b-45ae-bc31-a38af250f12a,2026-03-19,1,,ye app starting mai thik tha jaise hi grow ka user badha waise hi ye ab service acha nai deta hai grow ka kiuki external fund is currently paused and we will come back with updated experience. aisa message show ho raha hai 3 Feb 2026 se or av tak koi update nai huwa or customer care v koi update nai de raha ki kbtak problem solve hoga isliye grow ka rating 1 star deta hu or aage से grow use karna बंद karta हु.,android,[REDACTED]
a410d878-ed34-42a7-9669-4b104781225c,2026-03-19,1,,It's not updating external funds.,android,[REDACTED]
a6d86aca-3771-40b2-bd95-db31565a846c,2026-03-19,1,,I bought a mututal fund on March 9. money debited in timely manner and after 9 days order rejected. just horrible. better to use bank mf portal...,android,[REDACTED]
a8449439-d936-4c26-842f-969bdb1314e4,2026-03-19,1,,"Failed to load option chain Network pure hone pr bhi grow shi s kaam nhi kar rha lgta h grow ko chodna padega,",android,[REDACTED]
a885ef9d-81da-4b8f-9757-3a8a36bd8e14,2026-03-19,1,,"fraud app, always hanging when trading which benefits the broker, deliberately algorithmed, very high transaction fees,fake reviews.",android,[REDACTED]
a91846b5-f8dd-473f-b88e-dab1d6c41bf7,2026-03-19,3,,need to reduce the charges,android,[REDACTED]
ab298669-ecb1-41af-b86e-071fc9daff49,2026-03-19,1,,not timely exit and enter,android,[REDACTED]
b18fee6f-8c8e-487b-a694-cf07e62b9236,2026-03-19,3,,good but slow withdrawal,android,[REDACTED]
b210242d-c9d3-4021-89b4-6365260e61fc,2026-03-19,2,,so many of charges in buying in selling whatever you do there are charges and not good for short sellers,android,[REDACTED]
b98ae7f4-8861-41a5-a010-335ce7051997,2026-03-19,5,,👍❣️ Refresh External fund's Not Updated,android,[REDACTED]
bb4f7d90-435e-4463-8f37-f26de4899bfc,2026-03-19,1,,Bad experience to me. your giving contact number was not working properly please check ✅ ✅,android,[REDACTED]
c389f6fe-cbbd-4a64-80f0-69f54c50bff0,2026-03-19,4,,"The application is easy to use, but I am facing an issue with SL execution in F&O. For example, today my stop-loss was set to trigger at ₹380, but it got executed at ₹376.60 instead. I have no idea about this. The app needs to work on better fill prices during volatility.",android,[REDACTED]
c401ea70-68e3-4cc7-a459-3589a8f6be05,2026-03-19,1,,"very bad experience worst customer service can't show my investment properly which I've dinner through their app only. They can't fetch external portfolio , that's a seperate issue all together. Complained multiple times , shared CAMS statement 3 times , still no response , no intent to fix the problem. shame on you",android,[REDACTED]
c51220c4-1c99-4803-bc0a-af1ab6c0cab5,2026-03-19,5,,good experience in grow 4 years,android,[REDACTED]
c58ea406-8bde-4580-9455-5d8af9f229ec,2026-03-19,5,,best trading and investment app,android,[REDACTED]
d46e95e9-05e2-47a4-8c56-54958f6d4c07,2026-03-19,1,,amount block any time when my profit hy,android,[REDACTED]
d480a2e5-12d9-499c-a7b8-482fd61871e0,2026-03-19,5,,nice but just give the exit option on the candle page,android,[REDACTED]
d505e78a-cc6a-47c5-9a2c-67b1865f2820,2026-03-19,5,,very useful and easy interface.,android,[REDACTED]
daf61d8c-b445-40bb-b44f-3da32e496482,2026-03-19,1,,"It's useless, the brokerage is too high. What's wrong with this is that sometimes, if you're booking a profit, the profit won't be booked when the profit is higher. Your order won't be placed.",android,[REDACTED]
dd9edc1b-30cd-4893-a1a9-fa5fe21e4271,2026-03-19,5,,groww app very nice and good,android,[REDACTED]
e3601a71-859b-468a-b209-cdb56353b950,2026-03-19,1,,full worst service i am using in 4 years don't use this... customer service full bad or charges have facility full..faltu,android,[REDACTED]
e460e4f2-a9c8-4c44-b4f2-53ff8569a12f,2026-03-19,1,,it is one of worst trading app I have ever used,android,[REDACTED]
e6290c9f-d694-4cca-ac4f-28ee2c95e099,2026-03-19,4,,Very nice app for investing. no issues so far,android,[REDACTED]
ec00f3a0-cdda-470c-8554-fa74be1c57c3,2026-03-19,5,,grow app is very use for peoples. and groww app is investment plan for,android,[REDACTED]
ee58b617-65fe-403c-bd0c-2f018731d1b6,2026-03-19,5,,apple of share market,android,[REDACTED]
eed76556-eea9-45b6-888e-e4cdce3dd6f4,2026-03-19,5,,dis is a groww app is bast,android,[REDACTED]
f1ff439a-aa97-4c8f-b809-2f7bc0e010aa,2026-03-19,5,,it was a good experience and a user friendly application that I had ever used...,android,[REDACTED]
f53166f4-f055-4ee1-a8f4-52b29fb05312,2026-03-19,1,,plzz add crypto market.......,android,[REDACTED]
ff814d9d-6d17-454b-abfb-86e76f9081a3,2026-03-19,1,,external funds paused,android,[REDACTED]
0386e35e-59d0-4878-bd8a-22651dca186e,2026-03-18,5,,very simple interface.,android,[REDACTED]
042928a3-c4fa-4381-a8b6-dc58c50925a6,2026-03-18,4,,"very useful app , there",android,[REDACTED]
04566a5f-7079-448f-bcbb-96e274cfafe6,2026-03-18,5,,Smooth and UI is simple to understand.,android,[REDACTED]
05de027c-5519-4f92-8870-860acef55c8f,2026-03-18,5,,wonderful experience,android,[REDACTED]
065c1c4a-95c5-4c00-b197-5e0608319258,2026-03-18,5,,but extranal fund update is very poor..,android,[REDACTED]
0d805785-d128-4db1-b0f5-3adcea58d574,2026-03-18,1,,external Portfolio does not showing in this application it's too old,android,[REDACTED]
104160bb-9cb4-4af3-8a3b-11c914b91090,2026-03-18,5,,if you wanna save money should this is really good platform where you can save your money,android,[REDACTED]
16407801-86b9-4ed3-a967-aef4b5630032,2026-03-18,4,,"app is good but now the external fund is not import , fix this",android,[REDACTED]
195f5681-167f-4563-a33b-c0481e241318,2026-03-18,5,,Please subcribe a sreener for swing and intraday trading on daily bass team which based on techno funda.,android,[REDACTED]
1f6d41d7-20f5-4ba7-b134-0e2d15b65233,2026-03-18,5,,"Good app ,Faster than others, Brokrage deduction more than others.",android,[REDACTED]
25b9d3a2-ac19-46f5-abfb-1fcb6c23f8e3,2026-03-18,5,,long time investment 👌,android,[REDACTED]
28c76531-28e9-4da2-bc0c-5dcbf4a2c8b7,2026-03-18,2,,positions tab is uninvolved. If i sell a position or buy a share. it should come in position tabs for that day as I can trade it intraday.,android,[REDACTED]
2dbf4944-80d5-4cd7-bcf3-43cb058bed01,2026-03-18,2,,ur external charges is too much expensive I take three trades in nifty my brokrage cuts 151 Rs and in dhan app I take three trades in nifty my brokrage cuts 128 Rs,android,[REDACTED]
3dcf3020-0145-423c-aa70-5f20870a8440,2026-03-18,5,,"A very good app for beginners as well as experience , very easy interface",android,[REDACTED]
3e27a403-3566-4269-a5c5-c24a1d5c55bf,2026-03-18,5,,brokerage monthly premium added,android,[REDACTED]
3e9b5ebd-f85a-44a4-9b37-3f0a675e8252,2026-03-18,5,,please update external import funds..,android,[REDACTED]
40d112f9-0e21-44e3-b5ec-ff9ff448995c,2026-03-18,1,,very worst experience.fake app.fraud.100 percent cheating,android,[REDACTED]
4132d0c4-09be-45bd-af59-6d950ff2523d,2026-03-18,5,,"Please add kill switch , please add to see fno pnl day by day ... please please",android,[REDACTED]
45134a69-7661-4943-ad6d-cf6cb11521ab,2026-03-18,5,,good investment groww,android,[REDACTED]
46b5a2c9-0a4d-4e5c-badf-a5b5a0864129,2026-03-18,1,,Not a reliable app for trading because of discrepancies/delays encountered during selling & buying stocks. Also high external charges & taxes charged by Groww apart from their brokerage charges. Upstox or Zerodha are far better than Groww!!,android,[REDACTED]
4e83793d-196e-4a09-bd5e-f6f7b0b6f31e,2026-03-18,4,,Doulat singh Rathore excellent,android,[REDACTED]
4f2b0f96-cf6a-43e4-83bb-4b2c5db98021,2026-03-18,4,,Very Good experience.,android,[REDACTED]
503af25c-8399-4298-8515-96f9ae30d95a,2026-03-18,5,,Good and Comfortable working space,android,[REDACTED]
562e08c8-185d-4403-9aa4-ea4d9f4440de,2026-03-18,5,,good but Market down,android,[REDACTED]
56bd98a9-7381-49df-803d-5ccb129bd1ec,2026-03-18,2,,"wrost support system. not financially qullafied staff grow higher 15 k per month call center staff for as Grow executive. if iasked how balance was minus or diduct it show see transaction not gives actual reason like charges, haircut changes bloody uneducated fellow",android,[REDACTED]
58dcc663-de02-4cc1-8859-20353a6870f9,2026-03-18,3,,Customer service needs to be more user friendly.,android,[REDACTED]
59cdc164-8deb-4065-ba90-c125c47e0124,2026-03-18,5,,groww should add features to track EPFO PPF BONDS MUTUAL FUNDS STOCK EXTERNAL STOCK AND FD RD at one place same like IND money app.,android,[REDACTED]
5d65ce5f-76cd-4048-be48-bcc00ae063da,2026-03-18,5,,the interface is the USP,android,[REDACTED]
5e3fce2c-1649-4913-bbc3-d4eea886dd98,2026-03-18,4,,good experience with this and it's transaction speed is outstanding keep better on mutual fund transaction,android,[REDACTED]
5e962030-ef83-4a04-ace8-6f44d430d50a,2026-03-18,5,,every brokerage platform Easy,android,[REDACTED]
5ef56770-4aa8-4f1a-9ec8-edd500ae4c26,2026-03-18,5,,easy to use and news about stock are accurate and if possible upadate app to you more than 1 graph at a time... like in trading view,android,[REDACTED]
6a27d96f-9218-4814-9678-0aeae13a2c11,2026-03-18,2,,broker and GST charges is very high,android,[REDACTED]
6b42d104-25f4-42f8-a324-a881f8b7a7db,2026-03-18,1,,"Horrible experience, i am not abke to se my holdings, just dots are showing instead of numbers. i think it is after update. Have reinstalled it but no change",android,[REDACTED]
7958e19d-529c-4693-b69d-1c2f30fc2f47,2026-03-18,1,,External Funds are not fetching by Groww anymore from last 1 month. And their customer care executives don't know about it till now. How funny is this. 🤣,android,[REDACTED]
7e7c4c89-aff3-48db-a566-6cf0d78dfcaa,2026-03-18,5,,ths is th best n smoothest app,android,[REDACTED]
81488332-3237-4629-ba50-143ce7b41d36,2026-03-18,5,,it will be better to post news regarding market or any companies immediately when any updates are there,android,[REDACTED]
8a649a15-ff07-4434-9159-4fef3a6e2729,2026-03-18,4,,good setup & Simply from other app,android,[REDACTED]
8aca6530-b12f-4edf-8687-f72361e29e61,2026-03-18,1,,worst experience today not exist shares,android,[REDACTED]
8df05de9-0288-426d-a8c2-65346b063ed1,2026-03-18,5,,please clear the External MF tracking issue GROWW......as soon as possible,android,[REDACTED]
92ad7d48-8c23-440c-bace-3119c7f106a3,2026-03-18,1,,Pathetic post sales service,android,[REDACTED]
93f541b1-432e-4aaf-8305-945a358f66e1,2026-03-18,4,,better than other App,android,[REDACTED]
993615cf-5cde-4d4c-9516-528dde669a5e,2026-03-18,1,,so much hidden charges,android,[REDACTED]
9b2323c9-3f0a-45dc-b7e7-116a4a8fe617,2026-03-18,5,,application is very easy to use,android,[REDACTED]
a0705a8d-caf6-4116-bf10-d60d49651441,2026-03-18,5,,best app and high option trading charges,android,[REDACTED]
ace356f6-efb9-4120-9468-4cbe9badb60d,2026-03-18,4,,brockrage charge are High,android,[REDACTED]
ae137c1d-f976-4d6c-b7a2-10d2b0939df0,2026-03-18,1,,18.4.3 update f&o index view very small and irritating 😔,android,[REDACTED]
b3df4e73-73b4-4240-a41c-b9314f365d41,2026-03-18,5,,very easy to investing,android,[REDACTED]
b895e975-9dd6-45fa-a9ed-2148d424cac8,2026-03-18,4,,"grow account se paise gayab ho jate h, acount me paise rakhna safe nhi h,baki sb chij k liye grow is the best . bs ye choti si problem thik kr le to sb badhiya, suppose aap grow me 1000 rupye add kr k chod rhe within week ho paisa deduct ho jayega ar uski koi information nhi milegi to utna hi Paisa add kro jitne ki jarurt ho,faltu 2 rupye v nhi,ar jb koi stock bechte ho turant withdraw kr lo paise apne account me wrna vo Paisa v deduct ho jayega pta nhi chalega",android,[REDACTED]
c5ab79c1-3a02-4c51-860c-fd04a9efc453,2026-03-18,1,,ugradting sip to demat account without my permission,android,[REDACTED]
d7e88370-50e6-4f23-89df-28d95f51b952,2026-03-18,5,,weldone app for the investment,android,[REDACTED]
dbab33bb-6a6d-4e8e-8521-c77ff74d5e42,2026-03-18,5,,I love this app but some changed features actually traders directly buy and sell in chart it's very helpful for every trader,android,[REDACTED]
e2799c02-02ef-42ab-8be6-98388196ce5d,2026-03-18,5,,Super application and easy,android,[REDACTED]
e5440f2e-e03d-4db3-b004-eadeb578bd7e,2026-03-18,1,,they block our money,android,[REDACTED]
ea1c8847-871d-49a6-b784-b202d165f3a3,2026-03-18,5,,I'm using this app since last 1 year and I found it very easy to use. With every update the app introduces simple and minimalistic new details to understand market better.,android,[REDACTED]
f719c769-0efd-4d28-8eda-4dc0393fd0f8,2026-03-18,1,,"App lagging in reflecting the latest SEBI guidelines. Hence, not a realtime investment platform.",android,[REDACTED]
f7cefbf2-d438-4c94-9860-be9f7ef63370,2026-03-18,2,,"hide your drawing button is not working, whenever your press it app hangs. please fix this",android,[REDACTED]
f8bf7a57-9f36-4cb3-9fb5-740e4cdbadf0,2026-03-18,5,,"In today's world, Groww has provided a very good platform.",android,[REDACTED]
fc0595cf-e2b2-4ef1-8a16-7b1fa72525bb,2026-03-18,4,,reduce your brokerage or make any plan for savings on brokerage,android,[REDACTED]
fd4f598b-58a2-4f7b-bfbd-7a01e18a8c30,2026-03-18,3,,why removed other countries stocks add that also,android,[REDACTED]
08d9a01e-b98e-453b-90c6-55cf1c6a8a52,2026-03-17,5,,best app for investment and earn profit,android,[REDACTED]
0a6f5504-60c4-4b21-b9f1-e7bd3a839dd7,2026-03-17,1,,your market always in low values,android,[REDACTED]
0a6f862c-3c37-4a59-8596-5eb571ecd865,2026-03-17,5,,Great app. love it and the annual t shirts. need a full time screener. dont mind paying a monthly fee for screener but it should give value suggestions.,android,[REDACTED]
0d14c2fc-fbc8-442a-b59c-79eec38d20a9,2026-03-17,5,,most My life time opportunity & My all Dreams support,android,[REDACTED]
24dade71-1fad-4e86-bc2a-fe1951564507,2026-03-17,5,,good performance nice pletform,android,[REDACTED]
2717e197-6c56-46a9-b773-3c6b81bbded9,2026-03-17,5,,application is very good and best performance Training and Sher marketing,android,[REDACTED]
2871d9ef-2742-4020-af6e-96f5680f3d8b,2026-03-17,4,,Safe Exit is much appreciated as it has saved me many times from big losses and has amazing features Groww App Thank you so much for giving it to me,android,[REDACTED]
2c196f83-322b-4c08-95ee-8fe962baccd3,2026-03-17,1,,"I've been using Groww since July 2020 and appreciated its simplicity for trading. However, the charts have become painfully slow, lagging during volatile markets and making timely decisions impossible. Sahi's super lightning ⚡ speed charts are a game-changer by comparison—snappy and reliable. Time to switch platforms. Groww, please fix the charts!",android,[REDACTED]
2f597a57-0833-4b5f-b6b1-89b508c0360d,2026-03-17,1,,"want to add labels in mutual funds so i can remember for what goal or purpose it was brought, clear calculation on expense ratio how much cost we bear, suggested this 2 years back still struggling, replaced human with dumb chatbot so people can get frustrated and leave the issue genius.",android,[REDACTED]
382c08f7-b645-4db9-98dc-6051c5f26e2c,2026-03-17,4,,groww is the for because it's very easy to understand how to do what to do!,android,[REDACTED]
3bd233f5-ec8f-4faf-8843-0bd6ad2ddc80,2026-03-17,1,,after recent update battery is draining to fast,android,[REDACTED]
3d35b27e-2e30-46b7-912c-8c7e4acf33c1,2026-03-17,5,,good app easy to use,android,[REDACTED]
3e268f6a-c173-4126-89b8-f2659946bba0,2026-03-17,5,,groww is the best platform,android,[REDACTED]
40bfbb1e-8dab-4595-af7c-633347d1ff7f,2026-03-17,2,,external fund updation not possible,android,[REDACTED]
44e9831b-9caf-4ca5-8757-70d0da4a73f6,2026-03-17,5,,Best app for trading and investing,android,[REDACTED]
4518904a-cb06-4ae7-9495-d475d816ac70,2026-03-17,1,,froud app ahe maje mutual fund che investment kelel kahich nhi rahile sagle udhale froud app mutual fund mdhe investment kru nka ya app mdhe plede unpled cha navane he froud kartat mja jala aani tyachakde khich histry record nhiye mjakdw Sagla ahe,android,[REDACTED]
464ee331-db3c-453b-83a3-747e28311427,2026-03-17,5,,easy to use and simple design,android,[REDACTED]
46c0897c-c0cf-46df-a212-ea0ce2aca0f7,2026-03-17,1,,very bad application i don't like this application i hate it,android,[REDACTED]
4d28c960-e34a-48ce-a3ee-0434031d9857,2026-03-17,5,,Help me for investment information..!,android,[REDACTED]
4f10a3fb-f921-44fc-9f3f-c6cffb28ff4c,2026-03-17,5,,Don't show everyone.my personal information.,android,[REDACTED]
4ff1401d-22de-4fbf-a757-8d07e86b1008,2026-03-17,5,,A good app has a good interface for beginners.Better feeling using upi and money receiving.Thank you for your valuable system maintenance Yogeshwara m p,android,[REDACTED]
553efbfc-0ee6-4b27-83b1-a35ac5314f6f,2026-03-17,5,,love groww bat problem is updated groww but candels is not moving,android,[REDACTED]
5ee9b716-98c9-4b04-a075-962c98c5e102,2026-03-17,2,,"Well, everything was fine but from last month 21st external fund can't be updated! Don't know why this error reflecting!",android,[REDACTED]
5f2be456-5bc0-45ca-9e8c-d7c1bdebe312,2026-03-17,5,,nice app for trading,android,[REDACTED]
615b8ff2-801d-41a1-9b1c-1cc09366e81e,2026-03-17,1,,When are you deploying SLBM in your groww platform? Zerodha already has it.,android,[REDACTED]
63fdaf7e-c493-445c-995d-da1af9a531a9,2026-03-17,1,,external funds update is paused.,android,[REDACTED]
65c927c8-1b8c-4cea-ba9b-4816d706d479,2026-03-17,5,,All are good 😊👍 nice interface super speed Fno trade I have small request plz add on product safe Target improve to set limit profit plz add on this type once I have entry daily my profit hit then close tha Fno position automatically plz improve and consider Thankyou so much,android,[REDACTED]
6f1ad08e-b46b-496a-b819-1dee9f193642,2026-03-17,5,,best app for Investment into the Sip easily.,android,[REDACTED]
6fbffec5-efd0-49ae-a2af-2c61f6ccdf43,2026-03-17,5,,nice experience with all features in this app,android,[REDACTED]
71ce0d33-036e-4afe-a349-21c1d027826a,2026-03-17,5,,completed the transaction to my bank account thank you,android,[REDACTED]
762e9715-67ff-4509-a1c3-9f413129db22,2026-03-17,5,,good for investment but account stuck problem too broker sidee,android,[REDACTED]
776dc7ff-c575-4250-a9b3-cbc6bf350ff2,2026-03-17,1,,"very bad ,,bahut technical glitch hai.bahut server problem hota hai",android,[REDACTED]
7c24b64e-3f1a-42bc-b3fb-6b17c07a542c,2026-03-17,1,,poor app... My stoploss trigger but the candle doesn't touch/hits the stoploss(given by me).....poor technology....don't install my loss is becoming bigger and bigger due to this issue of grow,android,[REDACTED]
87caae71-0db3-436b-bb29-7b531184d786,2026-03-17,1,,"Worst brokerage platform. Doubles the brokerage mid-way and does not even inform openly. Highest brokerage charges. Not worthy. Go for some other app as once you are stuck, transfer of portfolio will be even more trickier. Also, they deduct amount of weekends but have a policy to not credit your own money / refund into your bank account on weekends. Save yourself from an emergency liquidity problem and find a better platform. There are plenty now-a-days. Much better and reasonable then groww.",android,[REDACTED]
8d66755c-8a20-4b0c-82a4-f6a1927bd953,2026-03-17,5,,Need to improve customer care service....it takes very long time to connect,android,[REDACTED]
8e674a96-85ad-4e60-b87d-a8f4ef9aff57,2026-03-17,2,,Everything is Excellent and Smooth But 😕Timer nhi hai kya apke chart me???? after Editing Review Again Asking ‼️ 915 PORTAL CHART 📈 pe ⏱️Timer nhi hai kya??????????,android,[REDACTED]
92db5a75-b084-4293-a10d-e1ff42b3845a,2026-03-17,5,,it was great for treding and sip,android,[REDACTED]
9547b9ee-3459-43b8-b68c-df31604f4c8f,2026-03-17,5,,thanks for the gook usear experience 😀,android,[REDACTED]
9823dfaa-7e76-4df6-9eb3-d11150b29c7b,2026-03-17,4,,why its refresh external fund functionality not working?? Showing like tracing external fund is currently paused. sincenlong this is happening,android,[REDACTED]
9b6eaa41-fbe4-4bd1-ae86-47958e7c1613,2026-03-17,1,,Frustrated with the NAV allocation on this app. I consistently get a higher price than what is officially listed for the day I invested. Seems like there's a delay in processing orders that costs the user money. Be careful if you're trying to buy the dips. I will never buy mutual funds from Groww again and will be looking for a more reliable platform for my investments.,android,[REDACTED]
a3e380a3-9865-4b71-9dbd-7648987281aa,2026-03-17,3,,I am most Handlling Grow app very nice.,android,[REDACTED]
a6d5d95e-3dba-4844-af99-5fb6ae771761,2026-03-17,1,,"Groww has removed basic features like external fund tracking, now I have to move out of this app all my stocks and close account with you. Will go to et money or ind money.",android,[REDACTED]
a6e7c44d-6d49-45c0-9751-83836a3db442,2026-03-17,5,,best Treding application .,android,[REDACTED]
add9d626-71f6-4431-8cb9-013dfb933c67,2026-03-17,1,,sabse ghatiya ap he groww par trade 134 rupes charge kar Raha he,android,[REDACTED]
b00fadb5-ac47-4e52-ac02-91c0cce30e87,2026-03-17,1,,I want to cancel sip but amount withdrawal option not showing.,android,[REDACTED]
b77bc945-0a1b-4ab8-ba5d-d5a221b99612,2026-03-17,5,,Very good app for investment!!,android,[REDACTED]
b99c104f-d329-4430-ae4d-0df6b55961fd,2026-03-17,5,,very easy to use.. superb experience,android,[REDACTED]
bef58ae7-ff36-4bd2-9d5b-186e9dde0e74,2026-03-17,1,,i thought to give less than 1 rating to groww as they taking all the money & making saying growing money example - per share they taking 20 ps & Brokerage upto 80 Rs doest mean that for sell/buy option..,android,[REDACTED]
c595ad16-bb59-413f-950f-4e4fe3398b97,2026-03-17,5,,"superb app but sometimes(in fact many times) the order limit price doesn't reflect in order, I think we need to refresh multiple times and many times we need to close the app and again need to start to see the modify price, please improve this, In fact the game is all about ordering. Thank you.",android,[REDACTED]
c5e30488-fb44-45ff-8547-de6794e1c2ed,2026-03-17,4,,it was good after all,android,[REDACTED]
d44f2734-72ee-411c-8ab5-d142dc81c909,2026-03-17,5,,nice easy to practice and learn for beginners,android,[REDACTED]
d5bf97b4-82ac-4595-9354-0b68ed2e83b7,2026-03-17,3,,in the recent time order is not getting quick refresh and did not show in the position quickly other wise app ia good.,android,[REDACTED]
d7e0ec38-bbc7-4c02-b972-5e403eac0d83,2026-03-17,5,,nice platform.. easy to operate,android,[REDACTED]
daed1faf-e8d3-4614-900f-7aa5a59b88dc,2026-03-17,1,,"there is no way to use stop loss it will never work . some times you want to exit from trade , exit button will not work till that your earning will completely lost. Groww will give you execuse that it's a exchange issue . if doing trade on mcx than you will never hold profile , your order automatically placed against movement so that you lost big amount.",android,[REDACTED]
e1910746-2997-48be-ac1e-2363b3c08f59,2026-03-17,5,,it is an user-friendly app. and easy to access.,android,[REDACTED]
e429f1c0-7c85-4bbb-809f-36b2541d442f,2026-03-17,5,,simple and full understand thank u,android,[REDACTED]
e495df10-b8a9-461a-837e-e981a93d3b6b,2026-03-17,1,,Rip customer service. Brokerage charges too high. they are searching the way to eat your money.,android,[REDACTED]
ed161b95-156f-4c91-8fc1-24b352860122,2026-03-17,1,,fake service please don't install nakli service,android,[REDACTED]
edf8e9c3-7fe5-4697-8595-b88759e3396f,2026-03-17,5,,very good and a broker with clean UI,android,[REDACTED]
f1a4bd7b-e3a2-49e2-8198-b2285c92676e,2026-03-17,1,,Groww app charges is so high i recommend can't use this app. worst app. really disappointed with this app.,android,[REDACTED]
fa96768b-c7e8-43de-825e-16f091576028,2026-03-17,5,,good experience groww,android,[REDACTED]
fae000b3-8ea8-430e-a541-767706f893a7,2026-03-17,1,,candle stick open high and open close nnot good compared to others i use since 5 year numbers fraud app and brokerage not good and exit also issue in option trade,android,[REDACTED]
fd092f60-553a-48f8-a685-9823177d0ea4,2026-03-17,5,,best mutual funds and easy process,android,[REDACTED]
03a3b792-c26f-4ed1-959c-1d77f94a9138,2026-03-16,5,,"User-friendly UI, easy for beginners in trading, good for tracking external portfolio as well. Suggest to add external investment like NPS, EPFO in the dashboard to track all investment in one place",android,[REDACTED]
03f3c3eb-4dbf-45de-902d-28579de68307,2026-03-16,1,,it's take too much brokrage charge,android,[REDACTED]
06aec959-43b2-46f5-8be3-48868ea3f36b,2026-03-16,1,,Earlier it was good because it has some smart features that I liked that were live candle moves showing ups and downs and other other ones was growth of the stock from which date you have added in your watchlist. but not all the features have been removed.,android,[REDACTED]
0a194f51-5ec6-4c5e-bfde-cefa74df7ef2,2026-03-16,5,,"excellent, some insight in portfolio suggestions for long-term in equity and mutual fund may be valuable for retail small investors like me",android,[REDACTED]
0a51e6ad-6597-4229-a0f7-168f508e2e32,2026-03-16,5,,"very nice , and better investment on mutual funds , very easy to use",android,[REDACTED]
0d193fbe-b9bc-479b-8ce5-d756355e02ca,2026-03-16,5,,Please Add Automatic Trailing Stoploss,android,[REDACTED]
1248cbcf-850f-4be1-bed0-dc90b5613b9a,2026-03-16,4,,"Crashed, no customer suppport",android,[REDACTED]
16f3f81e-3abb-4ed4-9d7a-bf7db84e906c,2026-03-16,5,,grow is good app to use .. easy & nice ..,android,[REDACTED]
1805f540-7f81-445e-bd0f-4f55fc173011,2026-03-16,1,,app is good but broker charge aur extra charge bahut zyada hai ek tread ke 95 rupees,android,[REDACTED]
1f10fbaa-0476-41a9-90b9-00c1ddf981c8,2026-03-16,5,,very nice 💯💯 thanks 👍,android,[REDACTED]
2358926d-b876-4ee0-9874-1d3e739a2e0c,2026-03-16,1,,this aap a new very smart aap,android,[REDACTED]
35964edf-4520-42ef-a0df-9072381845dc,2026-03-16,5,,very very nice app 👍🎯,android,[REDACTED]
3c88570c-3582-467c-8726-a502aed4d9c1,2026-03-16,5,,EXCELLENT SERVICE 🏆🎉🎉,android,[REDACTED]
3ebc1cfd-1368-43b6-9c83-2ccd5dcb27a8,2026-03-16,4,,easy to use for beginners,android,[REDACTED]
40ff563e-3e67-426d-9a38-dbce3ad0a615,2026-03-16,1,,that's why I love Treding but not play,android,[REDACTED]
430b0c32-b34e-4ab0-8f31-c7b0985e5283,2026-03-16,3,,fix quick display of history.,android,[REDACTED]
5ede00df-4eef-4897-8758-28ef03ea74d8,2026-03-16,1,,not a good trading option,android,[REDACTED]
68659076-6514-47d1-a637-84c5c7726274,2026-03-16,5,,awesome and so easy 😇,android,[REDACTED]
6c321747-a53b-463e-bbc7-4848a2289d7c,2026-03-16,1,,not able to fetch external fund,android,[REDACTED]
6cea0898-ac92-4db2-a14c-323f38853693,2026-03-16,3,,hey im facing issue in past i make id on grow and from my email but later i deleted my that email now I registered again with my pan but it's not login it required new pan kindly look forward in this im facing this issue can't use this app phone no. is same but not have access to that email id cause delete that.,android,[REDACTED]
7a6274d3-4f71-4a79-8299-43b1767b2e2b,2026-03-16,5,,it's [REDACTED] of the best for trading account and very comfortable and very nice experience.. excellent 👌👌,android,[REDACTED]
8c8a9140-ebec-41e6-8352-716f88050ab9,2026-03-16,1,,very bad that groww is charging for gtt orders as well.,android,[REDACTED]
992b608f-187f-4c6a-b48f-1adff2006a6d,2026-03-16,5,,very good and treated h Groww,android,[REDACTED]
abc90d1b-54a7-4bf1-be7c-e8cd650d28b0,2026-03-16,4,,it's a one of the best app👍,android,[REDACTED]
b5589c09-6b95-4dc6-9366-f33492e55ade,2026-03-16,3,,i want open interest indicators in groww,android,[REDACTED]
b6bbf6dd-f91a-4258-8669-c85101a801b2,2026-03-16,3,,option trading percentage does not shows 😔,android,[REDACTED]
b9b5bfcf-6c50-45f7-8468-6e3d032f2e1f,2026-03-16,4,,app is not updating external mutual funds every time it shows notification external funds tracking is paused pls resolve the issue,android,[REDACTED]
cabab3a7-8b8e-4bc3-89dd-147e494ceedb,2026-03-16,5,,thank you for your grow,android,[REDACTED]
d5c5c3d9-6fa5-4024-8f6a-22b9c7c8ba0b,2026-03-16,4,,Add chart trading like Dhan amd fyers app and also add multi layout Chart,android,[REDACTED]
e386bc79-ab38-4632-ba2a-513dc9dba0b0,2026-03-16,3,,"when we get notification about stocks and indexes, when we click that to open app asks for biometric authentication for open, this happens everytime even while logged in the application or monitoring the market. fix this issue.",android,[REDACTED]
e6dd6ab9-b144-4b58-9b77-2ea8a3f3dbb6,2026-03-16,1,,Very bad Experience 😕,android,[REDACTED]
f4add5a8-646e-4788-9518-3a60cb003260,2026-03-16,5,,"current time show nahi hota hai, 1 din 2 din let sab dikhta hai",android,[REDACTED]
f6c3afce-f0b0-4822-9792-82b0e6ed459c,2026-03-16,1,,please provide hindi news on stock news tab,android,[REDACTED]
ff42f085-d8f7-43f1-98e8-e45f4e8d5cc2,2026-03-16,5,,this is best trading application,android,[REDACTED]
09dba7b6-18f9-40e8-b432-887185aa03bf,2026-03-15,1,,MF refresh option is not available since long time. Stock market moves in moment and you want customers to be ok with no refresh or MF portfolio. Looks like customer oriented is on backburner for Groww,android,[REDACTED]
19ac6d01-a1bf-47f4-a900-e065131a9bff,2026-03-15,5,,please provide Double Chart in Trading,android,[REDACTED]
2d2a78c4-86b1-42e2-9594-3427ee3d9247,2026-03-15,4,,"App is great but I wonder why you guys stopped ""External Mutual Funds Tracking""? Can you please help us with a timeline like when it'll be live again as it has been a while since it got suspended.",android,[REDACTED]
36a5839f-ba9e-44ac-9bd9-e17263c181e5,2026-03-15,1,,Recently what I observed is generally liquid fund takes 1 working day exit but in groww it takes almost 2 to 3 days? what is the reason behind it?,android,[REDACTED]
3fa82a70-7837-4b65-a0ef-f33a4396d15b,2026-03-15,1,,not syncing external funds since last 1week,android,[REDACTED]
4dd0d82e-9a23-4e53-8b55-f67f21389977,2026-03-15,2,,not Workings application,android,[REDACTED]
51861609-f5c4-434d-8770-6e8512e74875,2026-03-15,1,,this is just money scammer platform. if you close your mutual fund account it will automatically pledge. After you unpledge the amount you are not able withdraw the amount. I several time raise the issue but anyone willing to solve the issue,android,[REDACTED]
518a3628-20ae-4a9d-8eab-357c1829d246,2026-03-15,1,,"has took 1500 for nothing,and when I sent 1500 that also instantly vanished trash ,nobody responded",android,[REDACTED]
546b5731-3bae-4c15-8b2b-0a7dec7d427a,2026-03-15,1,,The people who filled their homes created this app.,android,[REDACTED]
64a1c517-716b-4a97-b27c-4f9d3b4675a6,2026-03-15,5,,brokerage high bed point,android,[REDACTED]
64bab384-b14e-4edd-b3f5-8ed0fb101def,2026-03-15,5,,love the ease of managing everything,android,[REDACTED]
7e70d438-fc30-4f23-a065-be46fe4d4d02,2026-03-15,5,,"easy access, loved it.",android,[REDACTED]
816d0320-d3c0-45f9-a252-2e32de011bbe,2026-03-15,5,,Nice Aap and all of you please always safe because investment is dangerous,android,[REDACTED]
85f28d98-71df-4b7d-a1f8-6b5ef66ec6af,2026-03-15,5,,this app is very good and very helpful,android,[REDACTED]
874f33d6-656c-47af-ae11-8cbfc5a88097,2026-03-15,5,,"The app is very good. I personally liked it... user friendly. The best part is small advices pop up regarding safety of investing in IPO , bonds , etc",android,[REDACTED]
9186edce-3253-43c3-b8c5-b713dda70169,2026-03-15,5,,it's really awesome & easy to use,android,[REDACTED]
a99604d1-614b-4a39-aa88-c16e49437572,2026-03-15,5,,best for sip and equity trades,android,[REDACTED]
ac2ad8d6-30ab-474e-8de4-e531599e8f5f,2026-03-15,3,,"I love groww, deserves a 5 star but why only 3 star? because they never allow SL Trailing by dragging the SL line. Such a huge and efficient platform should allow and update something as simple as this.",android,[REDACTED]
c717e322-c56c-4673-8e97-321b2c0af6bf,2026-03-15,5,,I'm a beginner I am just looking Just try and improve my self 😌,android,[REDACTED]
d5fcbc45-3c0d-4d54-b41a-c652033d8ec1,2026-03-15,5,,awesome experience with Growww👌🏻👌🏻❣️,android,[REDACTED]
d847c2dc-3a8b-4f29-bf02-f2274cb52c50,2026-03-15,2,,broker charges are very high.,android,[REDACTED]
d8d70ee7-3598-4b6e-a6b8-12c6b2017185,2026-03-15,3,,"I am unable to track my extrnal mutual fund investment since last month, it says "" Tracking external funds is currently paused Your existing tracked funds will stay visible. We'll be back soon with an updated experience. """,android,[REDACTED]
e0bcc62a-21b0-490e-8ce0-7c62a5356c8f,2026-03-15,4,,Very nice app n easy to use. but Order will not display in dashboard upto 2 days. main drawback.,android,[REDACTED]
e909c860-5ed6-4aae-9e50-c328d6aab57a,2026-03-15,5,,best business option,android,[REDACTED]
00cf9742-5a0f-4aec-8c9c-1f95811abd70,2026-03-14,5,,I am using this app for the last 2 years. It is verry good investment app. I want to know if there are any possibilities to know the buy/sale signal for bullish/bearish trend of Indian stock?,android,[REDACTED]
02dcca2e-f214-407c-adec-2fd697d59f03,2026-03-14,1,,financial data shared with whom 3rd parties or Sebi?,android,[REDACTED]
329d3b78-29f9-4dd8-8603-62314a3c932f,2026-03-14,5,,very nice app for investment,android,[REDACTED]
3e701a41-d745-403e-99ee-be03cf4c4bf0,2026-03-14,4,,good but need to improve user friendly and need to help investor or trader,android,[REDACTED]
3f458fd3-cfb0-43a8-8ced-7de4ddf5f85f,2026-03-14,1,,I have done a switch order. My units are debited in source fund but not credited in target fund. Not getting help since last 20 days. Only receiving AI generated standard responses,android,[REDACTED]
47c5ab33-7b98-4f21-8a86-5e2431b706de,2026-03-14,1,,not able to widraw the sip money,android,[REDACTED]
5276cdd5-58b8-4429-8801-a222169f9c97,2026-03-14,3,,can not use basket trade with different expire..,android,[REDACTED]
66f4db47-579d-428a-b857-5fae61a9e6ad,2026-03-14,5,,Too good to use for beginners and its UI is very user friendly.. Thank you groww team..,android,[REDACTED]
80ebda2e-585f-4725-bcff-437fad410034,2026-03-14,5,,best app in world 🌍 ilove grow very isy handling,android,[REDACTED]
815fdf58-87a2-481d-a22b-2529579cf93c,2026-03-14,1,,very poor and pathetic app.i hve given the request to activation of commodity section bt till now there is no revert from Groww side.i have talked to customer care also several times bt no +ve response.Pl don't download this app.no service no customer attention.,android,[REDACTED]
81f58d8c-b25c-4744-8334-610a0fa98787,2026-03-14,5,,Excellent app for the first time investor.,android,[REDACTED]
85599909-944f-4638-bcf8-446a458d67a8,2026-03-14,5,,"Honestly, this AI assistant conversation experience feels realistic because the replies sound human and caring, so I keep coming back for meaningful chats.",android,[REDACTED]
9bc55c81-e4d2-4816-8884-e4fbecfbeb6a,2026-03-14,5,,This app is best for beginners User friendly interface. The only one issue I was facing since last update is that the full landscape chart display can't work properly. it's load and then suddenly open the home screen 😭😂👍👍 The most impressive thing is that the charges are really minimum. As compared to other apps. 😎🙂..Keep Growing with Groww .🇮🇳,android,[REDACTED]
9dd92d2f-fc36-4525-8dab-ccd8beab36df,2026-03-14,1,,so many issues- better if beginners don't use it. Almost like a scam.,android,[REDACTED]
a179b426-4c68-4427-ad3d-bd8b5bb8fe58,2026-03-14,3,,the best ui broker app for stocks and mutual funds but there is no SWP option for the mutual funds so its a big drawback of this app i want to know the option,android,[REDACTED]
a73b0223-4166-4382-849f-29899b1754d8,2026-03-14,1,,"fraud application, there minimum charges increased to rs 5, for 100 rs share they charge minimum 5rs , and if you want to sell again minimum 5 rs Plus additional charges, 10 percent they are charging hiddenly, by making your account negative balance. immediately delete this fraud app, and transfer your portfolio and do trading from some other application",android,[REDACTED]
a9320e37-2282-49be-bcf8-e2cd2195ce63,2026-03-14,1,,"buy= 20 rupees charge + gst. sell= 20 rupees charge + gst. 40 rupees+gst on every trade is too expensive. don't do treding on this app. download shoonya app it's free,no brokerage charges or gst on it.you can save upto 50 rupees per trade.",android,[REDACTED]
bd2b9f21-2e0f-4a9e-9ffe-adce2029631d,2026-03-14,5,,"Good broker , but sometimes facing Laging issue",android,[REDACTED]
c151ac3a-be42-43c5-887b-417bb15583fb,2026-03-14,3,,"Nice app, but for Stop Loss (SL) or Take Profit (TP) we have to go back and manually enter the price. For scalping, futures, and options trading, it would be better if there is a direct option where we can simply drag and place the SL or TP on the chart wherever we want. That would be the best feature. Otherwise, the market may reverse quickly within seconds and many people may lose their money. I think this improvement would help your app grow. Please consider improving this point. ☝️",android,[REDACTED]
c160af60-3911-4c99-a5b2-96334128907b,2026-03-14,5,,It is easy to trading,android,[REDACTED]
d19002e2-ba4b-49f6-b527-a2412f960bc9,2026-03-14,3,,external fund not updated.external funds is currently paused.,android,[REDACTED]
d5b2d3c7-006a-40ac-bf20-80469f9f23ac,2026-03-14,5,,Excellent app with easy trading option thanks Groww app.,android,[REDACTED]
dec81a16-2551-4779-a3cd-eedb933504b4,2026-03-14,5,,it's simply amazing. use it without any doubts,android,[REDACTED]
f725086f-2a03-4a3a-903b-5efc3a2c433d,2026-03-14,4,,tested and very Effective,android,[REDACTED]
ff12959a-be38-4117-a8f7-efd8f4c30a7a,2026-03-14,2,,not full information,android,[REDACTED]
0842c656-b215-455c-a870-45ed9fc1ffa9,2026-03-13,5,,it's very useful to me,android,[REDACTED]
11a7eb62-b925-49e7-b1f9-7a54c777848e,2026-03-13,2,,"why you guys don't have nifty other index like oil and gas,metal,FMCG etc 😞😞😞",android,[REDACTED]
168f3649-4c32-4272-830d-15174c8aa729,2026-03-13,5,,"Simple interface and easy to use gui, trustable, buying and selling stocks is easy, don't know abt F&O",android,[REDACTED]
17e82313-e462-46b5-8a90-ff5954250b7f,2026-03-13,5,,Good App you should use this app,android,[REDACTED]
1c1e1c0c-b920-445b-bfdb-2580cef9a9a5,2026-03-13,5,,good app please provide suggestions for purchasing and selling,android,[REDACTED]
1f566c7f-0ec6-45ab-aef7-72ab723fb229,2026-03-13,4,,in ios gtt oreder Shaw hit Market price and current market price but in android there is only show market price hits. please make this for Android devices also.,android,[REDACTED]
2729a431-da2d-49d0-9c0c-db1912b9b0ca,2026-03-13,4,,"ok, but buying and selling commision bit too high pls try to readus bit low",android,[REDACTED]
29b32a7e-1e29-46e0-9a5f-4fa6a6afcbee,2026-03-13,2,,add the technical support & resistance to nifty 50 chart in app like individual stocks are having. add all bse indices in Indian indices,android,[REDACTED]
2c243dbb-25e4-46cc-a742-1d0f39324dd3,2026-03-13,5,,very nice but vwap is not show why ?,android,[REDACTED]
2fe01001-2a7c-4a1b-88f1-a3b06d57b3b1,2026-03-13,5,,very nice for beginners,android,[REDACTED]
3a604bac-e3eb-41b6-a5b2-af0c838562de,2026-03-13,5,,user-friendly app easy to use,android,[REDACTED]
3ed0217e-89bd-4e6d-977d-0c95ad712987,2026-03-13,3,,"GTT not working , Automatically deleted orders next day morning, I losses so many opportunities 😭",android,[REDACTED]
41ac37de-86df-48c4-80d1-cf530aaf8b53,2026-03-13,5,,nice platform groww apps in your life secure future,android,[REDACTED]
42b68cb1-df36-4be6-a871-a27645ab53e6,2026-03-13,1,,they are charging more for buying and selling,android,[REDACTED]
433814f2-76f4-4421-9dae-9e39cf2f93dc,2026-03-13,3,,"The platform works well, but there is one issue that needs improvement. When placing an order, the TP (Take Profit) and SL (Stop Loss) are not set automatically, and it becomes difficult to add them manually from the position panel. It would be very helpful if you could introduce a drag-and-drop feature for TP and SL directly on the chart. This feature would make trading much faster and easier, not only for me but for many other users as well. Please consider adding this in a future update.",android,[REDACTED]
4d3dd201-39be-45d7-a723-536d9f32ce18,2026-03-13,1,,"this Company is a scam and they will also involve the government on the scam experience invest 33k profit booked 1k, this company charged me 1.5k brokerage and 1.5k government regulator charges, and other tax 1.5 k total collected 4.5K for getting benefit of 1k reason : buying or selling F&O each time 20rs. and tax this company is a fraud please don't use it they will make us to wait when we try to talk with customer care at least for 15mins",android,[REDACTED]
4eca4ccb-9f5f-4b7e-999a-5455621da7a0,2026-03-13,5,,user friendly Requesting in next update the stop-loss and target must be set by % (percentage) when we buy at market price.,android,[REDACTED]
5f4d263b-bd0d-4d8c-92b6-f056b0079848,2026-03-13,5,,very good 😊 app I personally recommend for trading thank you Groww team,android,[REDACTED]
60f351c9-d850-4519-8995-a5009d3380ac,2026-03-13,4,,"The Best 💖 One I wOuLd say, but it deMands RandOM updates AfteR A COupLe Of days. That's why 4 ⭐s, PLease iMpROve it I'LL Review this COmMent !! ThaNKs #GROww 🔵🤍🟢 teaM 🙏🏻😊 • On 12.MaRCH.2026 ....... I'm heRe 🙋 Once Again But , The Last mentiOned issue hasn't ResOLved yet ........ 🤡",android,[REDACTED]
64a9ac9b-687d-4c61-ad88-b4c629746d8a,2026-03-13,1,,I'm unable to track my external funds; please continue this feature.,android,[REDACTED]
68fc31f0-74dd-4201-9a47-d7c90d7267c1,2026-03-13,3,,most of the time hang hoti hai... 650rs k loss pr exit Krna start Kiya thha... 3hr baad 7k loss pr exit hua 🙄,android,[REDACTED]
78b19861-f480-43a5-8ddb-35fd3104a822,2026-03-13,1,,"“The service is good, but the charges are too high. It would be better if the fees were reduced.”",android,[REDACTED]
833df354-1623-44e3-9370-df853f7ad5a3,2026-03-13,2,,"first the watchlist is weird. second nowadays when modifying order from limit to market, it says no modification made so deactivates the trade button. it's frustrating i have to first edit the price even though i was a market order. change of order type is also a modication. please change it back. and why do you not have freeze in fno pause? i can activate it immediately. no point.",android,[REDACTED]
87cb2a53-d996-461e-a9d2-6d22dec9999f,2026-03-13,5,,This application is very very simplyfied my trading journey. only just one click to option buying and selling. thank you.,android,[REDACTED]
8e94b93b-b61f-4386-949f-17dcae4a51f8,2026-03-13,3,,please add option like before on upi total monthly transaction month wise,android,[REDACTED]
92034f9d-a6ec-4630-8979-527b61aa027d,2026-03-13,1,,chrj bhut jada hai bad customer service,android,[REDACTED]
984d5f62-b219-477d-9531-b3e03c9bcc36,2026-03-13,5,,this is very good weppsaid,android,[REDACTED]
9f8519de-c606-4dde-a181-e19e4c900ce1,2026-03-13,5,,Safe and Easy to Use,android,[REDACTED]
9fac461a-f6d9-44e6-87c3-e631d99a51e3,2026-03-13,1,,"Groww trading app gives very misleading notifications. When the market goes up, it sends notifications suggesting PUT, and when the market goes down, it sends CALL notifications. This confuses traders and can cause losses. It feels like the app is misleading investors and putting their money at risk. Very disappointing",android,[REDACTED]
a705adb1-9cd2-4f38-8323-a3206e02e9d5,2026-03-13,4,,100% sell balance holding my,android,[REDACTED]
b173f931-bf42-4eb4-84da-0178b4281140,2026-03-13,5,,Easy to use this app,android,[REDACTED]
b361b08d-d4f7-4ea5-a138-f203c361b665,2026-03-13,2,,"External fund tracking in MF section is not working for a while. Why? Is this a bug? Also under Stock section, in Holding tab when trying to track external portfolios, that is also not working as expected. The external portfolios are not getting fetched. This is causing problems. Please resolve.",android,[REDACTED]
be9bec16-6338-4444-b426-da6ba99ef8be,2026-03-13,5,,exlent simpul easy app groww,android,[REDACTED]
c82aced1-062d-4120-aed2-a561a26e443c,2026-03-13,5,,This app is beginner friendly and i am trading first time in my life and bcz of this app it is easy as pie 🥧...,android,[REDACTED]
c954c61d-4e79-48ac-8212-28e8c0d00b23,2026-03-13,5,,Groww platform is very nice 👌,android,[REDACTED]
cd1480b8-8281-42d2-b723-753f5f415546,2026-03-13,5,,Doveloped by groww >Very nice platform(app) for a common person who lives in villages for a invesment purposes !!,android,[REDACTED]
d15cad25-2eaf-4333-ac7a-1dd1351f5b58,2026-03-13,5,,Best app in new user,android,[REDACTED]
d3fded9f-d9fd-42ea-b4b5-d456a04ec1ba,2026-03-13,5,,Great app for trading. I find it very convenient and easy to use.,android,[REDACTED]
d642657c-4f74-4411-85ff-40db84325508,2026-03-13,1,,if you exit art any amount like 58 market touch 60 and a nb down @55 grow always exit you in lower price everyday I am notices but no cc reply on it that no glitches it he have contact with big bang sellar its scam but no one able to expose,android,[REDACTED]
d9c53987-1f5b-442e-9736-0985a57509f1,2026-03-13,5,,Good Interface easy to use for new traders also,android,[REDACTED]
e1eccabc-10b4-4428-9239-25da9aa41f71,2026-03-13,4,,easy learning algorithms,android,[REDACTED]
e2e43cc0-4937-4778-8553-afcf54add579,2026-03-13,1,,app good.. but brokrge charges high,android,[REDACTED]
ef573e91-aaab-4123-bfcf-6fc261203d43,2026-03-13,5,,"App is easy to use, but unable to refresh external funds for quite sometime. Hope to get a solution soon.",android,[REDACTED]
f0f84aa5-2ca9-483a-ae1e-d25b2d0ec121,2026-03-13,1,,mutual funds are not updating,android,[REDACTED]
f774571f-14ea-463e-9b3c-dfed9c86df35,2026-03-13,5,,best app for investment 👍👍👍,android,[REDACTED]
fd46f840-6250-41db-980c-67ba65084a81,2026-03-13,1,,fake Costmar sarvice fake tele support heavy charges,android,[REDACTED]
ff597a97-5049-4ddd-a8ac-62770205804b,2026-03-13,5,,It is best for the beginners..,android,[REDACTED]
0a9620d8-e44d-41b3-9023-94a9381c2d4a,2026-03-12,5,,good account management technology,android,[REDACTED]
0d727316-63ef-4593-a0d2-f0b0875e8578,2026-03-12,5,,it is too easy to trade ans earn your wish.,android,[REDACTED]
14935c71-b3f0-4282-8fcd-5ec3628814d9,2026-03-12,1,,I am searching some app it's giving me something else. why u r promoting that which I don't want.,android,[REDACTED]
1547899d-b572-4cc6-b60a-44be14635601,2026-03-12,1,,Worst safe exit system ever seen .. Angle one works a thousand times better than Groww ..,android,[REDACTED]
17310132-e6c2-4421-bcc1-afb1999b447d,2026-03-12,4,,good but brokage charge is too much,android,[REDACTED]
1925e536-18ef-4691-813e-bc0cc30d0b86,2026-03-12,2,,The app was working just fine when they disabled the feature that would let you export the external funds as well. By when can we expect the feature enablement? The dashboard has old data for the portfolio that really doesn't help to track my investments.,android,[REDACTED]
19b70db7-576c-4a16-91c9-34166f42f306,2026-03-12,5,,So easy to use for beginners,android,[REDACTED]
1d0569e1-099a-4bfe-806c-965daa675a54,2026-03-12,1,,please increase the limit of watchlist 10 to 20,android,[REDACTED]
1e5d53b5-3c9f-4264-816c-bea0ea3af58e,2026-03-12,5,,very easy and fast tracking all funds,android,[REDACTED]
2108d22e-de2f-4bd0-bf11-3f7338d37404,2026-03-12,5,,I like browsing through different learning reels. It’s quite interesting 💚,android,[REDACTED]
25853e8a-b6d5-4c70-9487-9507f1597f5b,2026-03-12,5,,very help fully app I'm very happy 😊,android,[REDACTED]
2b6711ad-8778-48eb-857f-408b85471010,2026-03-12,1,,I do not understand what was the problem in my groww account whenever I buy call or put there was not working properly very disappointed not working properly 😕,android,[REDACTED]
305742df-ba6c-4d9a-876c-5acdf88d5617,2026-03-12,5,,good and easy to trade with relaxs,android,[REDACTED]
329fe93b-6494-45f7-be25-fe63775a6605,2026-03-12,1,,"I faced a serious issue while trading in the F&O section today. I had almost recovered my loss and only around ₹800 was left. When I refreshed the Groww app, my order got executed automatically and my loss suddenly increased again. This created confusion during live trading. I request the team to check this issue and improve app stability, order execution clarity, and real-time updates so traders do not face such problems in fast market conditions. waste app 😡",android,[REDACTED]
35e17b01-3d44-45d1-839a-9f40d974c3ad,2026-03-12,5,,great app experience but brokerage thoda jyada h,android,[REDACTED]
3649dfaa-b2a6-4106-84be-5e13b1a49f00,2026-03-12,4,,good service in payment,android,[REDACTED]
5e263830-47ce-4b0a-80dd-d94506c6c7e5,2026-03-12,1,,worst experience in Groww app. Poor customer care service.,android,[REDACTED]
5e4e7120-05d4-4fb5-9608-51f4deb12131,2026-03-12,5,,want a comment section on every stock page,android,[REDACTED]
5fba51bd-85db-4f46-befd-a06752cfcbc7,2026-03-12,5,,good for stock buying,android,[REDACTED]
66e59cf3-3504-4dd8-9e9c-cfcf3b729bff,2026-03-12,3,,good but brokrage chage high,android,[REDACTED]
824ceb72-8909-43a5-8299-2b0e4e50f46c,2026-03-12,2,,order get canceled with out reason in intraday if delivery was taken at 11 am in morning no reason anything and also autopay will be added of any amount without consent some time seems like scan. please watch out for autopay if not active might be 15k auto can be added automatically.,android,[REDACTED]
882f744d-dc01-4b8f-9150-5a755f82ac95,2026-03-12,5,,Very good app for trading and mutual fund sip,android,[REDACTED]
8a741be8-1d84-4c15-807e-bf0ad40e7aaa,2026-03-12,5,,the super trading app,android,[REDACTED]
934e501f-bdce-4727-9268-bbbc290b3295,2026-03-12,4,,"add more options in ""Add Money"" like Credit/Debit Card",android,[REDACTED]
99a2ef5c-dd32-49b1-9496-1c73e7751e6c,2026-03-12,5,,Bast apply for your time and please 🙏,android,[REDACTED]
99afe8d8-dba4-45e0-87a4-c79208123ef6,2026-03-12,5,,Easily and Executed the stocks by Searching. Useful for New traders like me.,android,[REDACTED]
9a0ac0a9-56e2-4e16-8afa-8a4dcc57b192,2026-03-12,5,,"This application is very easy to handle, user friendly, easy mode to understand about stock market, commodity & IPOs... I'm happy with you",android,[REDACTED]
9b9c1025-efd6-4de1-8dfc-6bf1837e467c,2026-03-12,1,,Bekar app h trading time pr nhi deta h loading leta h time pe sell nhi hota h order. Graph achhe se nhi show karta h app khulne me bhi time leta h 😑,android,[REDACTED]
9e25f367-5cb8-4f9a-9720-ad186ff6d710,2026-03-12,4,,"Hello Groww Team, Your app is very nice and easy to use for Demat accounts, trading, and mutual fund investments. However, compared to some other trading apps like some trading charts, settings, and trading map features are better there. I have one suggestion for improvement in the Groww app. In the mutual fund section, it would be very helpful if you show how many people are investing in each fund and how much money investors have invested in that fund. This will help users popular funds.😢😂❤",android,[REDACTED]
ab5a89ec-7da3-4eb2-a62c-469fbe436280,2026-03-12,1,,very high brokerage not best option,android,[REDACTED]
ae61a281-d451-4a82-8291-dfb189a1b65c,2026-03-12,1,,Don't install this application feature and options ke liye sahi nahi hai buy limit kuchh set karo aur same price par buy ho jata hai Target TP cross hone ke baad bhi sell nahi hota hai very bad application,android,[REDACTED]
af5b7ec0-98c9-4fa7-9982-b004f1d3dd06,2026-03-12,5,,Great work you people are doing,android,[REDACTED]
b04d4b23-5099-4468-8aa4-b8861dee48b6,2026-03-12,4,,UI is best from peers. please implement SL order for MTF order.,android,[REDACTED]
b94e5cc4-4935-4f4f-94fd-b5353f25ce42,2026-03-12,5,,plese every time same protection helped with yours....,android,[REDACTED]
bde26986-31cf-4742-ae77-84709cbff503,2026-03-12,1,,Please provide crypto exchange option,android,[REDACTED]
c339b99f-8622-40b9-82ba-89ae864efa97,2026-03-12,1,,plz notice everyone very bad experience this app take hidden charges just calculate one time all your added fund and brokerage taxes and losses then also you get less money I faced a very very bad experience and from 2-3 days I am contacting the customer service but not got any satisfaction with my queries,android,[REDACTED]
c357b7d0-35a6-41cc-973b-4994e9d89f71,2026-03-12,5,,awesome experience..,android,[REDACTED]
c4f18998-09f8-41e0-b6e8-36c798c7e1a8,2026-03-12,5,,"A very good app, which gives you information about the market and around the world that seems to be the niche of it..",android,[REDACTED]
c7f5f82b-549c-4ad8-81af-a4ac1a1ba631,2026-03-12,5,,Groww app is the best Stock Plateform of all Company Details on the available Groww platform. ✅This platform is good for the futures.,android,[REDACTED]
cae18114-d3d9-41a0-9fb7-7f989bad5c90,2026-03-12,1,,wrost app brokerage is so high than others,android,[REDACTED]
d109e297-829f-43a8-b55c-5f153fadbbfe,2026-03-12,1,,"Very poor, if you search for call or put option it will not show you near by expiry it will show you dec expiry, march last expiry, very poor support team, they will disconnect the call if you raise your issue.",android,[REDACTED]
d2c1bd1f-8b94-4804-bbb1-0a8250b5b173,2026-03-12,4,,"Super app with zero AMC charges. But I have only one suggestion, please provide an option to buy stocks on the basis of amount. It only shows quantity, converting into amount takes time and makes some user confused on the conversion. so please work on this to provide 'Amount option while buying stocks'",android,[REDACTED]
d37a1cfd-e09f-4c9f-87fe-946e445a43b5,2026-03-12,5,,nice app vest knowledge in this app,android,[REDACTED]
d8857f3f-6b87-4829-89d2-64f9a5c0353e,2026-03-12,5,,Not charging Much Broker Amount rather than other App,android,[REDACTED]
d89ec4d3-f7d5-4934-a850-8bc6e316ed49,2026-03-12,5,,very good app with smooth operation,android,[REDACTED]
d8d95bc5-0f93-43a5-be82-b7f6ed576c5e,2026-03-12,5,,"its very user friendly no doubt.My suggestions are -1* Looking at one's portfolio ,loss making stocks, when to exit & for new purchase when to opt.In this era of on-line fraud its difficult to identify the fraudsters so request.2* Long term large cap,mid- cap & small if individual personalised advice ,of course ,I don't mean free of cost but you can charge me but it is reliable, authentic & trustworthy.As the study of stocks, technical ,fundamental ,have done but still no clear cut idea.",android,[REDACTED]
db91ea8a-ebf3-44dc-8ae0-62139375b024,2026-03-12,5,,Excellent app...very easy to use....,android,[REDACTED]
e27da16b-782d-460f-9b8c-b27b91d137d4,2026-03-12,1,,"not showing update, and when order executed also not updating. showing app error when we buy 1 time that is taking double time . worst situation. when we contact customer care they are saying different answers . worst performance of app. and not even providing solutions to our problem. service also no1 worst.",android,[REDACTED]
e4368bfe-5877-41f5-8e7b-4d2353769ada,2026-03-12,5,,"Now i can say this application is best for trading and investment in stocks, commodity, etc.",android,[REDACTED]
f14e5fc8-1278-43a8-97b1-6c0a73d90acc,2026-03-12,5,,Easy to understand as a beginner.,android,[REDACTED]
fb5ceb13-eda8-4777-83eb-1f6325d83f60,2026-03-12,2,,app me aapko call put ek hi strike price pr set hoti isme scalping feature me Alag alag strike price so hona chiye & stop-loss chart pr nhi lagta & trailing stoploss ka feature bhi nhi hai is scalping tab me,android,[REDACTED]
06c18faa-97fe-48ef-b0f7-4101ae3b9dda,2026-03-11,4,,"It's unable to import external funds from the past 10 days. Why? is there any issue? If so, is there any ETR? And we dont have any complaints or escalation mechanisms in the app, please provide these.",android,[REDACTED]
070380e6-11ae-4f73-b19f-01b448d5dda9,2026-03-11,5,,groww app daily timeframe candlestick wrong showing,android,[REDACTED]
16f637bb-d804-40ee-8dbb-27eeabae8246,2026-03-11,2,,new update is not so good,android,[REDACTED]
1a85a8f6-51ac-4e25-95de-86958e4620db,2026-03-11,5,,so very nice good app,android,[REDACTED]
1f2b44e9-5644-41fb-85d2-29865e8ecbe5,2026-03-11,1,,"very high broker rate in every transaction or share sell , Neo kotak is the best aap for trading",android,[REDACTED]
31b2aac8-d852-457a-b774-9f97be38badb,2026-03-11,1,,after using it for almost four years uninstalling it as it has started putting more extra charges along with brokerage shifting to dhan,android,[REDACTED]
37c90efb-2aa3-4b70-9ee1-f0b09f90c9e2,2026-03-11,1,,External fund import is failing. Kindly fix the Customer will choose better option.,android,[REDACTED]
3c14bc2c-0507-4c7e-9ed9-0083f9c67e4c,2026-03-11,3,,sometimes I hack and am unable to order to sell or buy at that time. It needs to work on its smoothness and authenticity.,android,[REDACTED]
43c9c265-09c4-42d5-b04e-088a2e7276e2,2026-03-11,2,,Nifty index Chart par volume show nahi hota Trading view ki tarah tool bhi save nahi hote please add these features,android,[REDACTED]
4cd0a188-ace4-49ce-9684-cb8fb1e692d8,2026-03-11,1,,loote chhe users ne charges thi,android,[REDACTED]
4d8f142e-671e-4efd-afa7-341e9fa0be92,2026-03-11,5,,my sher. long time 3 years good shees,android,[REDACTED]
5140e7d9-b7ae-46b8-bb4d-0f45d3e7fdc3,2026-03-11,1,,"very low my amount in last 1 year , mid cap investment",android,[REDACTED]
547379de-76df-4229-b307-c020ce66055b,2026-03-11,1,,why tracking and updating the external funds stopped?,android,[REDACTED]
5711db91-f027-4c45-956c-7574f7504b9a,2026-03-11,5,,so good very easy best app,android,[REDACTED]
5ac0e586-e657-46f4-ac43-671962fd6eeb,2026-03-11,1,,fraud app not good for everyone,android,[REDACTED]
5d24d351-0a13-4a26-a3eb-8a458c0cdcce,2026-03-11,1,,"External fund Import has not been working since last 2 weeks but Groww did not help to resolve it. Timely updation of units of new purchase is very poor, since they stop Import fund from MF CENTRAL.",android,[REDACTED]
5e79cb9f-6fa9-4c25-a170-0ff6507626b5,2026-03-11,1,,very comfortable with us,android,[REDACTED]
5f3c722b-d3e9-4db5-a08c-5985dca27ab8,2026-03-11,2,,unable to track my external fund it was important to track my SIP PLEASE update the app and give a solution please,android,[REDACTED]
60c954bb-fce6-4048-b1f2-06bca4f7e198,2026-03-11,5,,The indias biggest broker,android,[REDACTED]
6283a250-eb8b-4644-a67e-78553296f7b2,2026-03-11,5,,This is a good app for trading.,android,[REDACTED]
6c4f2ce9-6d36-4664-831e-ddc0ba1632b8,2026-03-11,5,,1 month ho gya abhi tak mutual fund ki payment received nahi hue,android,[REDACTED]
792caf1c-d1d7-43ea-8067-043c152750d1,2026-03-11,5,,wonderful experience with the groww app it is very helpful and easy to use this application☺.,android,[REDACTED]
886c4216-4000-4efe-8133-460306878917,2026-03-11,5,,mutual fund holding not refreshing.... please do the needful,android,[REDACTED]
8b144f56-605d-41b5-9752-3be6fa6b51f8,2026-03-11,1,,worest performance please don't use traders use less,android,[REDACTED]
9600f1c3-441b-40f5-b8a8-528d1d5473da,2026-03-11,5,,"perfect App, with good and timely withdrawal at low rate very much satisfied",android,[REDACTED]
9739be4a-e3b6-4c12-a8b7-13a095033248,2026-03-11,2,,some time face problem by or sell,android,[REDACTED]
98d56306-76a6-47a4-93cf-d93cd42daa80,2026-03-11,3,,MTf charges are high compared to other brokers minor bugs,android,[REDACTED]
9db87c89-0420-4d39-aff6-855e8b87d734,2026-03-11,1,,not a reliable app..,android,[REDACTED]
9dd16e82-4525-46f3-a23b-b3bb3d254e35,2026-03-11,1,,One of the most worst app. The brokerage charges too high and I suggest don't use this app.,android,[REDACTED]
a183c06d-189d-42b8-87e3-f0d682ffe029,2026-03-11,4,,previous update used to have a feature in which we can watch multiple charts at a time and now it's gone,android,[REDACTED]
a1e1e7d7-2670-4374-804d-8257e38338c6,2026-03-11,5,,very good app for trading and other services,android,[REDACTED]
a9e1ad2b-ae22-49dc-a02a-7500d7f731b6,2026-03-11,5,,"Scalper mode me doule screen ki suvidha mile to bhut hi accha hoga scalpers ke liye, like as a sahi app",android,[REDACTED]
aa017dbd-ccc8-4cc4-ab2a-adc8cb6ed223,2026-03-11,1,,Trust me App Sucks I made my account in Groww For Sips but there's a message always shows me something went wrong please try again later fix this disgusting issue please,android,[REDACTED]
b474f139-2619-4131-bb1d-d130a7d18969,2026-03-11,1,,I don't know why groww removed for external mutual funds from showing in the app,android,[REDACTED]
b6dd3472-6654-4074-aabd-ae506cf61da5,2026-03-11,1,,"worst app, not loading",android,[REDACTED]
baac2506-c8c1-4c31-8883-f8d96775553f,2026-03-11,5,,I can't login to my account.,android,[REDACTED]
bdc484f1-83b4-49dc-8beb-32fb1617f72d,2026-03-11,5,,it is very secure and advance,android,[REDACTED]
be43efd8-68fa-49e8-8e77-4aff94eb1734,2026-03-11,1,,"Worst Investment, Mutual Funds Platform Ever.",android,[REDACTED]
be595fb4-304a-449f-9991-2b2936a4db83,2026-03-11,1,,"Biggest Crashed Application ever i have seen, not even a single chart is opening how to enter or exit..i strongly recommend to go with other standard brokers..",android,[REDACTED]
c2c45aa4-0460-4480-b356-33c714cb5a0b,2026-03-11,1,,"i don't understand why the external funds tracking is currently not available, I have already contacted the support team on it but still no update",android,[REDACTED]
c470c19b-8b4e-47f9-b9c7-e639dbf4db18,2026-03-11,1,,Date=11-03-2026 Sensex 12 march 77500 put Buy Entry price=627.60=12:54 pm Stop Loss=593.60=1:00 pm Target Price=777 1:00 pm candle low price is 596.70 than how can my stop loss hit??? And after that 1:17 Candle my target hit 777 Rs 2988 Rs And Groww close my trade At -689 Rs I want refund of my profitable Trade 2988 Rs in my demat ac or my bank ac.. If groww app you are not fraud than refund my profitable trade 2988 Rs please..If refund come in my account than i will delete this negetive review,android,[REDACTED]
db9d5834-bc3e-41ff-be1b-0fedae80137d,2026-03-11,1,,very bad from last 2 to 3 month mal function the software. and groww team is not accepting the things,android,[REDACTED]
e462eef4-3b5f-4e14-be68-8b315d01962e,2026-03-11,5,,"superb app but sometimes(in fact many times) the order limit price doesn't reflect in order, I think we need to refresh multiple times and many times we need to close the app and again need to start to see the modify price, please improve this, In fact the game is all about ordering. Thank you",android,[REDACTED]
ed608ac6-a3b0-4010-9dbf-fba1d7f79d6d,2026-03-11,5,,its very good app clean and simple but it will be more beneficial if they add grouping system in watchlists like kite have launched recently,android,[REDACTED]
03ea4fce-41b8-4bf5-bcd1-d97976cc4724,2026-03-10,5,,Thanks for updating customised portfolio in holding. But I am unable to see XIRR in my customised portfolio.,android,[REDACTED]
174649df-4940-4e85-9fca-aee32df50bf2,2026-03-10,5,,all in one groww is best 👍,android,[REDACTED]
190f7009-6f02-47b8-98d4-768f220e255f,2026-03-10,1,,don't use this app totally froud ❌,android,[REDACTED]
1d49c440-fea9-4d52-9bfd-61bb67ebc069,2026-03-10,1,,Rubbish app in terms of network optimization total failure even in 5g this app fails to load pathetic lower your brokerage if you can't provide service,android,[REDACTED]
25b0dc57-d5a5-40fd-bc8c-5da30732ca4a,2026-03-10,1,,Never do option trading in Groww because GTT orders only trade above our price. disappointed groww,android,[REDACTED]
27145f6c-22ae-4202-adb1-2dbc20e0b870,2026-03-10,1,,Mutual Fund Portfolio Refresh is missing. Please make the Mutual Fund Portfolio Refresh option available in Groww app.,android,[REDACTED]
2a6a79c4-8c27-4a8b-8580-8469dd3a57b8,2026-03-10,1,,very bad feature app don't use it.,android,[REDACTED]
2d9265b3-8ba9-49aa-b89e-a43d02381fec,2026-03-10,1,,please uninstall app u will happily leave they're looting money from middle class making money carore in comition we trade los give tax scam only they're groww 🙏🙏 don't,android,[REDACTED]
2f9feb08-9405-4ad5-97d6-d58e48d55fc6,2026-03-10,1,,"Not at all useful for trading platforms, they are taking tax and other charges from my earned stocks which sucks i am going to uninstall this app for taking taxes in huge amounts .",android,[REDACTED]
30c78ca6-b984-40db-800b-53217dcd2213,2026-03-10,2,,Many bugs are coming while trading in apps and they are irritating me. please don't encourage me to use other apps. Today apps facing same problem. Why . Today now,android,[REDACTED]
33f9f769-8bf7-44a3-a244-f009cf525eee,2026-03-10,1,,do. ot use this app the execution of order is delayed and technical problem and also they do not pick calls ....,android,[REDACTED]
494c86ec-05ea-46a3-9672-e9f837fc34e5,2026-03-10,5,,"good Platform ,Im using from 2019",android,[REDACTED]
5601ecbf-be4b-43bd-bf3c-341be4468257,2026-03-10,1,,ek din amount add hoti hai next day add nhi hoti . upi set up maangta hai bhut hi 3rd class app hai index options ki oi dekhne ka koi option hi nhi hai,android,[REDACTED]
622d207a-8342-45e0-ac3a-2f9f8a6c24fc,2026-03-10,1,,isse ghatiya app koi nhi hai 3 se 4 bar order khud se execute ho jata hai or loss ho jata hai aj to hadd ho gya 7k ka loss ho gya ish gande app k vjh se 😡😡😡😡,android,[REDACTED]
6250b7ac-83c7-4998-bfb3-bf2ce6c6ea33,2026-03-10,1,,worst app dont use it.. it wont exit when your getting into loss... i have lossed my money with this problem... its better to use angelone app 🙌🏻,android,[REDACTED]
63eba4eb-ff43-434f-bd21-0bb4c791c48b,2026-03-10,5,,experience is very good,android,[REDACTED]
6574b27b-3c9d-436e-9f75-00ef136b2228,2026-03-10,2,,"I have been trying to update my external mutual fund holdings for the last one week, but every time it shows that the “Updation of external holdings is paused.” Could you please confirm how long this will continue and when the service is expected to resume?",android,[REDACTED]
6d7b2ead-7dd5-4d06-8b91-d5b70d7b1aa5,2026-03-10,1,,volatility jyada hone order exit nhi hota tha bahut baar aesa hota he loss hota he har bar,android,[REDACTED]
6e1f7040-e484-4b71-b4ed-a990603c35ec,2026-03-10,5,,excellent and smooth interface.,android,[REDACTED]
7173cc9f-a3e1-42f2-9d14-94e92d380389,2026-03-10,5,,"good service, all information get on platform easily and easy to operate it. Thank you🙏",android,[REDACTED]
73045244-7ae9-4a40-9500-156c0aacb729,2026-03-10,1,,dear groww today I put money in this app while I'm going to lose my money I try to exit but at the same time the app is not working this is a total scam please fix this issue and,android,[REDACTED]
773e0230-5cea-47d8-bafa-2c43479b3627,2026-03-10,1,,very bad and selfish when we go on profit this app is massage we and to scare,android,[REDACTED]
793b9299-d070-431c-8d78-105e5a898b12,2026-03-10,5,,Best trading apps groww,android,[REDACTED]
7c7a40b7-2dde-40ef-a4cf-53bf82ab8fc8,2026-03-10,5,,Good App for investing in stock market,android,[REDACTED]
8d765fc5-c4ee-4dd5-8539-94ca49d65b4f,2026-03-10,3,,Not able to explain refresh my mutual funds from last 2 weeks. please fix it ASAP.,android,[REDACTED]
8fce15d0-4b52-4f0f-b4ac-f78718540782,2026-03-10,1,,nifty trading dont use pls and grow inform will fake,android,[REDACTED]
938a4df9-33b3-4886-a6bf-56cd939c83d4,2026-03-10,1,,if u are small trader or invester I recommend never go on this platform they give to kuch charge which accumulated your profits.,android,[REDACTED]
9cd0d934-79b8-4a0b-9021-da54aa69c5b0,2026-03-10,5,,"user friendly, easy platform",android,[REDACTED]
a15f025f-285b-492e-a8f3-529e02cc0ed5,2026-03-10,5,,Superb app for investing. Clean User interface and seamless payments and investing. Truly trustworthy. Loved it. Kudos to the developers.,android,[REDACTED]
a1841540-052e-415c-84f8-128589be410c,2026-03-10,1,,"In this app, I often face technical errors when trying to exit the market, and because I’m unable to exit on time, I end up incurring losses. I also have screenshots of the technical error, but there is no option to attach them here. otherwise, I would have attached them.",android,[REDACTED]
ab542b10-9c25-4ccc-a32e-76d885af7be0,2026-03-10,5,,why are my fond decrease 🙃🙃,android,[REDACTED]
ab6d34bc-da83-49ae-a0dd-868efadf934a,2026-03-10,2,,not show other mf in this app,android,[REDACTED]
ad6fb7ba-09dd-4cb9-b608-1e6375b1ebff,2026-03-10,5,,"good option to invest,n gives opportunity to save money",android,[REDACTED]
b423bcc1-f265-4c77-87a5-5fe274865c4b,2026-03-10,1,,"One of the most useless apps in terms of mutual fund investment, there is no help from customer service, waiting for a long time does not give any response, please open an account in other apps but never open an account in groww",android,[REDACTED]
bf2cef86-3144-41ea-895e-000164b94755,2026-03-10,1,,not good this application not good,android,[REDACTED]
bfc53eda-7d5f-4d53-b443-7ca2814ce4ea,2026-03-10,1,,Today the app crashed & I got 3600 loss because of crashed. Not working the app to sell when I was at profit.. after 2 hour sold the trade at 3600 loss because of grow. third class chart view. wrong information showing in chart. on expiry of nifty opposite direction showing from trading view. when you got loss then showing the perfect chart.,android,[REDACTED]
c31cce09-f1a7-4b6d-b465-bbfd06666e25,2026-03-10,5,,Direct funds are processed smoothly and quickly,android,[REDACTED]
c3a8c436-786c-4d02-9d05-1c866baeaefc,2026-03-10,1,,"This app isn't good. They deduct brokerage charges at will. Sometimes 78, sometimes 84, sometimes 64. It's not a good app these days. This is froud applications",android,[REDACTED]
c745fd62-813b-4c19-a150-d323674fbf2b,2026-03-10,5,,you can money with late payments,android,[REDACTED]
c9c1d9ec-34cf-4860-a5a0-f204b60ba60d,2026-03-10,1,,The app say I am very good trading app but he i not a good trading app this app thinking only one our profit not trader profit he say I charge very cheap but very hard charge.one trading charge is 54 rupees.it is cheap price ont cheap price.it is very high price.so i think not good app for trading,android,[REDACTED]
cf687224-718e-4d41-b0a6-59c42491fc29,2026-03-10,5,,it's a good application,android,[REDACTED]
d1232850-e0b0-4d7f-bfbc-2a7a099854e9,2026-03-10,5,,groww app is best app,android,[REDACTED]
dcccbc36-0d35-47f5-a97e-e9c125f26efd,2026-03-10,5,,pl make easy withdrawal option,android,[REDACTED]
e3aa49fd-a7e7-4487-bb6d-d87430e2cdd7,2026-03-10,2,,"""tracking external funds is currently paused. we will come back soon with the updated experience"". This message is popping up for last 10 days when we try to refresh our external mutual funds. please fix it .",android,[REDACTED]
ebb4dab6-12f6-4ac8-b218-441d5c591a50,2026-03-10,5,,It becomes laggy some time,android,[REDACTED]
ec62e2c5-1bd2-45a1-89ac-20a06fb440ee,2026-03-10,5,,"I love this app! It's easy to use and I can be me without worrying about being judged! Plus, everyone on there is nice and helpful!",android,[REDACTED]
ee463e69-df6d-417e-8099-7669333ac05c,2026-03-10,1,,worst experience with this broker i will suggest everyone not to use this broker this broker will scam your mutual funds,android,[REDACTED]
f1d9c9f1-11e3-46d9-86a4-3e5fb39dfd70,2026-03-10,5,,best app for trading platform,android,[REDACTED]
f4343bb1-d060-4150-b9e4-b6fa7ab31298,2026-03-10,5,,Best app to invest and learn how stock market will move,android,[REDACTED]
02ff6037-44dd-477a-bc37-afd15588d9ab,2026-03-09,5,,this is good app for future plans and saving,android,[REDACTED]
038774de-f268-4514-8d77-37a78995558f,2026-03-09,2,,"speed slow, & devidend receiving problem.",android,[REDACTED]
0a6e5d15-3bd1-4727-ae4c-60e4801aae29,2026-03-09,5,,Super App ❤ Free and Trusted. SEBI Registered.,android,[REDACTED]
205dac68-115a-4a4a-82dc-e89e24c89853,2026-03-09,1,,"customer care is verey slow, not responding on time, showing wrong data.",android,[REDACTED]
21713253-69b6-4c60-9c9b-2317de8fe153,2026-03-09,5,,why not updating the funds last updated in Feb,android,[REDACTED]
224defd5-7389-4079-913d-50ff918a5d83,2026-03-09,2,,I invest in a new mutual fund scheme.but older folow is visisble.new one is not showing in grow app. i uninstall many times but not updated any more. help me in this particular problem.,android,[REDACTED]
2723f5ee-5511-42c9-850b-c2540c75afc2,2026-03-09,5,,best app and simple surface,android,[REDACTED]
3204a28f-d235-409a-8ea3-ede7a513e85c,2026-03-09,1,,worst and unable to invest,android,[REDACTED]
3531c8e1-739d-40b0-ac66-914486b51ec9,2026-03-09,1,,"growing app sirf hume fasane ke liye bani aap hi share lete hi to down , per dusre k share chalte hi profit to hota hi nahi , 3 sal se paise atke hi sub red hi isse to fd jyada dedeta, or F&O to bilkul mut kerna vo hamari position k data age bhejta hi jisse bade log profit kerte hi or hum retailer humesa loss me rehte hi. or kabhi profit ho raha ho to 5 min tak server down ker deta hi jisse hum apni position kut ker k nikal na jaye . isse her bar hota hi. kyoki groww ek american app hi. -5🌟",android,[REDACTED]
38e1a6f5-3127-4d16-a5d8-56e38d968520,2026-03-09,4,,grow is the great app,android,[REDACTED]
3a13d435-8290-484e-9d28-ee3ab74535d4,2026-03-09,5,,"good morning 🌞 Rs 10,00,000,00 🥹🥹🥹🥹🥹 groow 🙏🙏💯😭",android,[REDACTED]
3b590ea4-e6f4-4a7a-82e5-0bee5a885412,2026-03-09,5,,please add ( chart under target and Stop loss show price how many cute Stop loss and achieve Target),android,[REDACTED]
3f3ffe4f-f466-4841-bc30-84e3dfd22fa6,2026-03-09,4,,grow ko apne commodity me lower circuit or upper circuit ka option bhi dena chaiye just like angel one .. @developer ispe zara dhyan dena chaiye apko,android,[REDACTED]
4322aee8-06bb-4622-af80-e4dedffd7392,2026-03-09,1,,ye app bhut bekar or High charges wala hai never use plz ye aapke paiso pe hmesa koi na koi charges katte rhega agar aap beginner hai to account negative kar dega plz never use it....,android,[REDACTED]
4826f5d5-877d-4a30-9927-7fff47c54e9b,2026-03-09,5,,good grow to wealth super fast working app learning people definitely like this,android,[REDACTED]
4be7b12a-d967-46f2-bf2f-cc5e80ab2c8f,2026-03-09,5,,good very fast please continuously improve like this 🙏,android,[REDACTED]
4bf25d65-bef0-4050-a1d4-fe6eeb42952a,2026-03-09,5,,trust and good investment,android,[REDACTED]
4d767465-1057-46a4-805a-8f7f006e794f,2026-03-09,3,,everything works fine but don't know why tracking and updating of external funds is paused.,android,[REDACTED]
4f149dc9-b7c9-4f0f-83a5-88e55514f48a,2026-03-09,5,,My first app for investment and it is Best one.,android,[REDACTED]
57d21e4b-edb7-4bac-92b4-e75462fea295,2026-03-09,5,,nice and easy to use app,android,[REDACTED]
6a9c69e6-6d79-4ff7-8b02-59d21586aef6,2026-03-09,5,,this app is best for trading.,android,[REDACTED]
6ca1a988-36ef-4160-93d3-2e5980ca0300,2026-03-09,5,,best platform for mutual funds investment 😀,android,[REDACTED]
7204b669-dbaf-48e7-b5dc-79a75dae1787,2026-03-09,5,,good and cooperative,android,[REDACTED]
72c630a7-81b4-4cb8-86f1-0f1d4ad1b925,2026-03-09,5,,ease and convenience..👍,android,[REDACTED]
78d2a246-fd08-4378-9338-be08259ff763,2026-03-09,5,,I have been using groww for more than 2 years now and haven't faced any issue. It comes with all the features and yet it's completely free. how great is that.,android,[REDACTED]
7f36df15-b204-49f2-9738-653706f57e0a,2026-03-09,1,,worst app money stuck from last two weeks but issue not solved still wating,android,[REDACTED]
83a9adf2-6866-4db8-9076-2b75c33523b5,2026-03-09,1,,Terrible experience the app auto-liquidated my mutual funds and refuses to provide any update on the liquidated amount although i have payed for the negative amount.i have been patiently waiting for almost a month.even the customer support fails to provide a solution.Regrets to such a performance by Groww App,android,[REDACTED]
8b68d0ac-e2e0-42d0-859c-5ecd4307153d,2026-03-09,3,,easy to use but charges and brokerage like. touch sky 🙏,android,[REDACTED]
93d912d5-d7c0-4ef0-8162-4ff985bde7a5,2026-03-09,5,,Great app and easy to work with,android,[REDACTED]
aa3538c5-797d-43c2-b1bf-edbc986e76ec,2026-03-09,5,,"One of the Finest app, I like it",android,[REDACTED]
aa47dc3e-0316-4b18-b4d3-f36db3d3c3e4,2026-03-09,1,,Alert! These are fake loan apps. The 5-star ratings are fake and given by their own team. Please read everything before downloading. Don't take any loans from thes,android,[REDACTED]
ac7cca9a-9706-44f3-a6fb-09d629d332e9,2026-03-09,3,,when market is off then buy sell option what doing. it's irritating chart analysis,android,[REDACTED]
b41ab2e7-4908-4ddc-a341-99d7280dba5b,2026-03-09,1,,mtf borrowed m not satisfied,android,[REDACTED]
b4f4f096-db47-4dd4-8688-4cc8cab9d136,2026-03-09,1,,"very bad 😞 no any response any assistance on phone call 1. exit before target hit ,😞😞 2. I just changed another platform angel one",android,[REDACTED]
bf24e291-8f99-4af0-92ab-784437f8c319,2026-03-09,5,,very very good application and will get full support any time,android,[REDACTED]
c02c77b7-5665-4759-a232-f13c3173462c,2026-03-09,1,,fake app. can sell your portfolio anytime on the name of syatem error without your permission and can reply to buy it again very shamelessnessly.,android,[REDACTED]
c2f62e93-0037-4496-b598-5e27d1a0d7c4,2026-03-09,5,,"the best app for buying selling shares,fix deposits. secure and very well managed.",android,[REDACTED]
c4f27ee9-c6ce-49c9-9638-3ab498afde67,2026-03-09,4,,please provide essay mobile number and email change options unlimited time,android,[REDACTED]
cbab0dd9-bfeb-4157-b69b-966dbc1c9a8e,2026-03-09,1,,worst customer support and irresponsible for the customer service.,android,[REDACTED]
cc99ebd4-553f-4bc7-b303-6a729add0f9a,2026-03-09,5,,nice best investment tow 👍,android,[REDACTED]
d8130a15-de65-42ed-86ff-e1916017e968,2026-03-09,3,,Fonts are very small ... bug in gtt ( trigger orders )- only few orders are shown under filter- gtt-buy-status open. kindly correct it,android,[REDACTED]
e974ce0e-b8eb-4312-a85b-5cad44803da3,2026-03-09,2,,App is nice and user friendly but at some critical time to stop the loss or withdraw the profit it stops showing exit button due to this inconvenience it is feeling more than worst. why we will need the exit button after loosing all the money? Dear grow team I have faced this difficulty several time during intraday trading which is the worst ever experience. Please look into the matter and resolve the issue at the earliest to loose many users.,android,[REDACTED]
ef3b2cc8-9246-4a04-8575-8c4d951c731f,2026-03-09,5,,"I like this app very much, trading is done easily in it, this is a very good Groww app, anyone can trade in it very easily, it has been 2 years since I am using Groww in it, I like this app I have learnt a lot from you. You should also download Groww and use Groww for future. In this you get to know all the details, that is why I like trading in Groww a lot.",android,[REDACTED]
efc6ee5b-5cb5-4247-b750-31baa5f56bef,2026-03-09,1,,overall grow app is good but it takes several hours to withdrawal,android,[REDACTED]
f5d2cf17-ebcd-4385-8efc-290768403392,2026-03-09,5,,very easy to understand and used,android,[REDACTED]
f6e43485-6d0d-40dd-87e2-86e2db542e1f,2026-03-09,1,,External funds tracking has been paused which was one of the USP of this app.,android,[REDACTED]
fa69409f-e884-4572-9824-383908674609,2026-03-09,5,,It is very good apps,android,[REDACTED]
0273227e-d73f-4eef-8eae-8314deefb3ed,2026-03-08,1,,where is the redeem option very bad,android,[REDACTED]
0bb6aedf-00a2-4c96-ba26-25a287e8359e,2026-03-08,3,,user friendly app but from last few days they stopped update of tracking mutual funds. This is bad,android,[REDACTED]
149f56ad-a947-412c-8f20-b85a549b1185,2026-03-08,3,,I have not been able to check external funds for 2 weeks and when I start any new mutual fund example from next month then they are deducting money from next 2 days instead to next month,android,[REDACTED]
289625df-90f5-46d2-9e3e-a27c5c38ee01,2026-03-08,5,,good little to improve to show each % investment return on screen,android,[REDACTED]
2bae08b4-74d2-4d81-81e0-e8cd00efe85b,2026-03-08,1,,unable to refresh my funds since 28th Feb. what's going on with the application. worst experience,android,[REDACTED]
356eb946-c367-43e2-b22d-f746b064e90a,2026-03-08,1,,I would have given zero stars for its trading ability. This app hits SL or target before the set value. Also this app lags a loooooott during peak trading hours.,android,[REDACTED]
35876d9a-b2e0-47c5-9b59-a2bc7301d70c,2026-03-08,4,,Good app for investing in Equity and Mutual Funds. Keep up the good work. Instant withdrawal is very good thanks.,android,[REDACTED]
38a1ee61-377b-4c8e-a376-e9c1682cd95c,2026-03-08,5,,buying or selling is very easy and also payment are,android,[REDACTED]
3ad53543-25d9-4cbb-b0ba-56cbd91918a8,2026-03-08,5,,better than any aap like another company,android,[REDACTED]
3b89bbfc-d276-4d62-8dbb-5bae8703cb99,2026-03-08,5,,is very good for me and my brother stock market and investment good platform,android,[REDACTED]
422f22af-53e2-40bb-8eb2-28837cbf1b53,2026-03-08,5,,"one , of the best app for investment.",android,[REDACTED]
4243a89b-7489-43a5-99ad-1adb42b48172,2026-03-08,5,,fabulous application,android,[REDACTED]
46900325-ffa7-4fa6-8fe0-5996b077df99,2026-03-08,5,,very good app for investing to everyone,android,[REDACTED]
4c3a271d-2208-4e8a-9707-3eb09d563d60,2026-03-08,3,,why no login option is showing when I downloaded grow app on my new phone,android,[REDACTED]
4d2119d0-09ad-45c0-940a-68ef27b36706,2026-03-08,5,,app is best. user friendly. Easy to use to beggainer...but lots of updates,android,[REDACTED]
4dfbadb8-94ff-4113-9723-2501005d56f3,2026-03-08,5,,"Good features. Please add short-term timeframes like 5m, 15m, 30m, 1hr, and 4hr, and long-term timeframes like 1 week and 1 month in technical analysis. Also add open interest (OI), pivot levels, and Fibonacci levels for both indices and options. In fundamentals, more depth is required - such as SWOT analysis, insights, forecasts, and ratings.",android,[REDACTED]
540e6d52-ac54-4d9e-8231-22f6ca633b50,2026-03-08,4,,your charge is very High,android,[REDACTED]
5ef1d072-a636-459c-99eb-641bd03e2892,2026-03-08,1,,Why External fund tracking is off now ?,android,[REDACTED]
66b9a452-2b0d-4c9d-b8b2-ca7abf340cc1,2026-03-08,5,,"After market opend candell not work,it seems they not move,isse jayada to chart IQ better tha,bajaye trading view ke,2 frame lagao Ek Saath Nifty or Banknifty ke to niftt ki candell rukk jaati hai or dusre mein click karo to dusre index ki candell rukk jaati hai,ab groww app 2 saal phle jaisa kaam nahi kerta or uppar se saare update bhi ker chuia hu phir bhi trading session mein hi kaam kerna vand ker deta hai,after mariet fanne kha chalta hai",android,[REDACTED]
6c2f3d0d-1394-4c09-a99e-7b0c84df0bcc,2026-03-08,5,,"Best app for all kinds of investments. In brief, you can do/start SIP's or lumpsums in mutual funds, stocks, ETFs, F&O trading, can see and modify your portfolio anytime, can have all sort of things that an investment app should have. Best One !",android,[REDACTED]
6cee83c0-1388-4a12-b8a6-b0791f3c09fc,2026-03-08,5,,I really like using the Astropandit app for checking my daily predictions 🔮 It provides useful and interesting insights. Very good app!,android,[REDACTED]
6f4db7c9-4509-495b-9eb0-8bbd02e98931,2026-03-08,1,,high brokarage..now some broker only 10..it charged morethan 55..also not trustable sl hit before the price come..they will took entire money..6 yrs i use grow and write the review..worst app..use nubra app 10 rs only broke,android,[REDACTED]
71eb2203-17a2-4293-904d-f0c383c9a657,2026-03-08,5,,groww is good and better than more app,android,[REDACTED]
746f6684-e4ca-455c-a57c-ef973ca7198e,2026-03-08,5,,I'm newly entered good I'm learning,android,[REDACTED]
7d484929-ab75-4e2c-9fb1-6a745e8ab4a9,2026-03-08,5,,best investment platform,android,[REDACTED]
8188d180-6f63-435f-97bf-29b047e15c15,2026-03-08,5,,best application for stocks simple and user friendly interface,android,[REDACTED]
a587b762-3332-4779-8637-093b54ecc13a,2026-03-08,5,,this aps is very good 😊,android,[REDACTED]
b272bfac-9533-40a8-af0c-3946c01cfbae,2026-03-08,1,,"I have never seen a platform as bad as groww. Do not allow to delete the account. No need to call the help line, the music plays for hours. A useless platform. If there is a problem for some reason, the help line cannot be contacted. I request everyone to call the help line once before depositing money and check if I am right or not.",android,[REDACTED]
b999867c-845a-4529-b943-49b1bd4f7cc2,2026-03-08,1,,Trying to refresh my external mutual fund portfolio but unable to do that in Groww app... Kindly resolve this issue at earliest otherwise I will shift my account to other broker.,android,[REDACTED]
b99bec85-2765-4f9a-b556-d24e3c4c6406,2026-03-08,1,,"if anyone draw levels in various stocks in one mobile and after changing the phone on same account there is no drawings on those stocks. so you have to redraw those levels, it should be changed in recent update so we have to work easily",android,[REDACTED]
bafcde75-049f-4e0a-b8cf-08b797c2b2b5,2026-03-08,4,,the app should add for how long a person is holding an equity in delivery trade.,android,[REDACTED]
c4df26d5-e597-494a-8035-ecc0f97937d3,2026-03-08,1,,very bad don't fall for this cheap services providers very less features with no support no offline resolution of any issuesso stay away from this for any serious investor ..,android,[REDACTED]
c988f80f-7bec-4ee8-80db-b88461eda1f0,2026-03-08,5,,easy and simple for investing,android,[REDACTED]
d48b8be5-7ef0-43c7-a775-cebe4869dfc4,2026-03-08,5,,"Groww is not auto sync fund updating right now, any problem?",android,[REDACTED]
d773dc96-641d-4db5-8ed8-707ad0321884,2026-03-08,1,,fetching external funds is not working now..,android,[REDACTED]
dbcaa4e9-5533-4428-9e7a-d7cb88462478,2026-03-08,5,,"Please provide more data and ratios for fundamental analysis, such as PEG ratio. And please provide analyst ratings as well.",android,[REDACTED]
dc0a1fd2-056e-42df-8c88-33aea9e08771,2026-03-08,5,,good trading platform 👍,android,[REDACTED]
ef947a5e-d38a-4b85-af82-f42197b4b820,2026-03-08,2,,exit all not working!!!! loss money sometimes,android,[REDACTED]
f1747e4e-3f01-466c-9f97-52056e1badf7,2026-03-08,1,,"worst app specially for mutual funds, they sell mutual funds without customer permission and didnt even show in statement. Show fake holdings.",android,[REDACTED]
f1f42a2d-f5ca-4651-8499-bd36f0d25334,2026-03-08,5,,Great app to trade on. Very informative and user friendly.,android,[REDACTED]
f57328c7-1350-4cad-a526-5d15ffab97b4,2026-03-08,1,,the most worst app I have used ever in my life a big withdrawal issue if I withdraw my money it comes back to my groww account instead of bank account groww needs to work on this issue,android,[REDACTED]
fed03d97-a02e-4d41-8800-729bf16708e4,2026-03-08,5,,so beautiful ❤️😍 groww apps,android,[REDACTED]
002c3a0b-ef25-4093-968f-09cc559f5111,2026-03-07,5,,groww is best for mutual fund investment,android,[REDACTED]
07974f2d-82be-4f1a-b48b-1fcd68766c5e,2026-03-07,5,,this app is very easy to use for beginners.....there is no software issue.... comparatively very fast and clear.i am using this app for 4 years.. I personally recommend this app to everyone.,android,[REDACTED]
09720bcf-4b74-4018-ada0-205e01000eb5,2026-03-07,5,,Fabulous application for investment with Spenldid graphics and helpful approach,android,[REDACTED]
1073576f-f257-4ab0-a2eb-d0e2abf13554,2026-03-07,1,,please resolve- unable to track external mutual funds is currently paused. we will come back with an updated experience,android,[REDACTED]
14e13afd-4d3c-4c6f-9b6e-438ef000f666,2026-03-07,5,,awesome app I used almost 3 years no problem any process,android,[REDACTED]
1828bdfa-798e-458e-8a43-c82840a8375f,2026-03-07,5,,I Love This App ❤️😘 And Now I Am [REDACTED] through this App Approx in Lakh in a week,android,[REDACTED]
18f7fca7-3734-49b1-bfcb-a7b54b44077d,2026-03-07,3,,so much brokrage charge,android,[REDACTED]
1eb4b04a-3357-479f-88f5-abde351f1d8e,2026-03-07,5,,Very Very easy to use,android,[REDACTED]
1ef49e4c-56af-4709-ba53-09dd6229a5a4,2026-03-07,3,,it was taken more broker charges,android,[REDACTED]
25cc5ba5-d2e0-42b4-a482-f10e7500036b,2026-03-07,1,,worst of the worst customer support,android,[REDACTED]
278d889f-e216-4689-bf23-b183c13e45a6,2026-03-07,5,,"Groww is widely praised for its incredibly intuitive, beginner-friendly interface and seamless, paperless onboarding that makes investing in stocks and mutual funds accessible to everyone. It’s a top-tier choice if you value simplicity, educational resources, and a transparent, commission-free experience.",android,[REDACTED]
2e5dcf25-37df-49a2-a5a0-3e85c2db17e2,2026-03-07,5,,"please add feature of safe exit in commodity Trade, because this feature is very helpfull for beginner",android,[REDACTED]
386e02a1-b9b6-41f9-b7cb-ea825562c411,2026-03-07,1,,every time you have place an order you click refresh button. quited using this application,android,[REDACTED]
4134be0c-5bb1-4f68-b956-caf42750c125,2026-03-07,5,,👍 great . very happy to have an in depth data.,android,[REDACTED]
454e45f4-14d9-4813-acd3-c759054e9132,2026-03-07,3,,please update SWP option in this application.,android,[REDACTED]
47e1df02-9fa3-42a7-b69f-36a3fa81f83e,2026-03-07,5,,groww app is good but my KYC need to update.,android,[REDACTED]
4b478680-ffb5-449f-9deb-07b7e461743d,2026-03-07,5,,super investment and mutual fund application to track best plan to invest I got benefitted you must try,android,[REDACTED]
58f26f88-38d4-499f-8fcf-a4a1672a3bb6,2026-03-07,5,,it's good and easy to operate the functions,android,[REDACTED]
7540e72b-10f0-4485-9da6-65af1ad1758d,2026-03-07,5,,Easy App to understand markets quickly,android,[REDACTED]
77ba7d78-3777-493c-9261-c9c182e7bf3b,2026-03-07,1,,customer service very weak customer service very weak customer service very weak customer service very weak customer service very weak,android,[REDACTED]
78da7bba-9a6e-4910-9a12-859d2def61f8,2026-03-07,5,,good app for this time,android,[REDACTED]
7fe9f5cc-8e06-4dd9-af94-3f2b50ca6137,2026-03-07,1,,This app is good but something more Some more systems need to be introduced.,android,[REDACTED]
81d25be1-b4b4-4d36-8592-cde28f178455,2026-03-07,5,,Great interphase and hassle free browsing experience..,android,[REDACTED]
9e2695dc-97d0-419f-b217-18bf51c500bf,2026-03-07,1,,I tried to contact support through chat and they don't even respond. Not appreciated at all.,android,[REDACTED]
9e73ec45-7a7d-4873-bca9-0e7cd3382844,2026-03-07,1,,Fund status is not getting refreshed and has been paused.,android,[REDACTED]
aab001d5-04ba-430a-8b8b-42ff21641425,2026-03-07,1,,"poor customer service. despite customer service excepting glitch in their tool which impacted me to revise my orders and made loss, Customer service is not ready to compensate and gives a stupid response.",android,[REDACTED]
ab7e9c5d-0aad-4e13-8b0e-c4a89a670ee9,2026-03-07,1,,Your application is always hang and chart also not updated properly india ka sabse bakwas application hai don't install pura barbaad kr dega,android,[REDACTED]
b4590b88-5a9a-4c2d-9a56-9c0a6fc71450,2026-03-07,1,,"too much taxes and sometimes you won't know why your balance gets negative even though no transactions were done , u also need to invest on lot of shares to earn profit because of the taxes they cut",android,[REDACTED]
b47ad648-b93b-4a08-b476-97f41c2b2033,2026-03-07,5,,Simple UI... Easy to trade... Good app for beginners and experienced professional,android,[REDACTED]
b8a19aca-4bfd-435b-b5b3-f9117134bd7a,2026-03-07,2,,so nice winning account,android,[REDACTED]
cab987bf-04d6-41f2-aabd-8adbbb80d320,2026-03-07,5,,"best application, using friendly",android,[REDACTED]
cc12739e-b252-4e75-9b4b-b843f685bc7f,2026-03-07,4,,"Great app with a clean and easy interface for trading. It would be even better if Groww could add Trailing Stop Loss, VWAP indicator, and Volume in the charts. These features are very important for intraday and options traders to make better decisions and manage risk effectively. Hope the Groww team adds these soon!",android,[REDACTED]
cd3ece6d-1fa1-4189-b3b0-47ee9c387133,2026-03-07,5,,Very easy and good app..Easy interface.. Good customer care service.. Invest & Groww,android,[REDACTED]
d187e083-8d18-4d09-a6d5-f7223ed07e89,2026-03-07,5,,Very buttery smooth interface for beginners best of the best without much complications... thanks !,android,[REDACTED]
d36fcc5a-c2a2-4ba9-80fe-f605e805bec9,2026-03-07,5,,good app for earning,android,[REDACTED]
daffba82-aca9-4b3c-b97a-ab4464cb1d82,2026-03-07,1,,"I am trying since many days to import all internal and external Mutual Funds but app is just showing that they will come with new update shortly, but i don't know when new updates will come. Till the time we just have to wait. It is a very disappointing thing in today's digital era customer have to wait so long just to get own funds details. Team request to resolve at earliest",android,[REDACTED]
dd981795-2f08-4233-b7e4-3d89560de9ac,2026-03-07,3,,I'm out fetch option not working in mf,android,[REDACTED]
e2f75ccd-31f8-46c0-aa19-dda98242fbd1,2026-03-07,5,,Good trading app and easy to create account🙏,android,[REDACTED]
e363fa02-2806-4452-ac9d-2b4343c0ac99,2026-03-07,5,,My Comfort investment app,android,[REDACTED]
ed7d6459-99a3-457e-9009-3f42e712bb58,2026-03-07,4,,Good platform to trade for beginners and expert,android,[REDACTED]
f0ff9c94-b7b2-456d-b698-dfbfbdb5d222,2026-03-07,5,,I Requested Groww Daily SIP System,android,[REDACTED]
fc490029-956c-485f-ba8d-8b6ba61a22b0,2026-03-07,1,,it is showing my Tracking external funds are currently paused ????,android,[REDACTED]
ff10c901-ab85-491a-a827-ae46c2bba2bd,2026-03-07,1,,time to change the app to much manipulation very 💩💩💩,android,[REDACTED]
03b0b50f-3a7d-400c-8826-2a0133fb500c,2026-03-06,5,,"this is the best broker for beginners I recommend for beginners to install the groww app and increase the knowledge and experience in the investment, treading etc.",android,[REDACTED]
06a6aeca-8f3a-4655-82fa-263649759a16,2026-03-06,5,,satisfied easy access,android,[REDACTED]
06a796e9-3057-41de-b285-69b87e7b84f8,2026-03-06,5,,Experience very good ap,android,[REDACTED]
0d4d9cf7-472c-4422-81f4-645df42f194a,2026-03-06,5,,its very easy to operate with the help and cooperation of staff. every time the team is staying with us to extend their cooperation,android,[REDACTED]
17bf75a6-ef70-414f-afdb-6e841fffd7e7,2026-03-06,1,,There are too many glitches while trading it's start buffering while my trade and that causes too many times losses when I try to exit it get started buffering earlier I am happy with the app but last 2 week this problem has increased too much mns for a trader it's too much the amount of time it buffers my profit of 2500 comes to 1000 i need to restart the app then after also sometimes it buffers 🥲🥲🥲,android,[REDACTED]
1a18c3fa-c57a-46b6-b0a1-a6a04bae941b,2026-03-06,1,,bakwas app 2yers sip losses,android,[REDACTED]
1b87c81c-efdd-4db6-beca-7fe30a20de3c,2026-03-06,5,,"Excellent, easy, fast",android,[REDACTED]
1ba4af40-0a4e-412c-90a2-9e425f5dcc3c,2026-03-06,5,,ease to handle and data upto date,android,[REDACTED]
1ccdf657-d3d7-4576-8c21-604d84ea004d,2026-03-06,1,,"My genuine openion is this grow better works on desktop or laptop and mobile app built for just name sake, if switch to another app and comeback to groww it stucked and showing where you left. again close the app and re open then only comes to live.",android,[REDACTED]
1cf135a7-566f-406f-b34b-b9a866277e82,2026-03-06,5,,easy to operate with mobile but desktop operational some difficult,android,[REDACTED]
1f9a3d22-662c-4ab0-b183-375fc9babea0,2026-03-06,5,,ata sob theke bhalo app,android,[REDACTED]
21a7c67a-97c8-453d-9e76-c894ef5488c6,2026-03-06,5,,Smooth and easy to invest with an intuitive UI. Well designed,android,[REDACTED]
2299c4e5-62e0-436e-9122-31a026f2d6bf,2026-03-06,5,,bestest investment app of India.,android,[REDACTED]
26418c84-d2bb-49a5-a310-a080d13570b7,2026-03-06,5,,excellent 👌 and good aplication,android,[REDACTED]
2b247ab3-0779-4890-9534-515385f6ea74,2026-03-06,5,,Stock market with best 👍,android,[REDACTED]
2dd81cd5-8bde-46bf-aeba-0c7844e25275,2026-03-06,5,,GROWW IS THE BEST TRADING APP. VERY EASY TO OPERATE .,android,[REDACTED]
2e50d2c7-bc58-4ed3-a9e1-6f4619297fba,2026-03-06,5,,it is a good platform to learn investment,android,[REDACTED]
34f08779-e903-445e-a26f-74178a9d7b4f,2026-03-06,4,,your work is vry nice I also refer other person grow application... but sometimes vry difficult in app device network good but app slow down please fix....,android,[REDACTED]
350c84ba-7521-425f-b65f-237d034ac01b,2026-03-06,1,,im very upset non settlement and the costumer sport,android,[REDACTED]
367badbd-7cd6-4cd1-8e63-6d54e96d35b7,2026-03-06,1,,services are not good 👎,android,[REDACTED]
37f7c293-4781-47b2-912c-c4d26ba09d1b,2026-03-06,4,,"it is taking almost 6 days sometime more to update the SIPs, the deduction happens 1st of every month but they continue to show in progress in the dashboard.",android,[REDACTED]
3873c25c-2005-4988-bcaf-3126b457058f,2026-03-06,5,,Good and easy-to-use,android,[REDACTED]
3ced956d-5f65-4b0d-aa44-9888fee2151f,2026-03-06,1,,Not getting necessary documents,android,[REDACTED]
4102802b-643d-44f5-a3f1-3e16f959d79c,2026-03-06,5,,Improve interface. Sometimes it crashes.,android,[REDACTED]
42fa59fd-1e45-40a2-8261-7cf3fdaa3b4e,2026-03-06,5,,Very easy to handle.,android,[REDACTED]
4b530f8d-b17f-497d-be4f-8bf8490b01a9,2026-03-06,5,,perfect easy trust worthy and helpful,android,[REDACTED]
4b74dd0c-ffc3-4bd0-b792-bda87e4bc9f0,2026-03-06,5,,very good application and superb performance 👍🏿🙂,android,[REDACTED]
4b9ae622-b760-4489-92cb-b92312cd994b,2026-03-06,1,,sometimes delay and also hanged,android,[REDACTED]
4cd7df2c-fb6a-4358-ac48-a32b2fe096ff,2026-03-06,5,,good and excellent service,android,[REDACTED]
4d1fcc64-f779-46fe-a05e-135a8dd9abeb,2026-03-06,5,,easy and transperent excess. more option at a one plateform.,android,[REDACTED]
4da794f5-78b5-4a74-9e24-f4df8957b169,2026-03-06,5,,"best trading & investment app, easy to understand + operate,",android,[REDACTED]
4e2dcf6e-f542-4d2d-ad87-a1fa839e6015,2026-03-06,1,,"Terrible experience. Placed a Sensex Call order, but the app glitched and didn't even show the order in my dashboard. I tried to cancel immediately, but the app was unresponsive. It finally 'ghost executed' my order at a much higher price (₹291) when the market had already crashed to ₹256. I have a full screen recording of the app failing to cancel and hiding my active positions. If you value your capital, stay away. I am filing a formal complaint with SEBI SCORES.",android,[REDACTED]
5234a4dd-b6d2-42d1-9709-821665119154,2026-03-06,5,,nice app easy to access for beginner,android,[REDACTED]
537c42dd-3ac4-4527-9688-3315971b094f,2026-03-06,1,,worst customer care experience.,android,[REDACTED]
537e9552-f76a-4a00-b349-bc08970699c0,2026-03-06,5,,great experience always,android,[REDACTED]
5420686f-16d0-4e57-adc7-62ba13a420ac,2026-03-06,1,,One of the worst broker. I palced an order today but my app got a glitch where i was not able to see my open order. I had to keep a safe exit because today was expiry and i got panicked because it was a 3 pm trade. I had to book my loss of 40 points because of this glitch and did not want to lose all my capital. I have screenshots of the trade but the company is not accepting their fault. A similar issue happened with my cousin last week. Deleted this app because of their platform issues.,android,[REDACTED]
558ca167-2bb8-49d3-8127-63249cff69fb,2026-03-06,4,,this review for grow as a long term user you should be add swp option... everything is ok but that's the one option you must be add,android,[REDACTED]
586cd9d1-3831-4b90-beea-8fcacd5ab555,2026-03-06,1,,worst customer support,android,[REDACTED]
5bdb7667-5984-47b9-bf1b-b3c79a7e208b,2026-03-06,1,,instant buy instant sell is not available,android,[REDACTED]
5e212740-8e89-493a-90c9-b86bbed8ed01,2026-03-06,5,,nice app for trading..,android,[REDACTED]
5e5bdd73-f3cd-4fee-aef2-9664b3988142,2026-03-06,1,,"I found technical glitches at groww in every sensex expiry only on sensex f&o, same pattern on every sensex expiry",android,[REDACTED]
5ed4b816-6951-455b-aa87-ae79072c22fd,2026-03-06,1,,very bad app not working properly,android,[REDACTED]
6167adca-f588-48d4-8550-e8f1736ed914,2026-03-06,1,,"Groww team , why you take too long time to give us our money , your application alway go stop when importent time come ,where we want buy or sell , you team not go long if update your rule and working.",android,[REDACTED]
619df505-3ead-4bc9-801f-5c2b10ab62df,2026-03-06,5,,Good and Friendly app,android,[REDACTED]
61e42da1-3e24-47ee-8f28-f53ecefd7d5a,2026-03-06,1,,totally hang service bad service,android,[REDACTED]
6498510e-c7a7-4dec-950c-a54c1a8c0f11,2026-03-06,4,,very activeness best,android,[REDACTED]
662af790-be54-4396-81ab-53fd760d79b9,2026-03-06,1,,This Is worst app For Option Trading Order Doesn't Execute Proper Glitch Problem.Always Results In losses 😡,android,[REDACTED]
664bc365-8c12-4b6e-b137-4ac749e0495f,2026-03-06,4,,mai 1 suggestion dena chahunga aapko app me 1 cheez or add karni chahiye jisme sare profit wale share ek sath dikhe or usi me dusari slide par sare loss wale share ek sath dikhe jis se ye track karna asan ho ki profit loss wale actual kitna profit ya loss kar rahe hai present me meri ye baat portfolio profit or loss share ke saprated profit loss ko lekar hai. na ki dono ko combine karne par jo final profit or loss hai usko lekar,android,[REDACTED]
671980b6-252c-485b-8b97-13ea566ac6ba,2026-03-06,5,,This is a very good digital online platform for investment so far.,android,[REDACTED]
6a4ceb62-28d6-403e-be4c-ec73cb0af9b6,2026-03-06,5,,easy to use n excellent customer service,android,[REDACTED]
7012d40e-041f-41bf-9932-403c59b1222e,2026-03-06,5,,without learning anything from outside you can learn and everything here,android,[REDACTED]
709a962c-bf9e-4812-90b7-cff0970817c5,2026-03-06,4,,best experience. MF best. only star 4 stock breakage charge high...want zero.,android,[REDACTED]
714aaadc-96a8-4f85-b4ef-3253a8dbf92c,2026-03-06,5,,please add kill switch 12 hour,android,[REDACTED]
722dcc70-ce36-45d7-b68a-197bb2ecca5d,2026-03-06,1,,app is hang and brokrage very highly don't used this aap,android,[REDACTED]
72dbaf86-7139-4d11-8221-dfcc3e8f64b1,2026-03-06,3,,New phones me groww app ko unsafe bata raha hai. Groww ka clone app create karne nai deta one plus 15 me. Remain sare brokers ka clone app karne deta hai.,android,[REDACTED]
7c1e6991-1e33-42d8-a6a6-0d6f0d190b7d,2026-03-06,1,,Not the safe application.,android,[REDACTED]
7cbdba6e-5500-4d58-bd1a-11dce1c91a33,2026-03-06,1,,"worst for fno trading yesterday I lost 18,000 just because the exit order was not getting placed Even at market order",android,[REDACTED]
7dc079b2-8bf2-41b2-9801-3f90e10a5087,2026-03-06,1,,No User friendly customer support,android,[REDACTED]
82c46506-03eb-41ff-96cf-abe9f9cac75e,2026-03-06,5,,It is the best safety process to save your money for a long time. Thanks. 🙏,android,[REDACTED]
83fd97b7-c89d-4443-a648-a0aa5250fd94,2026-03-06,5,,groww is best trading app best for bigginers and professional trade all of people.these app is simple interface.,android,[REDACTED]
87f2d598-7c41-4a8b-9e4f-d1573faa4980,2026-03-06,5,,Good trading platform 👍 👏 👌,android,[REDACTED]
8981e9b5-46e8-4554-91dc-ef885e5f034a,2026-03-06,5,,"excellent, in terms of convenience, easiness and transparency. I find it (GrowW App) as one shop solution for all my investment needs.",android,[REDACTED]
8f2f33ff-e97c-4aa8-8b84-a7ec2edd349c,2026-03-06,5,,awesome user interface and easy to use,android,[REDACTED]
9092a4fa-8782-423b-a5a1-39d8bd563b91,2026-03-06,5,,one of best trading terminal app in india it would be more useful if you add the features of trailing stop loss or drag to book profit or stop loss in windows,android,[REDACTED]
9325f315-f89d-47a2-857f-8931403ff763,2026-03-06,5,,very comfortable to invest and online changes according to your pocket and time is such a best choice.,android,[REDACTED]
94e9dc17-2066-4e47-9bfd-30d8455aab8c,2026-03-06,5,,"I am truly grateful for this app. It is very user-friendly and easy to use. There are many useful features and products available on it, which makes learning and usage very convenient. The design of the app is also very attractive and beautiful. Thank you for creating such a helpful and well-designed application. It is really beneficial for students and users. thank you thank you thank you",android,[REDACTED]
9c8a541e-94ce-4f91-803d-f1c3569c7514,2026-03-06,3,,customer service calls have wait time for 5 + minutes. post that line just disconnects automatically. the mutual fund NAV refresh does not work for weeks now and no update on when and how will it be fixed,android,[REDACTED]
9d761fa1-fab8-4ff1-ad3d-f21aed19998f,2026-03-06,5,,Most simplest app to operate.,android,[REDACTED]
a32a07a8-a602-4af0-981c-dc8e32c39e00,2026-03-06,1,,slow working for treding,android,[REDACTED]
a5ef7e18-4225-410d-91a5-d49b1fad6551,2026-03-06,5,,a good and friendly app,android,[REDACTED]
a99897c2-9b6c-4f75-8515-37914262f3db,2026-03-06,5,,nice app easy to use,android,[REDACTED]
aacd7207-7e17-4b1d-b1c6-54d828579c8e,2026-03-06,2,,"0.3 to 0.7 Sec late exit,buying... don't recommend",android,[REDACTED]
ac6039a2-5e2b-43de-87bf-5dd6947e5c04,2026-03-06,5,,Very good app for investing I am using it for past 4 years very good and user friendly. Loved it.,android,[REDACTED]
ad260d34-a440-47a6-aa14-3488dbeec04f,2026-03-06,5,,it's is a good platform,android,[REDACTED]
b3e07b93-dfe0-4a59-9e15-1269325c9d68,2026-03-06,2,,facing technical glitches while exiting when every second is important kindly correct it immediately...,android,[REDACTED]
b46b8d52-142d-4a0e-87b2-808d3eb30754,2026-03-06,4,,MF portfolio not updated! for above 4 Days.,android,[REDACTED]
b5e13f1f-c83e-42b6-8272-2b733603108a,2026-03-06,5,,very good investment apps,android,[REDACTED]
b822a414-d387-4131-aaa5-817528da03bd,2026-03-06,5,,very easy to access account,android,[REDACTED]
ba829f97-6e6f-4c51-822a-866d172ae6f3,2026-03-06,5,,This platform is very easy for trading.,android,[REDACTED]
bc7fa675-35ff-4a6c-beea-05f577e52b45,2026-03-06,3,,"Everything is fine except that there is no ""take profit"" option in intraday trading. Can you please make it possible to do that?",android,[REDACTED]
bf7d254a-5fc3-416f-bcd8-9134242988e5,2026-03-06,1,,app is too slow . third grad aap in the world,android,[REDACTED]
c0590fbd-728c-4f64-95bf-d9decd05ef0e,2026-03-06,5,,very good and friendly,android,[REDACTED]
c240f1b9-c5f9-4497-881e-d96332ea95ec,2026-03-06,5,,This is best app for the trading and stock market.I really like this app. Everyone should be download this app.,android,[REDACTED]
c507fc4a-e5ea-4238-8b0e-f2a06095bd14,2026-03-06,5,,for someone new good experienced customer support you will sometime need to wait what you will get it,android,[REDACTED]
c5770bf6-d5bf-430b-901d-0158edb2663d,2026-03-06,5,,very easy to understand,android,[REDACTED]
c863ca6a-74ca-462a-bb38-f6cf8344fe93,2026-03-06,5,,Great App for Investing and Trading..Easy and Fast Process. Great Work by Team Groww.,android,[REDACTED]
c9507430-c13a-4d84-90da-f3fd5d8b99c7,2026-03-06,5,,it's good app to others,android,[REDACTED]
c9a9ec0c-7699-4e46-9b17-c53378ae1360,2026-03-06,5,,Great and very friendly app. compared to other similar apps this is much user friendly and its simplicity makes it a quick decision on trades The app is quite faster and I can see a lot of improvements happening within the app often.,android,[REDACTED]
cc15ec98-8458-46fa-8537-181434aee84b,2026-03-06,2,,some times MF unit allocation is very slow,android,[REDACTED]
d0d1d975-77fa-463c-a2b9-919b659d4ffe,2026-03-06,5,,nice and easy to used,android,[REDACTED]
e2f5b3ce-9ec1-49d2-b21e-d3e2699d7da8,2026-03-06,2,,market price bahut slippery hai,android,[REDACTED]
e3b32936-b8d4-4f10-91a8-6e69c306ab74,2026-03-06,5,,very user friendly and good openness,android,[REDACTED]
e4125b60-55f8-4852-8876-0e3f54165a10,2026-03-06,1,,Broker Charges Are High,android,[REDACTED]
e4ee6ca6-c9c2-4966-b803-6fec573a6549,2026-03-06,5,,facility for SWP in SOA fund may be provided,android,[REDACTED]
f030adcb-c8db-4d22-ac96-bd2a36d47a90,2026-03-06,5,,"Best Trading , investing app",android,[REDACTED]
f3576d89-d5b9-4144-99c2-4c6288173fb2,2026-03-06,1,,This is so rubbish trading app That I have been ever see Since 2024,android,[REDACTED]
f38b5e5f-b7c1-45e1-9151-8604f950d648,2026-03-06,5,,"very good app,very good service",android,[REDACTED]
f39582df-eb03-4f22-9b18-e510d8fb68b8,2026-03-06,5,,it's very easy to be used understanding apps,android,[REDACTED]
f461e292-5dca-47a3-a910-f02df7800ace,2026-03-06,4,,nice and very good 💯 but charges is high 1-2 %,android,[REDACTED]
f5260f0e-069f-4212-90ba-1e05da5f0ce1,2026-03-06,1,,"I had set the stoploss at 3 points and when the market went down, I saw that the grow broker raised my stoploss by 10 points. The grow app did a very wrong thing, I am protesting.",android,[REDACTED]
f69485d5-2e2c-49a1-9761-a59b680fbe51,2026-03-06,5,,Am trusting this app always,android,[REDACTED]
f916223f-2ba1-4ab9-a293-401304ba5e91,2026-03-06,5,,mere app me listed bond ka feature nahi show raha hai.please isse enable kare.,android,[REDACTED]
fc387ab6-6eb4-4427-b4a8-4efe38543578,2026-03-06,4,,Good and smooth application,android,[REDACTED]
fe25c930-02e6-4c70-8d33-68584ce8aa85,2026-03-06,5,,I have been using this app for approx 5 years this app is updated full and newsleble and this is good for me and how using this app,android,[REDACTED]
00c13387-8772-4eba-b2cd-1db8f8733d1f,2026-03-05,5,,it's a most valuable tool for us,android,[REDACTED]
012d9830-3c17-4e59-9a6a-9b90b24d9f1f,2026-03-05,1,,sl price se paile hi sl hitt ho jata hai very bad 😞,android,[REDACTED]
01a08e18-f322-4323-b81f-7a91eb9bd1f5,2026-03-05,1,,"worst part of groww is they cut more charges than what they said vey very disappointed, it feels like a scam, i sell a stock and charges should be between 7 to 8 but they cut 30rs",android,[REDACTED]
01f4b444-528e-4836-ab0b-e091ffac9306,2026-03-05,5,,good work grow all tim,android,[REDACTED]
06fc5ade-6a63-4a00-9d8b-f91db7c8c6fb,2026-03-05,5,,ui and all things very nice,android,[REDACTED]
08fd980d-0375-4dd7-94de-cbe4d8db046b,2026-03-05,5,,easy to use.more informative.,android,[REDACTED]
0927289b-bbd4-427b-bc1f-cf2f770c7423,2026-03-05,5,,"yes, very user friendly, if stock recommendations at support levels and exit level are added it will be an additional information 🙏",android,[REDACTED]
122ad73d-bf33-41da-9c8e-78e873cecc79,2026-03-05,5,,good for starting investment,android,[REDACTED]
150d47a6-5f91-41a1-bd8a-2ab7eb067f79,2026-03-05,5,,Nice cariar app this,android,[REDACTED]
16bccdd9-c617-4e61-ae6f-52f04b12baa2,2026-03-05,1,,"waste app, i am with groww from 3 years, instead of giving good service, their system stucks",android,[REDACTED]
16c453d4-15c0-4563-b57e-781a006daa3f,2026-03-05,5,,very good excellent I am using it for last 7 years and still installed it now,android,[REDACTED]
172cd142-35ff-4c06-8626-db424ac4ff76,2026-03-05,5,,All in one Best simple easy with many features App,android,[REDACTED]
1811874a-4c9d-4e8f-ab35-4fdccb93aa36,2026-03-05,4,,good but need better optimization for tablet it should be more like desktop.,android,[REDACTED]
188f9573-56c0-45ef-93e5-d52c77847946,2026-03-05,1,,such a pathetic app whenever I punch the order it the system lags and does even allows you cancel the order day by day this app is getting worst,android,[REDACTED]
1a974d9d-8106-4831-9add-6d973b1fe1fe,2026-03-05,4,,good platform. buy sell charges have increased in last few years. so 4 stars ✌🏻,android,[REDACTED]
1b624d4a-9312-4171-b9fc-cd5ec1f97609,2026-03-05,5,,"Extremely lucid, designed intelligently, Most Easy share trading App",android,[REDACTED]
1c526627-ad12-4579-aac0-dfe78d82b687,2026-03-05,5,,having nice features,android,[REDACTED]
208685fb-3d49-4fe0-924f-1f769002b698,2026-03-05,1,,"I took trade using pledged amount. It charged 450 to pledge the amount of 45000. I am in a trade but still showing the -7600 cash don't know why if I'm in a trade. Without exiting the trade I added 7700 more amount. After 5 days I booked 5076 profit. But in my cash wallet it is showing 10300 amount. After customer service. 7700+5035 = 12735 - 1000 brokerage = 11735 - 450 = 11285 should show. But it is showing 10300, Grow is worst platform for options, I also found mutual fund withdraw fraud.",android,[REDACTED]
217b8a3f-dfe5-4391-bfe4-81bb47012615,2026-03-05,5,,very feasible application,android,[REDACTED]
245792ca-d76f-4822-b892-8b3c327b8f9b,2026-03-05,5,,awesome this platform Groww is the best apps,android,[REDACTED]
255ea37a-f67e-4491-9f1e-99f4f0686afe,2026-03-05,5,,"Needed Bracket order , we retailers are losing , grow is fast enough , not slow as Kite but bracket order need and GTT order for MTF facility just like upstox",android,[REDACTED]
26353fea-4106-4294-87be-b3d0b2fa9e68,2026-03-05,4,,very good app ... from order to withdrawal money but not giving good suggestions regarding stocks,android,[REDACTED]
291e9a88-ee7c-46c7-ac42-a3f6fbd1da84,2026-03-05,5,,good experience in groww,android,[REDACTED]
2ecf0872-5d66-47ff-9578-d2753ebe6918,2026-03-05,5,,lot of helpful things,android,[REDACTED]
2f6a4758-86a3-4f17-b5a6-56de3d5210bf,2026-03-05,5,,better application for tradeing,android,[REDACTED]
352d9a3c-5ee2-4b14-85e7-f3730acbc18f,2026-03-05,2,,"Dear Groww... Please Remove the Stup¡d Effects in latest Update.... ""The Rising Building effect"" is so Non-Sense... it irritates everytime when we go to Check any Stocks Financials.... also wastes 1 - 2 seconds everytime....this is so irritating effect.... Keep the App Simple and Smart.....Not Stup¡d and please remove this non sense thing Asap 🙏🏻🙏🏻🙏🏻🙏🏻🙏🏻🙏🏻",android,[REDACTED]
38e4f9d1-74a0-4521-bb90-639eb0c0f632,2026-03-05,4,,Great trading features and fast.,android,[REDACTED]
394b2208-7152-4dc2-b09b-06f5811f761b,2026-03-05,1,,"After recent update, we cannot enter to stocks price from individual option position. we need to go home and enter manually",android,[REDACTED]
398980d4-99e2-4c78-9b10-999ee76ab7f3,2026-03-05,4,,"grow ek Bohot accha Trading App hai but mujhe lgta hai esme beginners Ke liye kuch Alag se Features honi Chahiye,",android,[REDACTED]
3ae6cd9e-7d87-4e39-98f2-819cbe7c73ad,2026-03-05,1,,unable to view external fund under mutual fund category.,android,[REDACTED]
3e9bed39-41d2-4a1c-9c94-dee0dd49fa16,2026-03-05,1,,"Fetching External funds Paused, Not sure why it happened and when it will be resumed? we are using groww to track all existing funds in one place,but unfortunately that feature is not working",android,[REDACTED]
416d9571-b3f2-479f-b105-833cde5f8322,2026-03-05,5,,very essy to use app,android,[REDACTED]
42635090-d609-4840-96fa-edaec0bcb8d7,2026-03-05,5,,Useful Easy Thanks Groww Apps,android,[REDACTED]
431e740b-4526-4968-ae55-f74f4c4dfeed,2026-03-05,5,,best performance and best ફ્યુચર,android,[REDACTED]
450adaa0-f0fa-4d9c-830e-0ad48e9b4979,2026-03-05,2,,it's hang too much when we place call put order in intrade। I very disappointed 😞 order can't show on order list immediately it's take refresh too much time ।pls team improve it,android,[REDACTED]
4822bd07-fcc9-40ad-8140-992bcd2e795b,2026-03-05,5,,user interface is very convenient to use compared to other brokerage and it's not difficult for new users also. every thing is in detailed and managed the data very well. no annual mentance fee for users. I am very much satisfied with groww.,android,[REDACTED]
49b7a5d7-c6f0-4b09-8a31-b06ae667d12b,2026-03-05,5,,The Best app for trading has all types of necessary details on each platform 👌,android,[REDACTED]
4c1314a4-ea11-442b-8d44-1100d0f50c59,2026-03-05,5,,very good app for share trading . awesome,android,[REDACTED]
4e13d099-aed4-42ac-9f04-9413e77fca54,2026-03-05,5,,"good for trading and investment chart, and buy, sell smooth, easy to learn",android,[REDACTED]
4ed0a931-8872-4042-8100-8ccd35249bde,2026-03-05,5,,MTF investment is very easy to track,android,[REDACTED]
4f2934df-f73e-4157-84cd-7f01e2fd421b,2026-03-05,5,,very friendly and helpful features for trading,android,[REDACTED]
5181acd7-0e88-465b-a93d-8c27b2750930,2026-03-05,4,,super nice support and everything easy analysis app,android,[REDACTED]
567b8bf3-9b33-432b-b9ab-a17d592ae4e4,2026-03-05,1,,customer support Sahi nahin Hai,android,[REDACTED]
57479747-758f-4f9c-b98b-f79593324755,2026-03-05,1,,"Whenever I open app I have to login again, I don't know why I get logged out again and again. Frustrating.",android,[REDACTED]
5ca4a7b9-3434-4ac5-9983-4a92bbb14965,2026-03-05,5,,strategy patience mindset=grow,android,[REDACTED]
618a3e4a-ffec-4f99-9211-f5fbbae6e1ce,2026-03-05,5,,user-friendly app easy to purchase n sale of stock n mf. can see all report on one touch.,android,[REDACTED]
6581b096-31b5-49e1-9c56-9a3ecc836619,2026-03-05,5,,very good app that contains customer satisfaction service.,android,[REDACTED]
68cedf78-023b-4f41-9010-a8792412bcbd,2026-03-05,5,,The best economic platform.,android,[REDACTED]
6d367b2f-1b89-4d29-9ae0-e5af474a0af1,2026-03-05,5,,good interface and easy used.,android,[REDACTED]
6e638c3f-f0ed-46b0-9823-c6f3c17c19a9,2026-03-05,1,,non sens app don't install. if you install app your money 99% risk.becauae call option buy but you don't sell call glitch application very glitch application,android,[REDACTED]
7158a38f-10e3-413d-b188-f62600aa3bea,2026-03-05,1,,at the last grow app can not execute....use angel one in this,android,[REDACTED]
744f462c-8825-4ea8-8da5-12b522838f95,2026-03-05,5,,very nice and simple aap,android,[REDACTED]
7b87cd32-7288-4c7e-9d15-31e1a40fd7b0,2026-03-05,1,,"3rd class app i will go to the consumer court for today case.. Today on the expiry day of Sensex, my profit of 7500 turned into 5000 loss. Just because of the problem of your app, I will take you to the consumer court and file a separate case..",android,[REDACTED]
7d85e5b2-44c2-4a09-a040-b5e7b9e34956,2026-03-05,2,,sometimes facing some issues in live market so please improve your app setting and servers,android,[REDACTED]
7f6c9338-a847-4398-8149-0bfaf59b01f9,2026-03-05,5,,good app life time show and succses life,android,[REDACTED]
7ff3c1af-f715-4137-afa8-11992a04092a,2026-03-05,1,,"worst ever application. Because I redeem a mutual fund 2 march 2026 before cutoff time(3:00 pm) but groww send my redemption request to the AMC 4 march 2026, after 12 pm.So this is the worst app. My request to everyone one please don't consider this app for investment purpose.😡😡.",android,[REDACTED]
835dbfcb-b11b-41aa-bbcd-6155c87e2b80,2026-03-05,2,,lot of glitches... Orders will placed and execute slowly... Better to go another app👍,android,[REDACTED]
84ffd15e-7210-490a-a5b7-a9e61b2dfdde,2026-03-05,1,,unable to install in one plus tablet 2 don't know what the matter please solve the issue ASAP,android,[REDACTED]
85757a37-de42-4565-bd3e-185a60521440,2026-03-05,5,,lov u 🪴 growth 📈 with u... thanks groww,android,[REDACTED]
88f8d103-f280-4638-838f-bfeb80ee6299,2026-03-05,1,,"today i faced so many glitches while placing the orders for future and options, The orders were taking so much time to display or update in the dashboard",android,[REDACTED]
8ba00b42-ce57-47c9-8233-f18474ba9aa1,2026-03-05,2,,"please change Delivery Intra day mtf option same as Qty and limit/market same as They select what they need, which causes a lot of problems, and automatically buys intraday",android,[REDACTED]
8d9faa22-f304-4482-b15c-580aee240c56,2026-03-05,5,,very user friendly app. selling and buying as smooth as butter. Reports are also generated fast and accurate. Fell in love with the app.,android,[REDACTED]
92b59f4b-3554-45b4-ad26-9b0315ae1487,2026-03-05,5,,trustable application,android,[REDACTED]
943d794a-0b29-4cc1-87f3-647d0e581476,2026-03-05,5,,very nice application ♥️,android,[REDACTED]
97e5e91b-4637-4bb3-940f-3fa1c431182a,2026-03-05,1,,Not Work Properly in Live Market sl hit without price go to sl,android,[REDACTED]
9c0d6f15-a04d-4d72-9cb2-41b6b6c39033,2026-03-05,3,,"Groww app good but one option is change buy or sell option delivery intraday MTF please change this option automatically select intraday option, We r need delivery option",android,[REDACTED]
9c6df4f6-dbe6-4d8b-984e-946ce7f18df9,2026-03-05,1,,sooo many charges no customer support bakwaas,android,[REDACTED]
9c899b97-0b43-4d55-bc8a-237e82e34cc3,2026-03-05,5,,"Please add NAV of MF with 4 decimal point scale. Now on main page of MF it shows as 2 decimal point scale with rounding. P,ease fix this",android,[REDACTED]
9d16d967-6386-43f3-81f8-4e3d3c25b0f7,2026-03-05,5,,Add multiple chart function,android,[REDACTED]
9d406337-37c9-4c04-a412-8114058217be,2026-03-05,1,,"These ALL brokers are fraudssssss, initially they will take less charge, after that If you do continue trading they will charge more and more.",android,[REDACTED]
a04e42b3-172d-429f-8a08-e4697ea9df10,2026-03-05,5,,Very Easy Application.,android,[REDACTED]
a09b2878-a182-4f91-946d-c3142ec6866e,2026-03-05,5,,best but broker tax is so high,android,[REDACTED]
a1243d44-b93d-409a-9e1c-1497011dbfd5,2026-03-05,5,,Grow services are superb & satisfied,android,[REDACTED]
a3ab56e4-19bd-4b3c-8ed8-fb7b6b2a64e6,2026-03-05,1,,App is good but my order is not executing timely on both time buy or sell. That is not good in option trading. Option chain is not updating timely and the MACD and Supertrend is not updating accordingly chart pattern or you can say candle making. kindly look into these serious matters to all.,android,[REDACTED]
aa37b47c-60d4-47b9-89e6-cfc053f45c6c,2026-03-05,1,,poor service some times its works very slow .. and trading platform is not suporting and the version is very poor,android,[REDACTED]
abe390ce-bbc1-4e7f-9462-f07aa3542844,2026-03-05,5,,very user-friendly thanks for your support,android,[REDACTED]
afb09717-da52-4848-a6ab-ada8bd8b8436,2026-03-05,1,,"positions If you buy, the option should show, if you buy, the option should show.",android,[REDACTED]
b148825e-0834-4268-8f12-11cecb080a37,2026-03-05,2,,accha app aap bhi download karo pese kaise bante hai groww app download kare. thank you,android,[REDACTED]
b8ed4c19-7c4f-4594-a38e-7e10432aecba,2026-03-05,5,,good platform for investment,android,[REDACTED]
b9d12977-44b7-403f-82ae-2579e51f26dc,2026-03-05,1,,worst app for f&o .. dont use app .. order execute and exit kbhi bhi time par nhi hota h .. jb ap exit kroge to wo lowest pr exit krega ... aur app ko use krke ap apne money ko hi waste kroge .. baki apps achi h iss se.. na support team achi h ......not 1st time .. 3 rd time and last time ...exit all option given but ap profit me honge tb exit nhi hoga ....,android,[REDACTED]
ba98dd9a-7290-413b-b386-f63d762b6ddc,2026-03-05,5,,great app. friendly n supportive features to handle.,android,[REDACTED]
bda1c9c9-6f20-4cd8-aacd-64a327e7f159,2026-03-05,1,,this aap not a update realtime price and slow update $ process 01 month try coustomer carire continue but 30 mnt called but nothing attend call this aap is very poor so install this aap,android,[REDACTED]
c0f480ac-f41d-4a7d-b10a-bfe7065c3218,2026-03-05,1,,the withdrawal in this app is totally scam the amount got deducted even after the withdrawal I placed a withdrawal on 3710 but then after 2 days it remains only 3402 it's a totally scam app pls don't invest in it totally rubbish help centre and all are fake in this app,android,[REDACTED]
c3aadaad-33d0-463f-a23c-1e80f8f79313,2026-03-05,1,,"holding shares click too much bad experience, not click open detail i have to click share name particular text name after few update ui/ux is worst then ever.",android,[REDACTED]
c72a837d-8bf1-44f7-b544-e923e77cf289,2026-03-05,5,,it's very easy to invest and friendly app,android,[REDACTED]
c7b78792-b4c1-47ab-a131-dd24b936744d,2026-03-05,5,,nice this is the best app for me,android,[REDACTED]
c8fc22aa-aef9-4f3f-ad95-d53a8472e869,2026-03-05,5,,"all time best trading app , like other platforms thanks to Grow app",android,[REDACTED]
c966a7fa-be2d-4136-a522-394c079047a2,2026-03-05,5,,this software are using to esy,android,[REDACTED]
cca0b3ac-c769-4f0e-94c4-e1530b2b6f43,2026-03-05,1,,"Fraud App, Don't download They charges line creation charges every month from account as 599 rs + 18% GST, total 706 every month, complaint many times but no response from groww. Ticket No. 25114524",android,[REDACTED]
cf374f69-0441-4e6f-9ab1-94a8d24d01f4,2026-03-05,1,,"Please stay away from this App, they will not allow redemption when you want to redeem your hard earned invested money, they charge huge, without any transparency, they do not allow us to redeem Mutual funds investment when we want to redeem, they will not care if dividends do not get credited to your account even after 10 days, they will say you contact them directly, total scam! Be very careful! Stay Away from this!!",android,[REDACTED]
d02a8f78-de21-4034-b198-467c30dcb604,2026-03-05,5,,good for you but one problem,android,[REDACTED]
d150c507-b9a2-483e-b444-308fbf640c70,2026-03-05,2,,"Unable to login in the app. Its giving an error as, 'there seems to be an issue with your internet connection. Kindly check your network' Other apps are working fine.",android,[REDACTED]
d30ae436-18d1-43c4-b5b5-2cbc100bf135,2026-03-05,5,,i like consistent improvement in low market conditions,android,[REDACTED]
d48c944b-d9fe-471b-96a8-77232650be84,2026-03-05,1,,don't use is app fraud heavy brokerage charges,android,[REDACTED]
d5ed16bd-165d-42a5-be27-af4cf8b9afe7,2026-03-05,5,,good User experience,android,[REDACTED]
d9b36604-7906-44c8-845b-3f4bb9caad1a,2026-03-05,5,,great aap to earn and learn money 💰,android,[REDACTED]
db39c956-d307-4a4c-bc87-9a4fe12ef01c,2026-03-05,1,,"Worst app not working.... every time happen.... every time loot.... sebi is not watching this... govt also looting tax... now grow not working.....worst system, worst app",android,[REDACTED]
dbbf303a-c8fd-4e25-994e-b9712a0b0a89,2026-03-05,5,,very easy good application,android,[REDACTED]
dccd7104-a6c0-4980-a8c2-f45815d59cbe,2026-03-05,5,,ease transaction..multiple investment option in 1 platforms etc,android,[REDACTED]
def4aec6-a6d7-4879-b04f-01b34445d3be,2026-03-05,1,,fraud side isme glitch karke loss krwata h jab tak profit hota h to glitch show krta h baad me jab loss ho jata h to phr app kaam krta h or costomer care wale bolte h proof le k aao video ya screen shot ab us time kha se yaad hoga kuch seconds me loss ho jata h trading me.,android,[REDACTED]
e14eb40e-3f10-4041-a83b-c372e25202ec,2026-03-05,5,,"best user friendly app, u can make money in travel and hotel.... laptop and desktop are outdated and I trade with 2 smart I phones... and grow is growing my capital and daily income 💗💗💗 best app... value for money 💰.",android,[REDACTED]
e1a18796-5c3e-42e8-9191-887a753c26e3,2026-03-05,5,,fantastic.Kudos to the person who have developed the app. certainly genius.,android,[REDACTED]
e4925df6-b9ae-4785-8428-bc6a0b54090c,2026-03-05,5,,Wonderful Trading App....Tq Groww Teams...,android,[REDACTED]
e5cee6be-071e-494c-885a-453a74fa492a,2026-03-05,5,,Good 👍 For All the feature and best in compared to another app,android,[REDACTED]
e6465715-c694-414c-8b5a-e7e4f42a773c,2026-03-05,1,,"External mutual fund updates are not happening since last two days, and groww say u can go on CAMS & download CAS statement.... wow what a solution..",android,[REDACTED]
e76eb856-d3ad-41b4-bb46-4f52776b2f57,2026-03-05,5,,best app for beginners in trading and share market investment. ❤️,android,[REDACTED]
ea95c36c-4d30-44a1-b04e-e1b88241e085,2026-03-05,5,,totally genuine work i like this app,android,[REDACTED]
ee5dc5be-acec-4320-82b4-762e1136af0e,2026-03-05,5,,10 on 10 for interface,android,[REDACTED]
ee887dcc-6de5-4912-9bc9-414fdcaa7534,2026-03-05,5,,"customer service is awesome and easy to use anything this app like F&O trading, SIP, or any investment",android,[REDACTED]
efefdfdb-fbe5-45d4-8ca7-cedc3411a0ae,2026-03-05,5,,well. this app is usefull for all a/c holder.,android,[REDACTED]
f03962cb-ce0a-46bc-b856-c8a9f403c840,2026-03-05,5,,Very much better than before.,android,[REDACTED]
f42cb1a1-6eca-4d11-8eff-31fb5dfd4a1b,2026-03-05,1,,wrost too many hidden charges wrost,android,[REDACTED]
f4aa2306-97cc-4182-b228-9a3d59a55ce1,2026-03-05,5,,one the best app for Futures & Options. easy interface and quick execution.. must try ❤️,android,[REDACTED]
fac14824-67f8-45e7-8b1d-0d21ffa5efcc,2026-03-05,5,,amazing and lucky app for me. app works for me as a money machine. Divine Count Now 708,android,[REDACTED]
fbf3067c-397a-4f1d-85a8-2ae276b7eb22,2026-03-05,1,,worse for scalper trade.while buying always stick at 5-10 percent above market price.,android,[REDACTED]
fe56188c-1963-4b2d-98a7-58d1cf348e2f,2026-03-05,4,,It's a good app for stocks as well as for mutual funds. wishing more success to groww in future.,android,[REDACTED]
0146a4c6-093f-4a18-87c1-952c3e70a074,2026-03-04,5,,very nice application,android,[REDACTED]
01d4ae80-3e2f-45a5-8937-6ab08c27bf12,2026-03-04,5,,"very good experience with Groww, very nice service provider for market thank you Groww",android,[REDACTED]
045ef2d2-a585-4bde-ac71-03b0e99dc2f2,2026-03-04,5,,high brokerage groww,android,[REDACTED]
0549a0d7-07f2-4547-9f82-22704362bd39,2026-03-04,4,,some time laging the app,android,[REDACTED]
0ac48058-f635-413f-9dce-75f29be8a436,2026-03-04,5,,Best Treding Aplication,android,[REDACTED]
0b1fbf17-3ae4-4f10-aaf1-24b76259cde3,2026-03-04,5,,Very good. Easy navigation and user friendly application,android,[REDACTED]
101f542f-60a5-44c8-ba34-0e569a999a93,2026-03-04,1,,this app big scammer i requested please do not use,android,[REDACTED]
14bd5d68-fcde-4ee0-a109-931754b44628,2026-03-04,5,,Nice app this app is very interesting,android,[REDACTED]
15083ca5-c9b3-49c2-8ac4-7e723b08b5ba,2026-03-04,5,,it's so good for beginners 😊,android,[REDACTED]
1510ef87-0aba-415b-9141-66e383db4a2c,2026-03-04,1,,this app totally gambling and fruad so pls dont trust this app loss your money at finally and this is cheating last time showing totally loss so we finally loss our money bad experiance and bad app and brokerage charge also higher so pls refuse like this app,android,[REDACTED]
1b0bb0d1-1a42-4823-bc3b-c8701877d23e,2026-03-04,1,,Worst experience of using Grow app for trading. Not sure what people liked in this app. funds adding and withdrawl takes ages. funds get stuck and support agent only gives predefined replies and can't help in cancelling the stuck transactions. Pathetic app for traders.,android,[REDACTED]
1d7ae4b2-a30c-4c74-ac3a-ab0d27a50225,2026-03-04,5,,good log is very easy thinks,android,[REDACTED]
1e672da8-1f9c-4f3c-aee2-3ea333db7f42,2026-03-04,5,,The best app for trading but brokerage rates are slightly higher,android,[REDACTED]
1fde668c-1968-4f6e-b907-dda1b42a21b4,2026-03-04,5,,good app for trading 😀,android,[REDACTED]
2602f9f4-b556-49e9-901f-f1e49ff33117,2026-03-04,1,,the grow app manipulates the market alot - not trustworthy,android,[REDACTED]
26f699df-dc25-4568-81a2-b68d550b15f3,2026-03-04,5,,very smooth and quick response costumer survice,android,[REDACTED]
2ef78dcc-e557-4239-bbda-e212702a1f59,2026-03-04,1,,fraud app because of this app I have lost my many lakh rupees.,android,[REDACTED]
35e1695b-7a7c-471e-bf17-928653ab8f36,2026-03-04,5,,"I have been using this app from a long time, this has been the best among this category. very good app. Has the best features 👌",android,[REDACTED]
38487028-0d43-4e2a-94b8-f31e407c8359,2026-03-04,5,,Best app for new trader,android,[REDACTED]
38bc1837-aed9-4e00-be81-bee2bd6a1a5e,2026-03-04,1,,Biggest froud application,android,[REDACTED]
3aa8c0d1-407b-4705-81c2-ba34361bec96,2026-03-04,5,,good and easy app for invest,android,[REDACTED]
3bdc626e-dd4c-48a1-8f6c-d2e39a5da3d6,2026-03-04,5,,Grow is best app for treding and for understanding all the patern,android,[REDACTED]
3f4a2bc5-bef0-436f-b910-02efef912d00,2026-03-04,5,,"awesome platform, I really enjoyed it. it's really user friendly 😀 and good real time service providing.",android,[REDACTED]
41a73fab-4cc8-402d-978d-48c27d81ebcb,2026-03-04,5,,very helpful platform,android,[REDACTED]
45c5e297-514f-4ecd-8f99-c9643eb3af48,2026-03-04,5,,very nice app for trading,android,[REDACTED]
4806be3b-d7b5-48ed-817d-b801c4078fe6,2026-03-04,5,,it provide best chart analysis,android,[REDACTED]
48894239-e13f-404f-bf4c-c40417d7e189,2026-03-04,5,,good work for public,android,[REDACTED]
4aae7a95-5982-451c-8ce5-14dd16ad5588,2026-03-04,4,,awesome experience with groww.,android,[REDACTED]
4fc3e6e0-bfdc-443c-90c7-9cb7877aec9a,2026-03-04,4,,just awesome 👌 groww app I love it 😀,android,[REDACTED]
512ccfd9-4693-440a-9778-c7dcc95d91df,2026-03-04,2,,"what about the ncdex? if everything will be available on single platform, then why would we choose another broker.....",android,[REDACTED]
60f46a9b-b421-4e09-81a6-d0acae53d971,2026-03-04,4,,it is user friendly and simple,android,[REDACTED]
620a9c13-eb7a-4efc-9463-b3dfb138a64f,2026-03-04,5,,my new . customer...very fine esy speed trust,android,[REDACTED]
645177ea-3daf-42b0-9b50-9164b5fabd2a,2026-03-04,4,,make more easier for the investors,android,[REDACTED]
6920b60c-1288-4bd0-a072-ffd8764b9bc4,2026-03-04,5,,one of the best app in PS for investing,android,[REDACTED]
6faeff24-4848-4ed8-be47-9bfaa0795ffe,2026-03-04,5,,very simple and helpfull,android,[REDACTED]
73aaa660-f592-48f2-af4b-523892e4b473,2026-03-04,5,,Very Good App easy to use and free from many charges. And always modify and improve its features.,android,[REDACTED]
76d0674b-8325-4f67-89df-8fe4329166ff,2026-03-04,5,,excellent experience better app for investment,android,[REDACTED]
7cfb664f-75cd-456b-982e-f52cf0861351,2026-03-04,5,,It is a useful platform.,android,[REDACTED]
7d6ac3f3-8708-451f-a62f-7232a3944a39,2026-03-04,5,,"best UI than other apps, faster and all good features 👍",android,[REDACTED]
7e09b965-70b6-441d-8ea5-5c97d4dac0d0,2026-03-04,5,,"It is better to display RS of Individual stock Vs Nifty50 also. RSI - Ok, 20DMA, 50DMA, 200DMA, MACD, Pivot price against Support & Resistance - Very nice. Anyhow though charges are more. I feel reasonable. Thanks for the service.",android,[REDACTED]
81bd62d3-8c23-4d69-b320-f53a6780bc87,2026-03-04,3,,they are charging 10% brokrage on profit. if you are charging this much then at least you must add PnL in the account on the day,android,[REDACTED]
8bbfd360-e896-4629-9498-4a20535e6132,2026-03-04,5,,this is godd brokerage,android,[REDACTED]
8cae5a5d-7fe3-4206-a4bd-35e4a2dd222c,2026-03-04,5,,Brock rage is too much,android,[REDACTED]
8e060aaa-1155-48b6-a399-d5b7b831a7ad,2026-03-04,5,,outstanding application,android,[REDACTED]
90b658f7-6be4-4d88-ad5d-de9abb8386e4,2026-03-04,4,,app is not responding quickly,android,[REDACTED]
947b05ff-96cd-461c-8fcd-651ba82779c1,2026-03-04,5,,jet speed when i purchased,android,[REDACTED]
97f96f01-6b12-4f80-b877-b60ee9216103,2026-03-04,1,,my orders got executed way before stoploss,android,[REDACTED]
9800baf3-2eb4-4385-a807-fda894b55d05,2026-03-04,5,,"I am very happy, good quality",android,[REDACTED]
98c741a4-11d8-492e-a4cd-750441ff35e1,2026-03-04,5,,Muje To Sabse Best Groww Lagta hai Sample or Aasan,android,[REDACTED]
9ba4ab9c-ca51-45db-ade0-53c53b164d8d,2026-03-04,5,,good app and easy to operate,android,[REDACTED]
9bf4ce20-f388-4313-a19f-6ce615686eac,2026-03-04,5,,Very good but no advice,android,[REDACTED]
9dcdf854-ac87-4f0f-9ae6-135c35ed8262,2026-03-04,1,,Brokerage charges very high . every slow app .,android,[REDACTED]
9ea921fd-93a5-4252-a896-f5521948bd5f,2026-03-04,1,,why new listings stocks not available on app. solve this immediately.,android,[REDACTED]
a0e46339-d003-41cf-b95e-6312bc7b9295,2026-03-04,5,,very easy simple processing system,android,[REDACTED]
a2618161-2756-473e-8cea-b4c8334c5f03,2026-03-04,5,,very easy to understand and trade,android,[REDACTED]
a36eadbc-b573-4b71-8ad2-e937c7d77c84,2026-03-04,4,,so good service and good application,android,[REDACTED]
a575f9ae-76c4-4b13-9ff2-7d6a1ba00d31,2026-03-04,1,,very bad and disturbing the worst app I ever seen you guys will get trash in your face think before you make a app it's the worst thing I ever seen you Jerk now shut up,android,[REDACTED]
ab1936fb-bb38-4937-b81c-ecd7b32000b9,2026-03-04,5,,I like this App a lot,android,[REDACTED]
ae7e6d5e-51f8-46c7-a04f-e7a5745d4abc,2026-03-04,5,,good for trading and investment,android,[REDACTED]
b44ac527-0294-4899-b24b-f89ef6eb11aa,2026-03-04,5,,very good and user friendly app.,android,[REDACTED]
b5e6e75b-ca2a-4c97-a13d-39e9b64c7b79,2026-03-04,5,,very clear and apt app,android,[REDACTED]
b68a565d-7636-46ad-b692-d6484acc1d06,2026-03-04,3,,some time order late accepted,android,[REDACTED]
ba189798-6632-4234-ae47-39a0fa8d858c,2026-03-04,5,,nice app for beginners. user interface is excellent,android,[REDACTED]
bd4aeef2-b5b1-44f6-8288-9ef76b865b59,2026-03-04,5,,this apps is very friendly while using and i hope this app will dominate digital finance company so everyone use the application and invest in Equity of this company,android,[REDACTED]
c88ff38e-9015-4b29-998f-b02e7f5e1959,2026-03-04,5,,very good experience 👍.,android,[REDACTED]
c9981b43-cefb-44e9-a1c1-79c97667ecd7,2026-03-04,5,,best application for new traders,android,[REDACTED]
d65527d7-81d5-4f5f-90fc-aae9c1f3c2bb,2026-03-04,5,,very good and genuine application,android,[REDACTED]
d67af446-f995-446e-970e-8b2d1d1cb84d,2026-03-04,5,,Great app and features,android,[REDACTED]
da3bad2e-965a-4939-a505-ab1d17069a52,2026-03-04,1,,no trailing Stop loss like sahi you have it's irritating all my trades.pleas provide it on urgent basis otherwise I good bye you.,android,[REDACTED]
f37b4b73-8895-4d2d-94b5-0dad5e8a10b5,2026-03-04,5,,easy to use but disappointed with the brokerage charges,android,[REDACTED]
f440e7dd-d949-42f9-a71c-0ff3e2d849d7,2026-03-04,5,,trusted 10 years mutual fund,android,[REDACTED]
f48a8466-4fd8-4499-a48f-7bb78c5ca844,2026-03-04,5,,ease to operate simply,android,[REDACTED]
f49ffd06-1d9e-495f-b6fd-3a46ec0573d3,2026-03-04,3,,App good but costomer care very slow and poor . Proper guidence and solution bhi nahi milta hai . groww excutive khud hi confuse rahty hai . Costomer care ( chat & call ) poor responce . And baat nahi kerty call cut kerty hai hai Please provide better costomer support experance,android,[REDACTED]
f7c62507-65c3-4252-86e2-4d5ef2956c2f,2026-03-04,5,,Easy to use than any other app,android,[REDACTED]
fb3f11c9-d79d-4502-a7b6-f518080f994a,2026-03-04,5,,Kindly enable the trailing stop-loss facility so that traders can maximize their profits.,android,[REDACTED]
fcf301df-cb5c-4f8b-906f-ded549260de1,2026-03-04,5,,very easy & friendly app to guide new people...,android,[REDACTED]
ff74c0fa-3782-48ea-bc51-959ff2f512a3,2026-03-04,1,,this app is worst app,android,[REDACTED]
076c9623-2161-45a1-95a4-6947122c76cb,2026-03-03,1,,"don't use this app I lost my 10,000 rupees in this app they don't provide withdrawals but it shows withdrawal successfully please don't use it 🙏🏻😔",android,[REDACTED]
0946849b-57d2-4e55-8071-46b245c4e580,2026-03-03,5,,it's really amazing apps.,android,[REDACTED]
0a5a3879-ba35-48e0-a53a-73829dff263f,2026-03-03,5,,If I Am Going To Share My Experience On This Application Is Absolutely Better Because While Using This Application I Am [REDACTED] And Smooth Workflow And Easy To Use So I Am [REDACTED] To Other People's Who are interested to use such applications for same.,android,[REDACTED]
0aa184ca-5ad0-455c-9fdd-e59ab50b0f89,2026-03-03,5,,awesome app good for investors.,android,[REDACTED]
0dcee1bc-18f1-4a9f-95df-9d8d56580f6d,2026-03-03,2,,Downloaded by mistake,android,[REDACTED]
0de5f452-b1c8-4f58-99b4-6d7282627029,2026-03-03,1,,"I am very unsatisfied with grow because how much you earn, igoes for their charges system, and from the main balance stock also it cuts so much, I prefer not to use this types of apps",android,[REDACTED]
1d15d9dc-37c7-4788-b8e2-56103d13cbc7,2026-03-03,1,,24*7 customer care help not available ....,android,[REDACTED]
1da7e0d0-93b2-4365-996c-ca9640dcbe44,2026-03-03,5,,"No complains , but let me make a lot of money.",android,[REDACTED]
20c3e6bf-fbff-47f7-a73d-c1163f483034,2026-03-03,5,,everything is perfect in perfect time👍,android,[REDACTED]
22d65e18-484f-4063-9d86-e0fa330367c8,2026-03-03,5,,bhut acha h simpal h,android,[REDACTED]
231d7a3a-6f02-4463-8b3d-25637eb849d9,2026-03-03,5,,broker charge very high 🥺,android,[REDACTED]
260fbfd0-ae78-4e49-a17e-643c610c0914,2026-03-03,3,,I invested some amount in liquid fund. After somedays I sold my mutual fund units even amount also credited in my account. After sold my units till it is showing that fund even after one week. I hope this small glitches will resolve in soon. Remaining overall app experience is good,android,[REDACTED]
2c5b1795-8f5d-4767-9e56-18a861a01c5c,2026-03-03,5,,I am learner understand easly,android,[REDACTED]
3b81b8a8-cf73-4180-82eb-81f1b42e9488,2026-03-03,5,,best application for bigener.,android,[REDACTED]
407314b7-1bd0-4bf0-98e2-8e1ff502ff2c,2026-03-03,5,,best app this world🤑,android,[REDACTED]
51ef690d-3bc1-41ea-9ec1-8cef6b7b0f8b,2026-03-03,5,,it's gud app but not guiding to investors to new shares,android,[REDACTED]
631845cb-e54c-4ccd-91be-251f650467ee,2026-03-03,3,,could you pliz fix the account problem,android,[REDACTED]
6fdadafd-d84f-4c80-9eb2-cdb205fd9fef,2026-03-03,5,,good interference and easy to use withdrawal was exceptionally faster than any upi apps accurate indexes of global stocks,android,[REDACTED]
70c5a67d-2f74-4d8b-83e9-c65533b4a39a,2026-03-03,1,,Yeh kya isme to tax le liya in logon ne ye app mujhe achhi nhi lg rhi ab,android,[REDACTED]
7593d5f9-d006-4eaf-bdcd-a8d4d690cb9a,2026-03-03,3,,"Didn't know anything about the stock market or trading when i installed this 2 years back. Very clean and beginner friendly interface, which led me to start investing small amounts in mutual funds and stocks without even knowing how it works. Overall nice experience and no commission or whatever has taken from me till now. Edit: please reduce the brokerage to 15₹🥲",android,[REDACTED]
78025144-50ab-4298-aec4-b83c575af68a,2026-03-03,4,,The app should be more simple . not to be complicated,android,[REDACTED]
78620031-3c93-4dc7-8955-49e73a38f4d2,2026-03-03,5,,very nice and beautiful app,android,[REDACTED]
798c8d92-0d9d-4b56-9295-d53a7ecfa54e,2026-03-03,4,,everything is fine for beginners.,android,[REDACTED]
7a1d632b-a8ec-4c11-9941-a3cfc6f8ffb1,2026-03-03,5,,office very super and perfect,android,[REDACTED]
80843315-3731-4493-9692-248acf65c914,2026-03-03,5,,share market special app,android,[REDACTED]
8091c47d-2ae2-4dfd-b1cc-457ccf0166f0,2026-03-03,5,,"very good app in India very easy and nice,the best of biginers",android,[REDACTED]
85e2a1ac-e9f3-4d35-9895-999c3f4663ce,2026-03-03,4,,groww app koi recommend nhi karta h charges hide rahta hai,android,[REDACTED]
8b613b4b-04d2-4870-ba1d-11b7e1421a8c,2026-03-03,1,,Exits lower than the market price goes.,android,[REDACTED]
8db9c069-66bc-4403-8a4c-c8d5df9230d5,2026-03-03,5,,excellent platform for stock purchase,android,[REDACTED]
937cb05a-4fd9-43c0-b78d-d5b978652010,2026-03-03,5,,very nice app and simply used experience,android,[REDACTED]
97bee951-16be-41c7-876a-9bef8cd3ef92,2026-03-03,5,,"This is a very good trading application, trading is very fast and execution is very timely and withdrawal system is also very good..thanks to grow..",android,[REDACTED]
998cd75d-9951-4479-8950-9326b7abc593,2026-03-03,5,,I feel comfortable using this app.,android,[REDACTED]
9f63f94c-05eb-4a51-ab5d-e2f53cff0707,2026-03-03,5,,wonderful app. No problem faced.,android,[REDACTED]
a1c2e644-6c20-4292-ada7-aa401f20cab5,2026-03-03,4,,"I also loved this app but I think, you focus on. costumers trust and low brokerage.",android,[REDACTED]
a590859c-12cf-4092-ad95-5e1bdd485851,2026-03-03,1,,cant run with bsnl 4g since 2 days,android,[REDACTED]
a5e2de54-3a0b-4989-ab6e-3c5a3f6ad216,2026-03-03,5,,All is well from yours end.,android,[REDACTED]
a6140a8c-2cac-47d9-b87c-34a8e6151363,2026-03-03,5,,easiest user interface,android,[REDACTED]
b4f414c4-b409-4232-9138-3aad74b00d80,2026-03-03,5,,"very easy to operate, understood the price very easily.",android,[REDACTED]
b70ae453-5088-48ca-9e80-5226331ff5d2,2026-03-03,2,,slow updates fix this,android,[REDACTED]
b9ff3e06-a426-4048-8a25-35a167ba8bcc,2026-03-03,4,,very smooth and perfect ❤️ Nice 👍,android,[REDACTED]
bdf42161-273d-41d1-aa88-5a92e67f1e55,2026-03-03,5,,Easy and Best quality application,android,[REDACTED]
c410a171-0bad-4ffd-85d1-efef6ee67bac,2026-03-03,1,,"Yesterday, I installed the Groww app and began intraday trading. After buying stocks, I tried to exit my positions but faced an issue with the app. I called customer support and waited about 10 minutes. After a 43 Minute call, she was told that I needed to use a laptop to exit. I realised I would have been in a tough spot if I hadn’t had a laptop available. I also worry about what might have happened if I had invested a larger amount and faced a bigger loss while using the app.",android,[REDACTED]
c60f80db-1039-4e11-ae26-2b1ce0cf9eae,2026-03-03,5,,money grew with the Groww app only,android,[REDACTED]
c94306c1-4033-46d1-9e50-8d4c5057988c,2026-03-03,5,,very easy to use and very helpful to all new retail investors.,android,[REDACTED]
cb14b563-24be-4fb4-8e39-7cd94d72b574,2026-03-03,5,,"Groww includes Very good UI interface, News Updates, Chart analysis, Technical data of equity and much more. One of the best user-friendly application.",android,[REDACTED]
d30f6821-53fc-4f70-a8ce-6e139943b371,2026-03-03,5,,low brokerage and less complicated,android,[REDACTED]
d3fdf54e-18f2-4193-8531-16bea588d3f0,2026-03-03,5,,"Good platform to invest, safe and secure",android,[REDACTED]
dcf53024-4941-4882-b27f-283e45abd7d7,2026-03-03,4,,Read all documents carefully before investing 🤗🧐😀😃⚠️,android,[REDACTED]
e285c7e5-5b7f-423c-a52a-f9ae6ef4a836,2026-03-03,5,,The UI is very easy to use and understand. Highly recommended for the beginners and experienced.,android,[REDACTED]
e2e3c0e0-5488-4685-b8fa-a5fedec077b9,2026-03-03,5,,"Good app , on time notifiy very well work",android,[REDACTED]
e77f421f-12f8-466b-8905-8ac8f7c26844,2026-03-03,5,,"Nice experience with this app, easy to use.",android,[REDACTED]
e78c52d9-115c-4e5c-8a8f-c6fc03055355,2026-03-03,5,,Groww is a perfect platform to bright future 😊👍,android,[REDACTED]
ebe1e613-d7e5-45dc-a9b6-98d25c8d2c8a,2026-03-03,5,,Very nice aap.. Love this aap,android,[REDACTED]
ef612319-f84a-4040-adef-e8c95ea677da,2026-03-03,5,,this is the best option of trading app and very very nice and everyone trust this app and start your trading and mutual fund and secure your future plan ☺️☺️👍🏻👍🏻,android,[REDACTED]
f20437a3-50dc-488a-baa6-cc84d9d50681,2026-03-03,5,,Most relevant information is available at fingertips,android,[REDACTED]
f2c41609-a0af-4158-a09b-9b3d63245a74,2026-03-03,3,,this is useful for student to grow and but we have some technic to buy a stock at a right time. for me I think it's useful to start this trade stock market ❤️,android,[REDACTED]
f588f31b-d67a-447e-a493-b603e9c5608a,2026-03-03,5,,this aap is good but I totally lose my money 😭,android,[REDACTED]
f8298686-b7bc-4efc-a174-65df092456bb,2026-03-03,5,,foreign investment holdings madhe tress Karo please,android,[REDACTED]
025f3b40-fd8b-4ebf-a2ad-51281cb9d08a,2026-03-02,4,,good stock broking services thank you your sarvice,android,[REDACTED]
075605f9-e25c-422a-b543-6c48ade6efc1,2026-03-02,1,,"very bad , today 2 march 2025 by default intra day orders are getting selected, by default delivery should selected while buying a stock..",android,[REDACTED]
0b318b0b-d062-4f0f-b771-740e9a9599d3,2026-03-02,5,,very easy to operate. thanks groww.,android,[REDACTED]
0c773612-815f-41e4-9191-81a272512b3e,2026-03-02,5,,amazing... but maybe if they introduce crypto and other class assets it will more good ..but all over its amazing,android,[REDACTED]
10760cae-6ad6-48cc-994a-7d8607443e44,2026-03-02,5,,one of my lucky demat I have just loved it,android,[REDACTED]
199b5e10-a943-44b9-889a-644474050ed7,2026-03-02,5,,good application for saving,android,[REDACTED]
21f56f01-febe-407a-a5b3-26e4b13b3bfa,2026-03-02,5,,it's good and easy to handle,android,[REDACTED]
22582bc8-497f-4044-a29f-18d2a62cfc49,2026-03-02,5,,The most loved app by me. I want to request that you introduce basket orders as well. I am very happy that you all introduced trailing stop loss as per request. please introduce basket order as well,android,[REDACTED]
2533b4b7-79ee-4472-aa38-d280d1306662,2026-03-02,5,,but brokerage chage very high overall well exprience,android,[REDACTED]
28a9b9bb-779c-4253-9f0d-30e93e78e8b5,2026-03-02,1,,"Major technical Glitch Groww app by Illegitimate uses of GOOGLE SECURE SMS RETRIEVAL service for the purpose utilizing the sensitive SMS OTPs for confirming the purchase, modification, sale Orders placed on Groww App. Groww does gives any feature to disable it. Groww only provide account  login through email only which is very vulnerable for cyber security reason as well as  single option puts constraints on user.",android,[REDACTED]
3002d901-fccb-4519-8909-ef469c83467c,2026-03-02,1,,glitch kr diya iss app ne Mera loss ho gya capital wipe out ho gya,android,[REDACTED]
31d1416f-cc88-4966-b83d-3b133d68f674,2026-03-02,5,,good app and easy to use,android,[REDACTED]
3279e703-f941-4a0f-81ad-7cc5549c90da,2026-03-02,1,,groww are charge more than other trading app's the are charge brokerage plus external charges,android,[REDACTED]
373fa217-da2f-4c93-9e9c-26bdc1f84956,2026-03-02,1,,worst app total scam more money taking app waste waste,android,[REDACTED]
41e7349d-71e6-4279-874a-b5041f1beb8d,2026-03-02,3,,52 week current position wala feature le aao. remove kyu kiya?,android,[REDACTED]
426fa113-3f18-48db-8b11-2093629c1b35,2026-03-02,1,,"I had a very pathetic experience with Groww. Their stop-loss and target features did not work properly. I would strongly advise others not to trade with Groww based on my experience. If you are in profit and have set a 30-point target, even after the market touches that price (or comes very close, around 10 points away), the system exits the trade early. However, when you are in a loss, the stop-loss works correctly",android,[REDACTED]
4ccac3ea-d5b5-4eba-9aaf-72bccc678574,2026-03-02,3,,add one tab for stocks SIP..it's very difficult to find and modify the purchases,android,[REDACTED]
5264a770-923c-4020-91a2-a7211f4e5933,2026-03-02,5,,"Overall Nice Experience. Withdrawal System is Extremely Excellent, User experience is also Well , I suggest Best App For Traders Especially Beginners",android,[REDACTED]
53c4cf41-7d0a-4626-9a2d-0ea6390e0e63,2026-03-02,5,,"nice app ₹576,000 earning",android,[REDACTED]
58cd0578-be79-43ed-929a-ed8f9140aaac,2026-03-02,1,,very terrible experience for intra day trading if you try to exit from trading at market price they make sure you always get way lower than market price. If market price if 40.09 still they trigger the stoploss which is 40.25,android,[REDACTED]
5f5e3e96-5ffc-41f8-b24a-89f2d4240554,2026-03-02,5,,F@O Charges Tomuch Cost Please Consult to the charges,android,[REDACTED]
64969c32-e5a9-475a-a1f2-43c133ed2b53,2026-03-02,5,,sometimes hanging issue,android,[REDACTED]
69e862a8-0e4f-4ed2-ab6c-e4ede0f2cd35,2026-03-02,5,,Great platform for investment trustworthy,android,[REDACTED]
6a43a8dc-0bf7-4d0b-983b-6a20c4f1bfae,2026-03-02,4,,"Groww is a safe and legitimate platform, especially for beginners. It’s not perfect, but it’s one of the most user-friendly investment apps in India.",android,[REDACTED]
79acf66d-ff28-4774-a387-403c68e2a793,2026-03-02,4,,the app is great. it would have been better and very convenient if there is a price shown for SL and target in F&O.,android,[REDACTED]
7ae92a42-6186-4c0f-844a-a913096ae4cd,2026-03-02,5,,Mast app hai bhaiyon easy to use bhi bs intraday me brokrage thoda jada hai ₹40 for entry and exit overall best app hai,android,[REDACTED]
8c71bc18-b333-477b-b77d-2043d27ae791,2026-03-02,5,,Very nice investment application,android,[REDACTED]
91272c6e-9a91-4455-922b-a2e1bb181b0f,2026-03-02,2,,vary worst service because at time transaction was not succed,android,[REDACTED]
9592bddc-afdc-4bb2-bd36-22ad528f346c,2026-03-02,5,,"Very Nice App, Easy to understand and Easy to Purchase and Sale Funds. Add to cart option also available but while add to cart fund current status not shown.",android,[REDACTED]
9932e5d5-8af9-4871-aa42-2cfce4439a4d,2026-03-02,5,,"I love groww app life time ,thanku",android,[REDACTED]
a7d61488-69e2-43e9-9be2-50e13557c270,2026-03-02,1,,Groww is a very UNRELIABLE APP..BECAUSE I COULD NOT ADD MONEY FROM HDFC BANK..BECAUSE IT WAS TAKING ME TO GOOGLE PAY...WHY ????? FAILED TO BUY STOCKS..WHEN THE MARKET WAS DOWN.. I feel betrayed..I feel like 😪..others I guess corporates were buying..the common man has NO JUSTICE ..,android,[REDACTED]
ab26b1e7-b85a-4ed1-9b4e-74282bcf7c62,2026-03-02,1,,there are so many app who not charging any brokerage fees completely free like 1.soonya 2.flat trade 3. zerodha is the best app never go for groww my money is on hold please explain the reason. please do not install this app.it is not good.they can hold money if you buy today and sell tomarrow this is the worst thing you can not invest please don't trap in this app.,android,[REDACTED]
b4b66f47-9841-404f-8404-a2d93e4464ac,2026-03-02,1,,"fraud app.. when I ordered a stock, they added my order in a queue. because they knew share would be profitable for me.",android,[REDACTED]
b71d9de9-0a1f-469d-ba63-c4cd2e652342,2026-03-02,5,,nice facility with minimum platform charge,android,[REDACTED]
b9eb4d12-e04e-41da-90ac-17f2229cbd7c,2026-03-02,5,,so good experience 😄,android,[REDACTED]
bc2440c6-92be-4c56-a153-d244026abcc0,2026-03-02,4,,97 easy to trade for the business and its best for all the learners of the youth to have knowledge of trade skills,android,[REDACTED]
c14f1110-6c46-4d52-945c-0aa55fe3fec8,2026-03-02,3,,good for simple trading but you will stuk in adding money when you need most,android,[REDACTED]
c9594c43-3658-42ad-afe7-3798bd823e7d,2026-03-02,5,,very easy 😁 I am happy with it smooth,android,[REDACTED]
c962a792-01dd-4bba-bdb0-3003e3433677,2026-03-02,5,,easy to use simple and best investment app,android,[REDACTED]
cf93eb4f-5a03-49e7-b198-f83021bb9882,2026-03-02,1,,Worst customer support I have ever seen. They don't pick the call after waiting 7-8 mins. I am uninstalling this broker app,android,[REDACTED]
d5960ed3-3504-4cc0-ac18-cd6f394569f0,2026-03-02,5,,this app is build for traders,android,[REDACTED]
db88f4bf-8475-4658-b2a7-17f52a5077c5,2026-03-02,1,,very slow....lags a lot,android,[REDACTED]
dfb85c45-6b82-448b-8883-a49b8fb4a637,2026-03-02,5,,great and friendly UI. Overall good customer support and service,android,[REDACTED]
ec45cd0f-5a72-4df6-8367-7637821d08b1,2026-03-02,1,,bhenchodd 🤬🤬🤬🤬 1 hi month ne 15 bar update mang liya hai... exaetly total kitne update dene wale ho 1 sath batado,android,[REDACTED]
ecda28b0-9b9f-4e03-b515-8624fc848ad7,2026-03-02,5,,great app for investment,android,[REDACTED]
ee126624-d179-4838-a006-6fe3803c14f9,2026-03-02,1,,This app has an interesting UI but the problem persists with order execution. I would suggest to settle with better apps for trading and investing. This app could lead to serious financial loss.,android,[REDACTED]
ee63c350-9e10-4aee-a195-b1bf87a0d291,2026-03-02,1,,Which idiot redesigned the card style under HOLDINGS ? Does Groww dont have a good testing team? Why is the tappable area limited JUST TO THE LABEL ? WHO EVEN PUSHED THIS TO PRODUCTION?,android,[REDACTED]
efd20984-7d14-4ec5-a934-ba2645f240e8,2026-03-02,3,,trailing sl and position not showing in graph,android,[REDACTED]
f0e77949-3a32-40bc-b56d-91d1e10aa27e,2026-03-02,4,,easy and simple understood in graph method,android,[REDACTED]
f48557cf-fbfc-4bbe-9c96-35a7515f6607,2026-03-02,5,,It's the best trading platform where an investor or a trader can be updated themselves. Especially I love this feature very much.,android,[REDACTED]
f5798226-7031-418a-a095-0d559a5d02e8,2026-03-02,1,,The PCR was high but still there was loss even though it was call and the candel was going up.😡😡😡,android,[REDACTED]
01b238d4-a01f-4bc6-a890-86eb2a84b85a,2026-03-01,5,,no words to say good app for trading ❤️lol.,android,[REDACTED]
29456325-d746-4189-ae26-02914bf7221c,2026-03-01,5,,very good that's why easy processing.,android,[REDACTED]
2e47abd6-c88a-46a6-b0f7-b5a8d8eaa3c5,2026-03-01,5,,super app and very easy but,android,[REDACTED]
3a4b958a-2cd2-43c8-9ad0-da9ba31d0cc7,2026-03-01,4,,good experience and trusted app,android,[REDACTED]
3acc3909-f211-40a3-ac59-fcb7552b3c67,2026-03-01,4,,This is good for investment,android,[REDACTED]
3b93a245-1de3-493f-a0df-661ed7234400,2026-03-01,5,,best opportunity to earn money,android,[REDACTED]
495db3a7-fb8c-4148-bb89-68061d5ddd9f,2026-03-01,3,,amazing app but average traded price (ATP) of stock should also be mentioned.,android,[REDACTED]
50f55499-4cfe-43f6-b8df-d8bd9fb506c6,2026-03-01,5,,this app is verry exllent,android,[REDACTED]
56aaf747-dee9-4766-84e9-23b20e0d6e7e,2026-03-01,5,,"Groww is the best Brokerage Browser for normal and uninformed users. Top Brokerage app for beginners, amateurs.",android,[REDACTED]
5cabaeee-94cb-4337-8786-f2a234094485,2026-03-01,2,,1 have 2 years experience,android,[REDACTED]
5fd79c60-9277-405f-985c-07d5db307f99,2026-03-01,5,,Very nice app 👍🏻 Easy to use.,android,[REDACTED]
6bd335a5-62d9-476c-a04b-b266bf332c95,2026-03-01,4,,grow makes it easy to trade and understand for beginners it's UI is simple and clean brokerage I guess is little high,android,[REDACTED]
72219552-2876-463c-bb42-fd0959a0410a,2026-03-01,4,,app is good but broker charge light expensive 🫰,android,[REDACTED]
72288c41-6caf-4c1e-8eef-17da09be07b9,2026-03-01,5,,it is good working application and also provide new related to market conditions,android,[REDACTED]
7f088518-0987-4f7f-9785-85e25790fdec,2026-03-01,5,,very easy and simple platform for investment,android,[REDACTED]
7f917244-b5e1-4b11-a119-4e25c5e84b3f,2026-03-01,4,,best application for traders and investors. it's interface is very easy for users.,android,[REDACTED]
8dc183d8-07ed-4fe9-bde6-ce82679328fa,2026-03-01,5,,trading is very easy this app,android,[REDACTED]
93095723-3105-40e3-b33b-52949401e1d9,2026-03-01,1,,please add auto trailing stop loss feature or I shift my team to sahi app. please addddddddddd,android,[REDACTED]
9a52484b-5e85-48ef-8ff0-8c3d9c9d5267,2026-03-01,5,,good for fund option. and smoothly process,android,[REDACTED]
9c18d9e0-dc90-4fa1-8d01-d2e80d56e795,2026-03-01,1,,"they are silent partners in your every trade, calculations mostly incorrect and sometimes they deduct money. if you sell your holdings they also take profit from your every single trade whether it's intraday or delivery. worst customer support and chat support. I sell HCC 1007 shares in which 307 are reshares at discounted price of 12.50 and I sold them on at the price of 20.8 they even didn't give the principle amount I invested in re-shares and the remaining profit is out of universe. madarchd",android,[REDACTED]
b299afe5-0dfe-4589-ba15-1ebebd6e3349,2026-03-01,5,,I like yours screener very much because it give all information in same page.,android,[REDACTED]
d47fd018-66bd-4084-92f7-53f856f301b9,2026-03-01,1,,i withdraw and the money is all gone....this apps is a scam,android,[REDACTED]
d71183a1-4a5e-47e0-ae33-84e3d4a11093,2026-03-01,5,,Please add num of watchlist function,android,[REDACTED]
df43840d-95c8-4c1e-804f-83b38a6bd8c0,2026-03-01,5,,or better and smooth,android,[REDACTED]
e40e690c-69a0-4559-aef1-9dfe652d4060,2026-03-01,5,,easily to understand,android,[REDACTED]
fb6fc99e-cde3-4d6a-b730-5c8c0763ad9f,2026-03-01,2,,"Email alerts have typos consist ""instalment"" instead of ""Installment""",android,[REDACTED]
0a5a9e7d-b831-484b-93d7-15491bc530f5,2026-02-28,5,,Excellent platform to buy or sell stocks with minimal cost and zero bank charges to credit or debit from any bank.,android,[REDACTED]
1a975ec5-26d7-417a-8a18-ef795e4cfb88,2026-02-28,5,,best broker in the world,android,[REDACTED]
2204ebae-6904-4234-9201-73dd2958d47c,2026-02-28,1,,me ussing after 1 manth is the very bad and me redem 1042 and after 2 Day my redeem money is the 1018 income verybad 😭 😞,android,[REDACTED]
28b14a85-7ce3-4a87-9e68-c9be83c06bd0,2026-02-28,5,,nice and increase my profit,android,[REDACTED]
29e23175-e645-411c-ab2d-9d741c96eb29,2026-02-28,5,,excellent platform but OI is missing and there should be crypto trading and forex trading on groww app,android,[REDACTED]
43c4bf6e-c8ff-495b-ae24-32e1eff5b77d,2026-02-28,5,,very good aplication,android,[REDACTED]
45812c1d-76d3-4bd4-beef-25e800627a37,2026-02-28,5,,good experience in grow,android,[REDACTED]
54595935-dfae-447c-9b51-c60909da0a4d,2026-02-28,5,,every thing is okay 👍,android,[REDACTED]
59e8db3e-094a-4802-91f4-690bcc4c6789,2026-02-28,1,,customer not support kisi ki sath frod ho jaye in logo ko call nahi lag sakta grow bad,android,[REDACTED]
5a52aac1-e217-44e4-b46d-6f03d4ef640f,2026-02-28,5,,nice jobs the create the app 😁💕💕,android,[REDACTED]
5d062686-4aa0-4c7c-98ec-42a85a2e4c2e,2026-02-28,1,,chor spam auto deduct account,android,[REDACTED]
638ec24d-18dc-45c6-908c-15500ba91368,2026-02-28,1,,all wrong record reports attract customers to invest all fake,android,[REDACTED]
64ac94f3-72bb-4f27-9572-7f9cc9d98c86,2026-02-28,1,,plz provide notification Mark specific section when updated even every month update in Groww app 3rd class policy at list groww AC holder ko toh .. allotment milna hi chahiye.😡.. groww IPO apply 16 lot from 4 AC...not even single allotment given..😡.. remove capital G.. from groww name you didn't deserve that,android,[REDACTED]
668ed9a3-b9d2-42d3-8a4c-1844c285046e,2026-02-28,4,,Today on 23rd Jan 24 Facing technical Issues,android,[REDACTED]
6ecedfb4-b2ea-421a-9e2d-cf0b7476609b,2026-02-28,1,,this app selling ur data to third after installating this I m getting more spam calls like trading academy calls,android,[REDACTED]
726bc6a3-dbe4-434e-bb40-1b3dc103c55e,2026-02-28,5,,groww from share esy sell and buy thankful all retailar.,android,[REDACTED]
761ee21d-2e3a-4cba-ad74-231bba909c12,2026-02-28,5,,"best treack ,,stock holding",android,[REDACTED]
77c5e21b-a230-4d7d-98d1-13f039bfb174,2026-02-28,5,,best app for new person in investment,android,[REDACTED]
a2fbc2a7-38c6-48f1-b6da-ddebaff98392,2026-02-28,1,,"Dear Groww team I'm groww customer since 2020 , I'll many time mentioned please provide layout features in groww mobile app but after so many reminders and email , I didn't find these features so I'll decided that move on dhan mobile app . Thank you...",android,[REDACTED]
affead18-684e-447f-abf5-5e459cda419b,2026-02-28,3,,remove recent view options,android,[REDACTED]
b5d819b2-0cb8-4612-acb7-2334516a9981,2026-02-28,4,,recently changed view of gtt orders where you can't see the current market price of scrips is something I didn't like...you have to open every single gtt order placed to know what's the current price of that particular scrip is. please get back to earlier interface.,android,[REDACTED]
b9b2ef99-9f93-4e89-9b5a-7517011f09db,2026-02-28,4,,Please provide the option to turn off vibration in the app.,android,[REDACTED]
b9da71f0-e0f8-4e04-b129-282cf55e6524,2026-02-28,2,,I facing a problem sometime chart will stuck.,android,[REDACTED]
bc9318a4-b1a2-4bd3-b435-7eb6e5e5b5ab,2026-02-28,5,,veri nice app I like this app and you should try to this app I love and you try to should this,android,[REDACTED]
c87ce64e-aa7c-43d1-b2a6-f4fd437ab308,2026-02-28,5,,"Add charts from inception of the particular stock or index and Add weekly, monthly time frame also so that chart view from inception so that long term investors review this.",android,[REDACTED]
cb2b8c85-634a-4c3e-8c8f-d2b1f021e537,2026-02-28,5,,simple and easy. great job team!,android,[REDACTED]
d73c90ac-7cdd-4734-870b-1032dd560f28,2026-02-28,5,,very simple user interface,android,[REDACTED]
dd53a80d-edc3-4274-8bdd-ab49127dc926,2026-02-28,5,,The app is very easy to use and understand. KYC and account opening were completed smoothly. No issues so far.”,android,[REDACTED]
de209f6d-8e92-468d-91d9-69637166bc1f,2026-02-28,5,,nice interface user friendly,android,[REDACTED]
ec7cfb96-d348-4787-9092-8ecbc2e85c95,2026-02-28,1,,"If you want to make your account balance Zero even after making profit in option trading, then open an account on groww. useless application for option trading, scalping.",android,[REDACTED]
f1f46c25-9c51-43a3-a67a-586a1af9958d,2026-02-28,5,,BEST ONLINE PLATFROM FOR ONLINE INVESTMENT.,android,[REDACTED]
00276417-b292-4dc2-8894-8e2309517554,2026-02-27,4,,Not responding in share holding,android,[REDACTED]
01d564f4-618a-4ba8-88b8-acb0ae02db92,2026-02-27,5,,scalping mode best hai,android,[REDACTED]
023058b2-b9e1-4a6a-b1ff-58326ff500cd,2026-02-27,3,,over all very good app but broking charges on option trading it's too high,android,[REDACTED]
0306bb0e-d1ee-4236-9032-09f5ff3c6c24,2026-02-27,5,,best app for trading or investment in stocks market so easy 😜,android,[REDACTED]
03673621-196a-40c4-9b8e-9b0f23112aea,2026-02-27,1,,apps me do chart nahi deeya hai. pahle to dikhai padta tha . others apps isse charge bhee kam lete hai aur ek sath kai chart dekh sakte hai . GROWW ME AISA KYO HAI??????,android,[REDACTED]
0fa5e820-286d-496e-aebc-7d9fc681749f,2026-02-27,5,,Good app for stock investment.please reduce the fees of pledge.,android,[REDACTED]
10e74576-9f6f-4076-bbf1-699598fa93da,2026-02-27,5,,Now turned on. No experience yet. Will do later,android,[REDACTED]
18887d3e-68a3-4f04-8a90-ad495ed12012,2026-02-27,1,,it's not fast in F&O.. my suggestion kite will be better,android,[REDACTED]
1abc1af7-ccd4-4652-b7d0-8441f53bff94,2026-02-27,5,,all are good service tq,android,[REDACTED]
23ceac91-9bb0-4783-b498-788455204564,2026-02-27,1,,Very simple steps for account opening but very difficult to close/deactivate . I think so many groww user accounts are showing active because they are unable to delete. SEBI help you. Please Don't believe blindly any money related app and their rating.... Please keep records manually also to cross verify otherwise... .. ---00. Please check your present/ previous transaction timely.,android,[REDACTED]
24fac3a4-7302-453e-8b53-2b6e49a12cf2,2026-02-27,5,,the equity SIP option makes investing regularly effortless and well organized.,android,[REDACTED]
26d22f31-dd52-4b5d-898c-171f98172f2d,2026-02-27,5,,now a lot of improvement in the app,android,[REDACTED]
2743feee-cf68-4450-b50f-6e55595e630a,2026-02-27,1,,"most worthless platform with extremely high fees for small investors, minimum brokerage is ₹5 for both buying and selling shares. Worthless platform.",android,[REDACTED]
274f3ee4-09d8-4457-b7be-257903ca3e29,2026-02-27,5,,"Awesome user interface and insights, makes investing interesting",android,[REDACTED]
29ccf0cc-bb75-46b5-92a7-ce54f3a4dcc1,2026-02-27,5,,its nice app for stocks and trading,android,[REDACTED]
3269f039-6369-4980-a9a9-b927cfdcaf46,2026-02-27,1,,One of the waste app u can't place a order on time and if u have balance in wallet even though they show u can't place a order due to insufficient money,android,[REDACTED]
42939d6d-6799-40d7-9912-44b2d974193c,2026-02-27,5,,"Best candlestick charts👍, only missing is technical price scanner",android,[REDACTED]
434edf59-9bbd-476d-8052-048a6f711ffd,2026-02-27,1,,"you must address aout trailing target and stop loss which is visible on chart,show live p&l.",android,[REDACTED]
45abc53d-7561-4371-ab8a-b21e62fd4f31,2026-02-27,1,,worth apo for training,android,[REDACTED]
47e1d596-14cf-4d04-85e7-21df2d7678f3,2026-02-27,5,,Nice good groww to the most 👍👍👍👍,android,[REDACTED]
486b2b55-9594-4dfc-a707-3a5158dbfafa,2026-02-27,5,,application is Good 💯,android,[REDACTED]
4b4ab005-a77e-4f66-8567-c49b7e750aef,2026-02-27,5,,"Kindly add some new more indicators like elephant ede, Fibonacci etc and add target price , sell and buy recommendations for stocks and add paper trading features also",android,[REDACTED]
4ce5dff2-bde3-4c91-8ded-68a9b1b30238,2026-02-27,5,,safe and easy journey for your future 🙏,android,[REDACTED]
4f09432c-b424-4259-9c5d-57ac65a27210,2026-02-27,1,,very poor experience!! buy & sell orders placed delayed from the last few days but today buy order placed and it was not shown in the positions for 10 mins all my profits ended up by loss don't use groww,android,[REDACTED]
542d2693-5f13-4ee7-a758-cddba4213bdd,2026-02-27,1,,very slow app price not fluctuating on time,android,[REDACTED]
5981bbc2-9e5d-4569-931e-f627f8e45d53,2026-02-27,4,,"Your app is great! I’d like to suggest a small improvement: while reviewing GTT orders, the current market price is only visible after selecting the script and opening the popup. It would be very helpful if the market price could be displayed directly in the GTT order window, making it easier to review and quickly edit GTT orders.",android,[REDACTED]
5e6d6e60-1745-4c23-b3a8-ada52daad63e,2026-02-27,5,,very simple for everyone,android,[REDACTED]
61da45f2-a474-404c-9f1a-5d740d68aea3,2026-02-27,1,,not recommended app no Kannada language helpline app no bad app,android,[REDACTED]
68e754c5-70ba-4336-928c-270e57dea236,2026-02-27,1,,"very bad UI UX in this app, sometimes things just go unclickable",android,[REDACTED]
6a0adbbd-67c1-4829-9212-a44e05fd22a8,2026-02-27,1,,worst experience ever when I sell my trades in profit then it shows some error and my target hit at low profit and when I talk about losses then it hits suddenly.....,android,[REDACTED]
6d0cb19b-bc8c-4167-9a43-e4c606480181,2026-02-27,1,,improve your aap......... improve your services......... improve f&o page make easy.........,android,[REDACTED]
7338d38f-e962-4f56-ab9f-23c20f365e8f,2026-02-27,5,,good & smooth trade ajent but not stailing option,android,[REDACTED]
7887f023-4cad-449c-94d2-7cb3233f3a41,2026-02-27,1,,"growing app sirf hume fasane ke liye bani aap hi , share lete hi to down , per dusre k share chalte hi profit to hota hi nahi , 3 sal se paise atke hi sub red hi isse to fd jyada dedeta, or F & O to bilkul mut kerna vo hamari position k data age bhejta hi jisse bade log profit kerte hi or hum retailer humesa loss me rehte hi. or kabhi profit ho raha ho to 5 min tak server down ker deta hi jisse hum apni position kut ker k nikal na jaye . isse her bar hota hi. kyoki groww ek american app hi.",android,[REDACTED]
87c1d97b-0444-4e9c-a375-d90c6b30daa3,2026-02-27,5,,i feel this is the best platform to learn and get profit on stock market,android,[REDACTED]
888ec6e9-0427-4c09-a637-9c6d04adcc8d,2026-02-27,1,,if you r using groww for only mf don't upgrade to dmat. otherwise u will redeem your money only thg Grow. that fund's app redeem money more faster than grow. grow takes 2 day more time,android,[REDACTED]
909b0566-5305-46bf-a57f-fc71e2352b4d,2026-02-27,1,,most worst app I have ever seen they just book your loss,android,[REDACTED]
9129e88f-3a92-4ba9-89f2-42a6d364476b,2026-02-27,1,,do note use this app app main bahut glitch hai app use mt kro dusra konsa bhi broker use kro par grow use mt kro 🙏🏻🙏🏻🙏🏻,android,[REDACTED]
930c2b12-2520-41cb-9543-312605796ce0,2026-02-27,5,,good for trading app,android,[REDACTED]
9891cbe1-3174-408e-ab7b-9bcb29128d62,2026-02-27,5,,"grow is one of the best platform for bigganers to buy and sell and u can also buy digital gold very easily. it is safe and user friendly also easy to understand, i really recomend it.",android,[REDACTED]
9c5638e9-61fd-4234-b5b0-e71768c7133e,2026-02-27,1,,company helpline not supported,android,[REDACTED]
9d74f8e1-ae4f-4e48-a5fa-b0f6df5406cc,2026-02-27,2,,charges bahut hai he,android,[REDACTED]
9fa8d898-a21b-4106-aef6-1e46e9e282cd,2026-02-27,5,,thank you 🙏😊 you are super,android,[REDACTED]
aaf464d4-7f5f-4f4e-9600-9296d7c64876,2026-02-27,5,,good helping for trading,android,[REDACTED]
ab424df4-fc56-42b4-86a9-daec6bb200a7,2026-02-27,5,,It is wonderful experience with your family.,android,[REDACTED]
ac250837-75e6-42dd-96bc-e74d61ebeb9e,2026-02-27,4,,very good service on screen and very knowledgeable tips for the future thank you,android,[REDACTED]
acb3153e-d1c2-4e42-a717-aab3c04b99b1,2026-02-27,1,,I have been using groww app since 2018. I can't set quick stop loss while scalping. That's why I have started using dhan app now,android,[REDACTED]
adff0215-4249-470e-88eb-ee5ad2eaa536,2026-02-27,4,,app is very much easy to use and also very much simple. regular updates making the app more useful.,android,[REDACTED]
b106c95f-21df-42c6-bc87-f0699536dedb,2026-02-27,5,,groww is good investment app and broker and platform,android,[REDACTED]
b171ec4b-efe3-4f95-8cd1-437a874b43ff,2026-02-27,5,,this Application is very easy to use and can be uuderstood quickly,android,[REDACTED]
c4abeb1a-4f8a-4da9-abc4-6eaadbc04804,2026-02-27,5,,grow App is doing cheating with investors in the name of pledged and unpledged OF mutual fund they mentioned interest will be charged only on amount utilise and for the period but without using money they charge pledged and unpledged amount on daily basis Plus GST I have already informed to sebi and I am planning to withdraw entire fund and transfer to Paytm money,android,[REDACTED]
cd647ffe-2e43-4a2d-9608-e94768fb024a,2026-02-27,5,,very good experience and easy to understand,android,[REDACTED]
ce04ce7b-7ecf-492c-890c-99462c6cd688,2026-02-27,5,,Best app .User interface very nice 👍,android,[REDACTED]
d42acb38-187d-4742-ba14-c356c55d149a,2026-02-27,1,,"Many times the apps get hangs and does not show wheather order is excuted or not And also open position does not show order commission bahut zyada hai math khelna bhai Zindagi achchhi tarah jeeni hai to is app mein trade mat karo. Yeh free trade aur annual fees na lene ka bolkar, kam commission ka lalach deta hai. Aise hi karte-karte maine apni achchhi zindagi kharab kar li. Is app mein trade karke kuch bhi nahi milega, bhai. Kasam se.",android,[REDACTED]
d5b58dc9-dbcc-4635-8b04-708e07817e08,2026-02-27,5,,"A well-designed app with powerful features and detailed charts that make analysis smooth and efficient. The platform feels thoughtful and capable, especially for active users. I’m enjoying the experience so far and look forward to exploring more features on both the mobile and web versions. Overall, a solid and reliable app with great potential. One of the best app for befoneers - even for mutual funds, importing external investments is a very good features 👌 👍 👏",android,[REDACTED]
d9e76e3c-ab76-43f8-9fc5-5f2d56314259,2026-02-27,1,,losss don't waste time in stock market,android,[REDACTED]
da50602c-4fdf-41b6-8823-c0bd8282d45a,2026-02-27,5,,very nice and outstanding service.,android,[REDACTED]
dc93f5f9-fa34-4d37-b07c-2d5787a2c48f,2026-02-27,5,,Very grateful apps . User friendly .,android,[REDACTED]
e5a6b086-237c-4f84-8585-5541a0abc231,2026-02-27,1,,taxes are cutting more waste app,android,[REDACTED]
e6507975-d627-48ad-9313-64fc16e555f8,2026-02-27,2,,its totally useless to pledge our share because they allow only future or intrady and also pay charges if there is way we can do swing or delivery its good,android,[REDACTED]
e85d416e-d59b-4eff-ab75-e3c3c95bfab7,2026-02-27,1,,"not showing reasondly trends, not working while selecting some times",android,[REDACTED]
eeae1f37-b898-45d7-883c-408b00ebf48a,2026-02-27,3,,It is a very simple facility.,android,[REDACTED]
f28ecc4e-8468-4415-825f-0e3388797692,2026-02-27,1,,Trying to sell & it says update your application. My app is already updated. Scam app. No issues while buying but when its time to sell it creates all sorts of troubles.,android,[REDACTED]
f4334c43-db35-469a-a690-20da611d6e50,2026-02-27,5,,very useful very nice,android,[REDACTED]
fabdbee5-61dc-468f-b2cd-0983c34c09f3,2026-02-27,5,,"Great platform for beginners, easy interface, low charges, smooth transactions, and reliable investment options. Highly recommended for long-term investors.",android,[REDACTED]
ff2c3db2-dda8-4be4-bf10-cdac0edcf799,2026-02-27,1,,very bad app this is online pirate that's not have grow you app ka name hai groww bss ye grow hi ni karne deti,android,[REDACTED]
00338acd-4cd1-4a41-8df3-fe4e2256d5be,2026-02-26,3,,Need more foreign countries index funds it's currently limited now in the app,android,[REDACTED]
05a583ba-09bf-4efe-85a5-82578b95b8a4,2026-02-26,1,,App is very slow noob devloper.... everytime changing interface and thinking app become fast .... 😀,android,[REDACTED]
0ce6be7f-ac30-4ce3-a5e4-e964f3570847,2026-02-26,2,,"please add option daily, weekly sip in mutual funds",android,[REDACTED]
14e679ea-b9e6-47af-89e9-e52703986784,2026-02-26,1,,worst app ever don't use it I sold share's of 1700 rs and recieve 1600 in account 100 rs deducted as brokrage and other charges 6-7% of total amount as charges are so huge these things happen everytime I sold share's my personal opinion is to not use this app must switch for any another app disgusting application ever That huge amount of charges make your profit in minus amount,android,[REDACTED]
1b0c1b3c-b9f2-49a4-9510-a7f517b17d36,2026-02-26,1,,Many times I see digital manipulation at this place during exit profit convert in to loss.,android,[REDACTED]
1b1f317b-e987-48af-85b7-2b5f53bf8d77,2026-02-26,5,,very good platform for trading 👍👍,android,[REDACTED]
20189098-69f6-4566-9d44-825008126a56,2026-02-26,5,,expect more than better,android,[REDACTED]
249bd6a7-3ddf-4197-a8f8-95d86bbe89ff,2026-02-26,5,,it's good for beginners and easy to understand the all stoke and mutual funds IPOs and thank you to groww,android,[REDACTED]
25ee1412-8306-46ee-ad39-4d876b697f36,2026-02-26,4,,excellent features .only thing is option buying we cannot buy on chart by putting limit like Stoploss and target.We have to buy at market price.pls enable limit in chart.,android,[REDACTED]
295ba985-84e5-45d8-9c81-0cae9b7ba2d8,2026-02-26,5,,very good platform. very happy,android,[REDACTED]
2e6d5ec7-3101-4393-b01e-994db47ece3b,2026-02-26,5,,Good informative Trading app,android,[REDACTED]
2fc89f2c-b0f2-4e24-98f5-5dff8fab9aaa,2026-02-26,3,,May I know why the monthly total amount is removed in the transaction history page?,android,[REDACTED]
3105b1f5-c9cf-411a-bc7a-4b39f076633d,2026-02-26,5,,Best app for beginners who interested in stocking because its interface is very easy and accurate for understanding anythig of stock Market,android,[REDACTED]
3293dd69-2444-44b1-b229-daceee0b7ee6,2026-02-26,5,,it's good to know about the stock market analysis 😃,android,[REDACTED]
353fd0d8-4bcd-46b9-8221-b2a287abfff9,2026-02-26,5,,no other apps like this,android,[REDACTED]
35e3fdc8-97ff-41fd-8948-786c7b608479,2026-02-26,1,,there is no warning or what so ever it directly obtains all your pan and bank info without your consent..which isn't appropriate,android,[REDACTED]
3a49a4e0-299b-4430-bd47-31a09be57fd5,2026-02-26,1,,"all share are not available on groww....which available on angel one, upstox, paytm money....,..how to check I am using jenuin app or not....or is there any chanses app fraud....as now day anything will happen",android,[REDACTED]
3aaf596b-c588-455a-a29f-fb34b7c40b63,2026-02-26,5,,no font change options...app letters not bright,android,[REDACTED]
43b980b3-3a85-45cd-aae6-5507f6434d25,2026-02-26,4,,i love the part where general information for example in section of bonds there is clear explanation of what is bonds. But the automation(stop loss and target trade especially in intraday) confuses a lot,android,[REDACTED]
54e7f990-6934-4c1c-8517-0704f78cede2,2026-02-26,4,,this app is super but that charges in quite should be less,android,[REDACTED]
56abc45f-1825-4eb6-aeb8-2ec40945d556,2026-02-26,5,,it's a very nice app for marketing & investments...,android,[REDACTED]
61a83934-4e03-4e36-9fbb-1e86202fbec8,2026-02-26,1,,broken charge very high,android,[REDACTED]
662d0145-ae80-465e-bea7-4d6d17737a37,2026-02-26,4,,plz update how rent my stock plz update sblm facility in app,android,[REDACTED]
6772a619-4caf-45a1-949f-a0aa01efe922,2026-02-26,4,,outstanding trading platform.,android,[REDACTED]
67c5a269-6650-43c7-930d-406c5a4007f2,2026-02-26,5,,good performance👍 👍👍👍👍👍👍🙏,android,[REDACTED]
6826a90d-ebc3-4e61-a5c7-aa260d6c7cf5,2026-02-26,5,,good but please make charges simple,android,[REDACTED]
6933ed59-d3dc-43ec-89cb-7402295bafa3,2026-02-26,5,,very Good application and ckyc completely other finance,android,[REDACTED]
6ba6d2ab-6b8a-492a-a3b8-8bc9de1b1619,2026-02-26,5,,If the value of investment has risen to 100rs from 10000to 10100 then how could i transact that money ..t Either to bank account or to any other,android,[REDACTED]
6f87a8de-36f2-4210-9039-0c03d7fdcccf,2026-02-26,5,,usefrindly and good app to stock,android,[REDACTED]
713e0bbe-872d-487f-9af1-c9effdcc3b87,2026-02-26,1,,very bad 😞😞😞 bohut luta,android,[REDACTED]
77c77dea-0488-4fd0-b52c-125fc0ea247e,2026-02-26,1,,It is very expensive no work Just a waste of money I am not 😔,android,[REDACTED]
8380de84-fbe2-4870-b1be-7597cec3377f,2026-02-26,3,,kindly provide more filter in screener like other availables screener.,android,[REDACTED]
8675b2a1-fc80-416f-be3f-2153c8434eee,2026-02-26,2,,New update was actually not required. this ran the app on downsides.,android,[REDACTED]
87bd7901-ddf7-45f8-9405-c1836bf2cf2b,2026-02-26,1,,"I really don't know, why ur app show update on the time of trading. really disgusting. automatically it becomes slow. sometimes trade index chart freeze. i bought new phone and always update the apps. but the only ur app always create problem.",android,[REDACTED]
89d0629a-63cb-4a64-8744-fb7b7595e98c,2026-02-26,5,,good user friendly app,android,[REDACTED]
9000c6f9-08bf-4bc8-9836-8c7c7dccc5ad,2026-02-26,5,,It is difficult to change the trailing stoploss like this. I want to use it in a simple way like what is available in Angel One.,android,[REDACTED]
9112d6e5-fc13-4b64-b560-10c194b85842,2026-02-26,5,,the Great platform with easy user interface to access it👍🏼,android,[REDACTED]
a3314d1b-9c23-4b3b-9384-1c1232775c32,2026-02-26,5,,good but brokerage charges too much 👍,android,[REDACTED]
a8149971-e7b9-4945-9759-50aa6f679e80,2026-02-26,4,,please add stop limit order function,android,[REDACTED]
ae30fb2d-c7aa-4eeb-9f6e-1332fe4d9cbf,2026-02-26,4,,i don't know about it I'm new client,android,[REDACTED]
b0e8f280-c1f0-4b63-8f41-758208c044aa,2026-02-26,5,,really good app for mf,android,[REDACTED]
b593bf08-3261-4003-adfe-fd02c65f6177,2026-02-26,1,,it hangs all the time,android,[REDACTED]
bff85fe9-ffae-43e1-bc41-1731474babca,2026-02-26,5,,very good app to start journey of investment easy to operate,android,[REDACTED]
c1429a1a-817f-46b1-8b92-4825b0c2a280,2026-02-26,1,,"VERY INCONVENIENT!. All mutual fund purchases will be in demat format by default. Major inconvenience is there is no SWP option for damat. If you want to keep money in one liquid fund and purchase different MFs through SIP, you cannot automate by SWP and SIP combination. STP from One AMC to another AMC also NOT possible as other apps provide this. If you want SWP you have opt for SOA option before investing. To opt out of demat to SOA, I have to send physical documents their office in Bangalore.",android,[REDACTED]
c15f30af-5795-44c8-958c-b2fc5082a194,2026-02-26,1,,"Brokerage Charges are Very High when you place an order in MTF, brokerage calculated on maximum % there is no upper limit, same time if you buy order in delivery they will charge maximum brokerage is 20 rs only.",android,[REDACTED]
c2b41972-1b3e-40ba-ad39-805a65089723,2026-02-26,1,,It takes too much time to update the payment. such sluggish response in payment processing which is main key part of trading,android,[REDACTED]
c88ab07a-5aab-41ee-ad92-9e740b6f6fad,2026-02-26,3,,"brokerage charges are very high, sometimes orders are placed lately. And this app runs outdated features, no trailing stop loss option.Im planning to shift another apps.",android,[REDACTED]
ccca8119-5a8a-4080-86f0-171b29f6720e,2026-02-26,5,,build your life Groww,android,[REDACTED]
cf82910f-7d06-464f-b06a-f55105a527f8,2026-02-26,5,,"very good and friendly, reliable",android,[REDACTED]
d0c8082c-d4a9-4a1f-ab5a-7ad498c70b67,2026-02-26,5,,good for everything I like this app for its simplicity and efficient use for trading stocks and most importantly mutual funds thank you for this great app,android,[REDACTED]
d3803243-6892-44ec-b8de-6738699e22eb,2026-02-26,1,,"Fraud app. If u call the customer care then u can't reach them. Even after waiting 30 min , no one responded.They don't reply u also worst app. Application crashes every time. Fraud application. Dear new customers don't open an account on Groww.",android,[REDACTED]
d5bd5943-3bb8-49bb-a192-7b6dc1210ee2,2026-02-26,5,,easy to use without experiance,android,[REDACTED]
dfec6e22-6dc6-404a-a151-9ac9390680f0,2026-02-26,5,,best experience of grow,android,[REDACTED]
e693bb7d-8f94-4f1e-a06b-cc361ad64413,2026-02-26,1,,"brokerage is soo high, shifting to zerodha",android,[REDACTED]
e6b414f3-9eaa-4ac4-b97b-f0d73550ad0f,2026-02-26,1,,i lost my all the money please do not install it 😭🙏,android,[REDACTED]
e7d19edc-4203-4a89-b3f0-846468981ffd,2026-02-26,5,,very nice app to trading,android,[REDACTED]
eabbedbd-c296-41e8-9981-0f19ae537cf3,2026-02-26,5,,nice platform but brockrage very high please reduce Rs. 20 to 10 rs only per order,android,[REDACTED]
f0a804d7-5def-4460-a831-505d9a7f9e4d,2026-02-26,1,,"Worst expierence in Trading when i put my order my order did not shown in the screen due to which loss occured worst app , App dosn't work properly be careful traders when you place order in Groww",android,[REDACTED]
f445caf2-1874-411b-8bcf-a23d39bf7674,2026-02-26,5,,"best apps for beginers, but please update and add indicator much more. i hope its still better in future...please",android,[REDACTED]
f4fd130b-79cf-42a8-a317-2d1045a28f68,2026-02-26,1,,pathetic calculation and very high brokrage..,android,[REDACTED]
fa09d8f6-4a9c-48c0-8b2c-775a1d9dde85,2026-02-26,1,,"at start it's looks perfect but now it's looks like scam to me, invested 5-6 different stocks all showing always loss and as I taking I money back they charging 30-40 rs at 4000rs stocks as it's already in loss also charging that much😡",android,[REDACTED]
fba74409-2db7-4d4f-9ec3-b8395242da86,2026-02-26,4,,why there is no facility of trading in currency.,android,[REDACTED]
050f1381-4b16-4cd2-8adb-0cf5d677ee87,2026-02-25,1,,"Very bad service, my amount is deducted, and invested amount showing wrong. also not supporting customer care.",android,[REDACTED]
05338695-f973-4453-8ee2-030cb2efd419,2026-02-25,5,,Good and more best app,android,[REDACTED]
06772e61-5961-4263-8919-c2fe8e8911b4,2026-02-25,1,,charges are too high,android,[REDACTED]
1be17db6-f07a-4db3-af75-9a1a04846166,2026-02-25,1,,intraday wala future Sahi Nahin Hai ismein why wala Sahi kijiye ismein Ek lot do lot wala system Jaise engine one Mein future hai aise hi feature Rahane chahie apps ke,android,[REDACTED]
1ce7d1e3-00e1-4041-a25c-c51322a5d1c2,2026-02-25,1,,all are fake fraud are in market shows different practical different,android,[REDACTED]
2e62e79e-4981-4e71-928c-21fc0eb24b3c,2026-02-25,3,,"Dear Grow Team, I didnt like the UI interface it's very difficult to know portfolio details and profit loss details share charges details as compared to other share brokers Need to be inhance",android,[REDACTED]
3328ac94-1e9f-4f2e-8cfd-d1c11f90c87b,2026-02-25,5,,Best way of invest but Charge more then Other Apps,android,[REDACTED]
33684950-49f7-4c74-859a-de997062a7a4,2026-02-25,1,,worst application for trading I made orders again and again but they cancelled with no specific reason and when i called they cut the call without renovating my issue worst customer service provided by groww 👎,android,[REDACTED]
39e2dc19-76bd-47cc-9be6-0ed6d9960e05,2026-02-25,1,,very poor service in Universe,android,[REDACTED]
39eb7c7a-6294-4076-955f-95cac4b623b6,2026-02-25,5,,"very easy to operate, prescise data and safe and user friendly, Thanks to Groww team",android,[REDACTED]
404541e2-f701-43cf-ae4b-5b12880a7333,2026-02-25,1,,"they don't provide enough tools to do TA,one of my favourite broker, now giving worst experience",android,[REDACTED]
4207a69b-f955-4de0-ae07-dec6db467216,2026-02-25,5,,good app for summarising all portfolio in one place,android,[REDACTED]
5ac1d9e7-37a0-442b-ad63-55e7e5a676fb,2026-02-25,1,,lower down ur brokerage charges for future and option. now ur profitable company don't waste money of trader,android,[REDACTED]
5ed19181-e755-448a-b3f0-d893b100a972,2026-02-25,5,,very good and very app thank you,android,[REDACTED]
5f5b9135-218a-4d30-b522-66fc1331f340,2026-02-25,5,,very easy and very simple,android,[REDACTED]
60394038-c002-4b65-88ca-15de02c8ac37,2026-02-25,1,,bakwas app don't use always lacking and not exactly sl work,android,[REDACTED]
6182e073-642e-4d84-a33a-bdd429481fd7,2026-02-25,1,,wrost app the fraud with new demat account holder if you place any buy order on market place then the show your purchase on very high rate if you are new then the and you place any buy order in many lots they convert into many purchase and sale order it's impact the charges many times from us in only one order secondary if you exit from any your purchase order by press exit then they again show sale order in down price in have record if any one need i request to sebi please stick action on this,android,[REDACTED]
624fc13c-c814-4d4c-a4bc-47184a8f92ce,2026-02-25,1,,very worst customer support.. please don't use this rubbish App,android,[REDACTED]
6a1186bb-311f-48df-9b44-b0aedb04f9f2,2026-02-25,2,,everytime required update,android,[REDACTED]
6ef8106d-04b2-4243-8c9e-066e72d403d2,2026-02-25,5,,"This platform leads the market with a premier interface and unrivaled data depth. Groww is an excellent choice for investors who prioritize high-quality information and a sophisticated layout. While the app includes robust security steps to verify trades and detailed visual tools, it remains a top-tier tool for those seeking a data-rich experience. Its comprehensive design ensures users have access to every detail needed for thorough market analysis and long-term investment planning. ✅👍👍",android,[REDACTED]
6fb9e422-074b-4ef3-bb3a-5eb4906eefea,2026-02-25,4,,good app but F&o charges is very high,android,[REDACTED]
74f9ffa9-d3be-4870-affe-bd53a8eb3c65,2026-02-25,5,,good app. But some more features and reports to be added/upgraded. for ex. stock name to be given in the report of balance stt.,android,[REDACTED]
751038a6-b0b3-4d72-bb9b-77f105c43e50,2026-02-25,1,,"worst customer service and worst management system this app fraud my account balance 7,28,000 fraud kardiya don't trust this app and paid reviews I'm following Jan 28 from 2026 but no one responds perfectly",android,[REDACTED]
78b4bf0e-4741-4ffa-823e-d64fc2566f6c,2026-02-25,1,,please provide all the indicator n open interest profile in scalper mode . indicator is very limited. n volume n vwap should work like dhammm app,android,[REDACTED]
7a2ae493-aa09-45cd-8986-abc85805c4f7,2026-02-25,3,,share purchase charges high,android,[REDACTED]
7a5b394b-7f19-4160-b191-e84c122251b1,2026-02-25,1,,Very very worst Oi and Oi cheg not show and not support wors,android,[REDACTED]
7e178f76-0074-47cd-ba8b-304a5fd06a9e,2026-02-25,5,,Considered a trustworthy platform by many users,android,[REDACTED]
8b15e7ee-8418-4f0e-a01f-41137e311619,2026-02-25,1,,it's cheater app. taking 75rs on every buy+sale .0.2% extra charges,android,[REDACTED]
8e90f6b2-37e2-4202-9b58-e882a34a3743,2026-02-25,1,,this is froud app froud service please no insttal this app Mera 10000 rs ka withdraw nhi hua froud app froud app froud app froud app froud app ye 1 star ke layak bhi nhi,android,[REDACTED]
92874555-c567-4674-b008-09b2c12cffc8,2026-02-25,3,,the app has a glitch on multiple location I have faced and issue of an order not getting executed ultimately getting into our losses which the company does not pay back to us and The reason from the executive is given that the app is not updated this sounds very silly illogical irrelevant to the issue of order execution,android,[REDACTED]
9331fda0-72d7-49e4-aaa9-8524a3e0cda9,2026-02-25,3,,"Moderate to good app. good for long term holding. bad for intraday trading / margin trading. they are still the slower than the big competitors (like big banks). I would have given 5 stars if there was an option to increase the font size in the app. it should be customisable. the fonts are for ants, not for human eyes.",android,[REDACTED]
96fd2531-b3cc-451d-86c0-dd19566b8d72,2026-02-25,5,,very friendly app ...im invest happy,android,[REDACTED]
a2b1268a-3faa-46d4-8503-d7df4cd37a09,2026-02-25,1,,"who ever want to do interday trading, please don't do in this app it's not good at all, if you want to lose money,you can try this app!",android,[REDACTED]
a7a8dd5d-8d8f-4480-ac8f-d384ef32ea38,2026-02-25,5,,good service all service publicly fight all friend good service enjoy the cell,android,[REDACTED]
a8a1b1e2-f6b5-4581-aab1-49a6744725a6,2026-02-25,5,,It is the best for my life.,android,[REDACTED]
ae54e5fa-d80d-4d82-aa3a-709609609afa,2026-02-25,1,,not giving me any option to delete my account trying for months now,android,[REDACTED]
ae860ec3-7a3c-479f-aca4-93c158706e48,2026-02-25,5,,"thanks you grow bhut jaldi order placed ho jate h aur km payment bhi hum call put jayda ki buy kar skte h apke isme loan suvidha bhi bhut acchi h ...... please ............................ ........................................................................ ................................................................................ .............................,..................... ............................................ ...............................",android,[REDACTED]
af928a03-9685-43a9-a056-2eb2caec5484,2026-02-25,3,,"i agree that groww has smooth ui, but there is no gtt order option in mtf, too much high charges, this make unhappy",android,[REDACTED]
b2a75943-48c8-4f42-a254-25649762325b,2026-02-25,2,,brokarage charges to high it's take to High charges for buying saling please low the charges for for new learners and for new youth,android,[REDACTED]
b30ddaf6-4898-4fa2-b29c-1e4771d40a4c,2026-02-25,1,,it's a scam in the pledge they will scam daily they will take the deposit if it's negative ...,android,[REDACTED]
bcaa015f-f266-4c36-8fa8-54a3de94a74a,2026-02-25,5,,This is a great app for trading.,android,[REDACTED]
c74879de-c4c4-482d-ab9c-15a573d5f168,2026-02-25,5,,chan application ahe,android,[REDACTED]
c7a71471-05ef-475f-b2ed-c81545c76643,2026-02-25,1,,call put chart in one screen,android,[REDACTED]
d1c947f9-227b-4a4f-902a-b9a56181d6b0,2026-02-25,1,,target price notifications are showing delay,android,[REDACTED]
d47ee9fe-c49d-4d64-a4a9-23c87fdeff07,2026-02-25,5,,"Nice App , Using from 2021",android,[REDACTED]
d7689d51-c736-4e09-ba1c-ef0ab0bf9182,2026-02-25,4,,"Hello groww, Do you not have any plans for US stocks to add again? if you don't, atleast add saudi stocks(tadawul) in groww, its just requesting btw😊❤️",android,[REDACTED]
d966a909-55e2-477a-a627-41c95ee81fdd,2026-02-25,5,,please add multiple time frame charts,android,[REDACTED]
dc9ceb97-c7a8-4490-b2c0-d82d017e4ab2,2026-02-25,1,,"very bad costumer support and very slow Oder process , no time money withdrawal",android,[REDACTED]
eb888d17-7d88-4185-81f4-b261b608b413,2026-02-25,5,,excellent investment app and easy to use.,android,[REDACTED]
ed78044f-3c38-481b-8e60-1d5ec83161f9,2026-02-25,5,,good app good trust 👍,android,[REDACTED]
f26ae635-fab5-4da2-9cc4-7711c00d3402,2026-02-25,2,,not working... multiple taps to open a share under holdings.,android,[REDACTED]
f64c624a-ca82-4b42-8b7e-f9cc01d7c69e,2026-02-25,5,,really is good app and get win money apportunity for you,android,[REDACTED]
077c72f4-19ca-4c4d-9af6-3da36a77b174,2026-02-24,5,,User Friendly For New Investors But some stools need to add,android,[REDACTED]
07ef17b4-eff0-434d-86d1-c6854a4aab7c,2026-02-24,5,,Great App... for now that is.,android,[REDACTED]
0b386251-a996-47d6-94c9-a8fd4e76202a,2026-02-24,1,,Always making it too late for withdrawal. When it's an emergency we are unable to draw that amount. Fix it soon,android,[REDACTED]
0c6c9499-35fa-45e2-923c-275d77972b85,2026-02-24,5,,very helpful to grow,android,[REDACTED]
109d61c0-0625-48b1-bc81-47ea743b3a7c,2026-02-24,5,,Very good and convenient app,android,[REDACTED]
114596b8-6389-441e-954a-a1c4889f9546,2026-02-24,5,,nice service best app in the trading,android,[REDACTED]
12e3d5ae-a9c6-4747-adbc-4401cd911b14,2026-02-24,5,,Everything is ok although the withdrawal system is not too fast otherwise it's a fantastic trading app 💞💞,android,[REDACTED]
1f988ec0-3ecf-473b-9609-7e8eedf0b9b4,2026-02-24,5,,it's amezing platform for trading,android,[REDACTED]
2946f091-354c-4701-b350-2137c66716a4,2026-02-24,5,,best option & share buy sell esliye quick onder please time update,android,[REDACTED]
2d45187e-95d6-4c5d-b9e8-17ab67cf58c7,2026-02-24,3,,Hi Myself Deepika Pandit I am facing issue while creating account. There is this last step that says proceed to eSign no matter how many times I clicked on it tge only response that I hot was try again later . I am stucked in that page for past 2 days . I also deleted the app and re-download it but no progress. I don't know what to do now . I hope that you go through this issue of mine and help me to resolve it . Thank you,android,[REDACTED]
37db5d43-5e45-47ac-a95f-508fabb98857,2026-02-24,1,,brokerage is very high,android,[REDACTED]
396e2660-e514-49f9-a411-7f94e6870783,2026-02-24,5,,good and easy to operate,android,[REDACTED]
3d9d80ff-772e-4e37-877e-a3306ef4c46d,2026-02-24,5,,It's a good app for traders,android,[REDACTED]
420c5be5-6bdb-4694-ba2b-ec4ff0cabe2a,2026-02-24,5,,Nice app but build for beginners,android,[REDACTED]
48d70c30-75d6-488b-aa26-c07c493c5465,2026-02-24,4,,"app is very good, please add option to change the expiry date in scalper mode.",android,[REDACTED]
4f12bf09-3d22-4b00-b9d3-7a159a35eb06,2026-02-24,5,,app is Slow performence Cart Open Is Slow,android,[REDACTED]
59eb84fc-c305-4a4b-84e3-6c46c31c99b1,2026-02-24,1,,this is the spam website,android,[REDACTED]
5ae3b481-1810-4dcd-b09b-9f0ad3ddd148,2026-02-24,5,,"Nice, keep it up and keep it simple,,best in compared to other stock apps",android,[REDACTED]
642a5e23-eeb4-4a48-b966-b30d52430b63,2026-02-24,5,,Quite friendly and easily accessible.,android,[REDACTED]
67e08a58-8ced-4d1c-b76f-ccaffe394a11,2026-02-24,5,,"good app, all market and mutual fund at on place",android,[REDACTED]
6c71451f-0f99-4635-bc53-e6dea1546ea1,2026-02-24,1,,"charges are more ,don't use MTF taking more charges",android,[REDACTED]
70131ff4-48b6-4694-a654-7f272009ed54,2026-02-24,5,,Excellent quality and performance based.,android,[REDACTED]
75eff744-4783-45b0-b8d7-dae6d51c20a9,2026-02-24,5,,Ashutosh thanks for guidance and prompt service. resolved my query thanks a lot,android,[REDACTED]
818812ae-d939-4b70-8c89-98db1885646e,2026-02-24,1,,"customer care service is also very very poor, ivr talking 15 minutes, never contact on call with customer care",android,[REDACTED]
828d1895-ded3-403f-b1eb-05e1e0caef10,2026-02-24,1,,worst application for option trading..square off open positions in FnO section without client permission just for there brokerage...and 0 response from customer care team... useless app with useless customer support 0*... BIG BIG fraud application,android,[REDACTED]
8417bbb2-4814-45c1-b8cc-06f49f85d384,2026-02-24,1,,"2 days plus amount and 3rd day total loss , waste app , I loss 2lakh nearly, plz don't play ,save your time and money",android,[REDACTED]
84aa13f9-b93a-47b8-a8d9-eca669530df0,2026-02-24,3,,the problem is with the intraday trading and nse and bse units it taking to much time for a withdrawal,android,[REDACTED]
90a63f91-f1d2-49e9-862a-b4db2c6947d9,2026-02-24,5,,too much confidential and user friendly app,android,[REDACTED]
96b2b986-344d-4e52-b816-64705c825c26,2026-02-24,5,,Good Sarvice from Groww app,android,[REDACTED]
9fc0e4bb-404d-47f8-8b5d-1e2ac7dc4250,2026-02-24,5,,"it is interesting and fully doubted that whenever (precisely every time) I book the profit on reflecting the amount/share price, I never got the same. unspecified profit and loss always book in favour of GROWW.",android,[REDACTED]
a70ba5d3-41c8-4fdb-a7ec-418538c333ba,2026-02-24,5,,Super easy to use. I just hope it is there for the long run..,android,[REDACTED]
a764d913-e3d1-4494-9066-6f19686c994d,2026-02-24,2,,nice apps highest brokage don't download this app,android,[REDACTED]
a8523797-6091-441f-86cc-cdfd5437949f,2026-02-24,5,,BILKUL SMOOTH APP HH NO LAG ISSUE,android,[REDACTED]
a910da07-ad5e-425a-bc32-f61241cccd76,2026-02-24,4,,user Friendly very Nice,android,[REDACTED]
ac36b9fe-f079-49e6-8e49-881b278e92a2,2026-02-24,5,,very good app I enjoyed service,android,[REDACTED]
b2367c4e-480d-4ea9-9a46-8c9e08ca60e4,2026-02-24,2,,bad coustomer care service,android,[REDACTED]
b2ba654f-c97f-4ac2-860f-851a5a856f64,2026-02-24,2,,I hate You Groww Apke Pehele ke Application Ka Interface Bhot Acha Tha But 2026 Ke Interface Kafi Cheep Or Wahiyat Hai Trade Karne ko Maan He nhi Karta 😒😔,android,[REDACTED]
b47bf634-b18c-4716-9e2e-aa3d8579fd65,2026-02-24,4,,All the basic features are useful. The one thing I miss is the custom portfolio split for mutual funds similar to stocks. I want to categorise and see how my funds are performing. If this is added then it's a wholesome package. This would allow me to bring all my funds into groww and use this as my only investment app.,android,[REDACTED]
bc10f360-eb2d-404a-8015-bc7457ee7e8e,2026-02-24,1,,worst app whenever you take some trades it will suck your all capital...why..groww...traders are treated as fools by groww...hell with such faulty app,android,[REDACTED]
c469e455-497b-46e7-b60e-6dc1c03b5bf0,2026-02-24,5,,Excellent update !! now SL & Tgt both available at Buy order. Very nice app for Detailed Stock Analysis,android,[REDACTED]
cf4d2d1d-0ceb-4b75-852d-df0a0e2460af,2026-02-24,5,,best application in investment and trading 👌 👍 🙌 👏 😀 😉,android,[REDACTED]
e2357dc5-c3bf-4d59-9263-ea931310e18a,2026-02-24,5,,I Like interface which make me fun has a beginner 😅,android,[REDACTED]
e6ef371b-1a98-4d7e-ba51-10ff9ea43f48,2026-02-24,1,,"This is fake , I will not say much but the service and security of show remains as per other applications. i want to rate -1🙂",android,[REDACTED]
e72a842f-64f6-470e-a177-00e247a44cb6,2026-02-24,2,,very high brokerage and stop loss triling is not available,android,[REDACTED]
e8dde089-be58-444a-9bdd-b4363b06604d,2026-02-24,1,,groww shared my mobile number to give tips giving cheap institutes for extra money,android,[REDACTED]
e9eb9164-fd18-4b38-8cb9-7e155cd44864,2026-02-24,5,,"Brokerage fees are too high. please consider it, and make it reasonable.Please start SWP option on app.",android,[REDACTED]
ea7444ba-2da9-4bd1-bb58-debcb1fa00a0,2026-02-24,4,,nice and smooth app with good interface.,android,[REDACTED]
ee557cde-6118-4284-b3a1-aff584098899,2026-02-24,1,,"Don't download this app ,, it is charging very high amount than any other apps on Play Store . I am using it from a long time but I noticed now when I used kotak security app which is the best to trade , investment and intraday . Plz friends don't use it otherwise you will make rich to this app only not yourself,, kitna v profit kr lena 50% se jada charge grow le lega ,, isliye zerodha pr kro investment Krna h to. thank you 🙏",android,[REDACTED]
ef3ac159-8ad3-4000-b806-65b76480165b,2026-02-24,5,,it's a very good 👍 apps,android,[REDACTED]
069fe7cd-f6c5-4398-9e0d-ad1411b1277c,2026-02-23,5,,Very good processing in all field,android,[REDACTED]
09eb1a91-ee57-47cd-8b55-aefe23d105b0,2026-02-23,5,,vrey good experience with Groww,android,[REDACTED]
0ab47b4b-5e79-4c2d-accd-f8f6a74a99d0,2026-02-23,4,,why Don't groww provide Volume candles in Groww app please update and provide Volume candles in Groww app too,android,[REDACTED]
0de60a9c-4d55-4af2-a77f-6b010159a769,2026-02-23,1,,pathetic not trust worthy I had started sip and it was deducted from the account every month but the transaction are getting reverse every month without notifying to me. The challenge was there were 2 transactions with same amount for sip and it takes 4 months for me to identify but groww didn't update me ever.,android,[REDACTED]
0e45bad4-6923-472f-a7f2-66e42daf0507,2026-02-23,5,,User friendly application to check out and invest in various financial assets.,android,[REDACTED]
20f35e8d-bccd-4f92-90f8-38caf0951ce8,2026-02-23,1,,Groww Broker Chareges is Heavy. Fallo like M Stock,android,[REDACTED]
25800598-601c-4cf4-9b80-b18a2f6fba1c,2026-02-23,1,,"we're just tax paying on this grow app.. lol there's not profit only paying just taxes, gst, cst, etc...",android,[REDACTED]
266c6bd7-cd36-48c3-9355-be0d68de5173,2026-02-23,5,,👍 good application 💯,android,[REDACTED]
28e5c9b4-c70a-475c-9f15-bfbd30f90b5b,2026-02-23,1,,grow or market mila huya he....sab scam chal raha hai.... don't you use grow...,android,[REDACTED]
2baf77ea-ea5e-49e0-9e1d-321405a23285,2026-02-23,5,,Please do something on brokerage charges.......adjust a little bit it would be helpful.....rest all fine 👍,android,[REDACTED]
2eeea6f5-8ff5-4c99-a234-808a2e384196,2026-02-23,1,,zerodha better charging money for brokerage while buying also and selling also bad aap money hungry app.,android,[REDACTED]
30894bbe-a6e7-41cf-8ef2-f849cf2a430f,2026-02-23,5,,very nice this application,android,[REDACTED]
3478163b-62fe-4fdf-896b-87cbaf07ac0c,2026-02-23,5,,"it's very helpful app, I Recvested all of you please download this app",android,[REDACTED]
38a15c31-79b6-42f2-aa42-9d6e85b4c32f,2026-02-23,5,,it's a very good application,android,[REDACTED]
390d49af-c21e-44bd-95ea-81f14e3e78d4,2026-02-23,5,,very useful financial apps,android,[REDACTED]
3da24b83-ee16-4cb8-be7b-ecfe8e705af8,2026-02-23,1,,payment issue everytime guys Don't use this app,android,[REDACTED]
3ed7addd-292d-4eb5-8e1f-b0d05e3ac12b,2026-02-23,5,,Love the experience But can u introduce in edit short with date of investment it can be helpful in knowing the actual growth of mutual fund,android,[REDACTED]
4f14f4f8-31e2-4c8f-86f8-5dc9f7829847,2026-02-23,5,,sabse best hain grow 👌🥰,android,[REDACTED]
5187f7fe-b431-47cd-a429-23174deb4d80,2026-02-23,5,,very very safe and secure app I like it,android,[REDACTED]
5b3ecae8-0630-44f2-bcad-2689f250e028,2026-02-23,5,,best option of savings,android,[REDACTED]
5d4b5dd0-5702-4ec8-83f2-456afd8ef313,2026-02-23,5,,notification is out standings & handle easy,android,[REDACTED]
5ee7a8aa-71d7-4c6b-8d3c-08664baa186f,2026-02-23,5,,best app for life changer,android,[REDACTED]
6b3f4723-4ace-42e5-87e4-64417a53ff8c,2026-02-23,4,,Good app but needs some improvement feature wise take example from zerodha,android,[REDACTED]
796f00cd-b5ed-445b-af7c-11e93b99343e,2026-02-23,5,,the app is verry nice 😊😊😊😊🥰🥰🥰,android,[REDACTED]
7b702c30-506b-4dd2-a0af-c57d465e10bc,2026-02-23,5,,any suggestions for current market status which is best,android,[REDACTED]
7fe5fa6a-57f3-4a10-af00-0364d0ede5dc,2026-02-23,1,,At least offer guest login so people can review interface before sign up. 2 years past but no action my suggestion.,android,[REDACTED]
838313e1-1aec-4e01-bb02-58159f5976f4,2026-02-23,5,,"Good in service, trusted for future investment",android,[REDACTED]
8da0cf4c-46d4-4987-9644-6891d3a162dc,2026-02-23,1,,so many ads in you please stop this I am not able to watch any of my youtube video because of your ads,android,[REDACTED]
9433399c-dc03-4a4b-b192-9c9a64a1613c,2026-02-23,5,,awesome groww with life,android,[REDACTED]
948afed3-fc2d-45d2-804f-24f16a679549,2026-02-23,4,,"like this app, but the recent update has messed it up. The option to go to the stock page from holdings is not working properly. Please rectify it.",android,[REDACTED]
9e66095a-1132-4055-bcbf-1d7f2ad1ceb3,2026-02-23,1,,this app charges are very high . never open account with grow. ye app trader ko kha jata hai. aap kabhi ismein pesa nahi bana sakte,android,[REDACTED]
a5c22fd2-fa8a-4ec1-a4fb-e35416a6ae81,2026-02-23,5,,It's a better app comparison to others for trading.,android,[REDACTED]
abc21b29-e7da-45eb-9832-801877374e9f,2026-02-23,1,,on of the worst trading app.. don't go with numbers.. worst app h ye..and long term investment k liye aur b worst.... redeem krte waqt ye apko itta ghumainge....! go for better options,android,[REDACTED]
b22a2eb4-6f54-4212-96da-cab970deda7c,2026-02-23,5,,nice user interface.... easy to use,android,[REDACTED]
b5f0db30-1bc0-4f21-9ed2-9db2c0d03cbf,2026-02-23,4,,1. app should add profit and loss calender there is data on orders but no direct trade details that you made this much profit and this much charges like that🤔 for self record and learning purpose from trades you should add for all segments 2.volume and vwap indicator not seen on charts even after applying on indices such as nifty sensex Banknifty,android,[REDACTED]
b6fc25ea-b2f4-4171-8bb3-f965e980191c,2026-02-23,5,,It is a very good app,android,[REDACTED]
c782ce2a-2fae-47ba-9039-67f832f4b201,2026-02-23,4,,good applicatio investment in india,android,[REDACTED]
cc34ed42-6197-468f-8be4-eca1977a64c7,2026-02-23,5,,it's very good and easy app,android,[REDACTED]
cef6debd-bcea-4639-a443-00d7076271eb,2026-02-23,5,,"excellent one of the best platforms for beginners , user-friendly interface for trading and investment.",android,[REDACTED]
d172b454-c511-4064-95a1-4f535d611543,2026-02-23,5,,good app good interface,android,[REDACTED]
dba5dc82-8d52-4dd8-b736-5dfbe055349e,2026-02-23,2,,global market do not update in time.. it is always delayed in grow...whereas if you see money control you can find correct live global market. this is not good for fno traders,android,[REDACTED]
ebc524d0-a81d-4d42-9bac-b2a3435fbdb9,2026-02-23,5,,excellent app. but please add Stop loss option for mtf share also....,android,[REDACTED]
f99e67b4-422d-42c7-97a8-572cd124c168,2026-02-23,4,,we should invest with the Groww app. This app is trustworthy.,android,[REDACTED]
fc97447c-6aff-4ec8-8dec-e729ec607a66,2026-02-23,5,,excellent aap ..fast instant in every aspect,android,[REDACTED]
fdb550e1-1bdc-4bb7-9c38-1e795e702342,2026-02-23,4,,Facing some issue while opening the share from holding while clicking on > to open please sort this issue as need to four to five times press to open it,android,[REDACTED]
13100446-f1ae-4e02-9e8f-4ecb316ab71b,2026-02-22,4,,Happy to use but buying and selling charges are very high,android,[REDACTED]
2a5b6b5c-efcc-4d21-9ff6-0c92539f14ab,2026-02-22,5,,NICE APP INDIAN MARKET 🇮🇳 BEST OPTION. INTRADAY 👍🏻,android,[REDACTED]
301db97c-e5a5-4695-955d-8ec8f0b02eaa,2026-02-22,4,,how to upload pic here... everyday gtt order price placed is showing and in side shows its executed even it's not.. not showing market price ... please improve....Please provide how many times ipo subscribed ...,android,[REDACTED]
35c82bcd-c664-438b-9676-34fed7d829a8,2026-02-22,1,,Brokerage charges are very high on groww when you place an order in MTF.,android,[REDACTED]
3932567a-1998-4187-93be-ad134dfe9a85,2026-02-22,5,,detto will you think. And the future is divine 🙏.now what do you want to me I have already given you so many appreciated 💘,android,[REDACTED]
4b99ec4e-bd41-48db-935a-d245417b34d1,2026-02-22,5,,The mobile app is very simple and user friendly.,android,[REDACTED]
56abeb7b-ad0a-4cfe-8886-496d73aeea26,2026-02-22,1,,I have started option trading firstly I make 4000 profit on capital of 8000 but after I added 75000 I suffered huge loss of 28000 for recovery of this I again do option trading but I lose another 10000 I realised that if Market is bullish and I buy call option then immediately it becomes bearish Vice versa... I have buy 12 shares for 820 of bank of maharashtra and after 15 days I sale all but amount is neither credited to my demat account not saving account it's [REDACTED] app please don't go for it,android,[REDACTED]
58dc8d37-620a-4de4-ae8a-71782ef01816,2026-02-22,1,,the tax and brokerage is too high,android,[REDACTED]
657d1255-40d2-4a53-8012-36d6faa59204,2026-02-22,5,,"best app for investment, easy to use",android,[REDACTED]
6932e165-03da-454a-8bf1-20422b299cc2,2026-02-22,1,,this an froud app it's take my 300 rupees and sad you not pay us,android,[REDACTED]
6ece60ce-2525-4ed4-b1cc-a9670c01ce4f,2026-02-22,5,,really good service provides from grow 👌,android,[REDACTED]
6f91932f-30b5-4fe6-a4d9-2cde53fe7704,2026-02-22,5,,super app for invester but I think the brokerage is to more,android,[REDACTED]
775445df-b6de-474a-91cd-c958efcf0379,2026-02-22,4,,"All good but please add one feature where we can move watchlist favorite funds up & down as per our convenience. like multi cap together, large cap together.",android,[REDACTED]
952ee97d-4d7a-4038-ae2f-14f525d806c6,2026-02-22,5,,i want to see oi on both chart of option price and index. this option chain is too big so update old option chain,android,[REDACTED]
9f11fb86-1895-48cc-9655-94bd3696da9a,2026-02-22,5,,good... easy to use..,android,[REDACTED]
a690e1fe-e93c-4bea-83a4-b291c898d84c,2026-02-22,1,,groww is taking 20rs. per order so many apps are not taking brokerage like 1. flat trade 2.shoonya these are good app for expert zerodha,android,[REDACTED]
a901a00c-784d-4a60-a79b-713ac9446e2a,2026-02-22,3,,option chain me open intrest change ka bhi add karna chahiye tha upstox app me hai feature...,android,[REDACTED]
bbeea877-0e56-4897-aabc-743f4b90ac2b,2026-02-22,2,,It is better than other apps but high brokerage fees and small investors are not still there.,android,[REDACTED]
c0df0415-acd0-4148-a509-134cc875e654,2026-02-22,1,,"deserve one star,customer wants to process everything online but this app lacks online re kyc unlike other platforms. If a person is comfortable then only offline re kyc process should be done else online.Not going to recommend my circle.The maker should pay heed to our grievances.",android,[REDACTED]
c927dc40-7694-4449-b9a9-238e9db1c7ec,2026-02-22,5,,I love this app 😘 very much because I like it very much and it is very easy to use.,android,[REDACTED]
d193734a-0232-4fc0-b115-2c4dc2bc7ce3,2026-02-22,5,,bast for muchal fands app,android,[REDACTED]
d3e1cc49-b242-4090-b191-023a9401ad2b,2026-02-22,2,,chart very basic and good but brokerage charges very high 40rup buy sell and very high dp charge,android,[REDACTED]
d71c4a5f-1f6a-4ad1-92ed-02aa9c368b3e,2026-02-22,5,,easy and fast with reliability,android,[REDACTED]
e6a74a42-744e-449d-b291-97b3ab014f04,2026-02-22,5,,one of the best trading app,android,[REDACTED]
e7b4ad57-c98a-4156-a026-ffcc37a9910a,2026-02-22,5,,"Very simple and easy to use. Has all the information required for trading smoothly. Yet I need some other options. 1. To use rectangle properly, add the middle line. 2. In top down analysis I use higher time frame to mark the key zones. To refine it I need smaller time frame where I find difficult in grow app, for It just provides past three months history only. Every thing else is fine.",android,[REDACTED]
f0c9b9f9-38c9-440e-b2f7-524ce0436587,2026-02-22,5,,costly brokerage charge,android,[REDACTED]
037e471d-d60e-4436-b051-8d25407f61d5,2026-02-21,5,,please update your app premium me slop loss or tp ka option ho to quick trade kar sakte hai,android,[REDACTED]
0c8e7cf9-498d-47c4-9cc9-2d53d7c079db,2026-02-21,5,,Good app working condition,android,[REDACTED]
0d91d949-9eb0-4966-84a0-de2c91bb6105,2026-02-21,1,,"The worst investment experience ever, creating a Demat account took over a week and now my investment in processing since a week. tbh i did not expect such poor experience from an app which has such high ratings.",android,[REDACTED]
25996d08-cddf-4869-baa6-2bb3c1de4851,2026-02-21,5,,this app is very great and very fast to take action much better than other apps It is easy to learn beginner,android,[REDACTED]
351870e1-00ac-42a8-a16a-92f0e696cf78,2026-02-21,5,,nice app for trading i m happy,android,[REDACTED]
3a4146e1-5ccd-4dec-bbb0-4e6ca6df3f15,2026-02-21,5,,account chenge ki bhi subhidha online groww duraa ki jaye,android,[REDACTED]
3b29f8f1-0795-4976-9562-485f6de37bfa,2026-02-21,1,,I am doing S.I.P in mutual fund through this app from last 4 years.. but today I shifted my SIP from Grow to Zerotha... because they changed my SIP to SoA to Demet without my proper knowledge... Such decisions decrease trust of the platform...,android,[REDACTED]
4df03ede-29a5-4401-abb7-73efcf43118a,2026-02-21,1,,"unsatisfied with the wrong averaging system. I purchased 5 units of a stock at 700, then again purchased 5 units of a stock at 550. So my invested value was 6250. And I sold 5 units at 570. My invested value should've been 3400 but it is showing 2845. Such bad calculation will lead investors to a loss.",android,[REDACTED]
5165ee8c-58ec-4553-880b-64af2f4d05f3,2026-02-21,5,,good app esey to all fuction I think all app to beter,android,[REDACTED]
5cce6ec6-f1f6-4f86-8b35-42d07e54425b,2026-02-21,5,,best app for trading. easy to use,android,[REDACTED]
6bfb04ef-b5f9-43e1-836f-b0aa441b99ce,2026-02-21,5,,best app with good cute service,android,[REDACTED]
70c78a35-bd25-48b3-a845-13fe12f8e0d6,2026-02-21,1,,Pathetic customer care service.,android,[REDACTED]
82c60c4c-d62d-4043-98b5-53845489cd9e,2026-02-21,5,,"Very easy to use this application.. Groww is not just an app, it is a gateway to financial growth. ❤️💚",android,[REDACTED]
8dd1bf2f-75b8-4e80-94ec-291a88ea5403,2026-02-21,5,,best customer support,android,[REDACTED]
95a497dc-680b-4eac-ae03-bedee7761002,2026-02-21,5,,user friendly and efficient,android,[REDACTED]
98c31611-4929-4a31-a4d2-947d3b8eded6,2026-02-21,5,,"Hassle free,reliable and secure . Grow on Groww, it's possible 👍",android,[REDACTED]
b6ce91af-ca44-4f03-87c0-2aae08643ab9,2026-02-21,5,,best app good business process,android,[REDACTED]
bdbe7b59-21d5-4f04-9bdb-4b261cf83dab,2026-02-21,1,,brokerage charges very high,android,[REDACTED]
be7e77d6-50cb-4911-a741-db3698af2efe,2026-02-21,4,,"really good app with great potential ,id recommend everyone should use it.Only one problem,pls fix certain PnL updating issues ,the PnL in the commodities section doesn't update per candle stick closure or ends up updating only every 5-10 mins ,pls fix ,overall 4/5 ,ima continue w this app for years moving forward",android,[REDACTED]
c1b52530-0588-4289-b549-b72373e8e0e1,2026-02-21,1,,most irritating on seeing this,android,[REDACTED]
c612faee-d686-401a-91c9-8098dec85076,2026-02-21,5,,this app is oxm iam everyday making 3lakh a day in stock market,android,[REDACTED]
c7c106e3-d9a6-467e-8aaa-1903a2c9630e,2026-02-21,5,,very good feature in grow app,android,[REDACTED]
c8a42ace-6770-4ce5-87a7-976bf84b95ac,2026-02-21,5,,Best use this application,android,[REDACTED]
c8c99980-84de-457d-a613-98e5de5736a5,2026-02-21,1,,"After completing a trade, the balance does not update immediately. Sometimes it shows a huge negative balance in many lakhs, due to which I am unable to place another trade instantly. Because of this delay and incorrect balance display, I have faced losses. The app should improve real-time balance updates and margin calculations, especially for option trading.",android,[REDACTED]
d7588c60-d508-4093-8264-ed78367af5bf,2026-02-21,5,,"I'm used Lot of trading And investing Application like, ICICI securities, hdfc securities, kotak neo, Angel one, Fyers, Paytm Money, & Upstox But Grow is Superbb Application for trading and Investment with Proper data, No any hidden charges deducted from my account and work like a premium and smooth Grow Dark mode UI is fantastic....",android,[REDACTED]
da43b053-4c90-474d-a7e0-af749ba64bb0,2026-02-21,5,,very good 💯💯💯 service and important massage share,android,[REDACTED]
f9cf1146-94b7-47f6-8190-829f04fb1d17,2026-02-21,5,,excellence for trading 👍,android,[REDACTED]
fb2662c9-47a6-41a1-aa7b-ab9ed1862e4f,2026-02-21,5,,It is best app and broker for trading and investing. Easy to use,android,[REDACTED]
ffaa3a64-6ab5-477e-8ebf-baf3966c623c,2026-02-21,5,,Now the app is perfect after introducing of Technical information...,android,[REDACTED]
0397e091-682f-4c67-9317-270eb7a54f32,2026-02-20,3,,"Hello groww team listen carefully, I have to open the app more 100 times in a day, and your app feature ""first enter pin/pattern then open"" is my wasting my lot of time. Please make it optional. Edit : I'll switch with upstockx - it is my final decision, my community is also using upstock",android,[REDACTED]
04ade48c-d62f-4ed4-8814-95d298d7b110,2026-02-20,5,,best way to Share market,android,[REDACTED]
04f36864-0a60-4d33-a194-1193904f77cf,2026-02-20,2,,"in IPO page, not showing recenlty listed ipo option",android,[REDACTED]
074f3a3f-4234-4272-b1e2-87265ecfbd9f,2026-02-20,5,,"It is a very good platform for beginners, easy to understand and handle",android,[REDACTED]
07f36fbc-a93d-4ed3-81d5-be05cf89f194,2026-02-20,5,,as per previous account it is good enough,android,[REDACTED]
0ab65f11-c694-4c99-8b20-a0123644a360,2026-02-20,5,,"I think the groww app is much better than other apps, it's helpful and easy to handle. My request you all maintain our trust.",android,[REDACTED]
0ac40a94-623f-4bff-beed-3cf5c9256bc6,2026-02-20,1,,Very poor service and no customer support properly they will cheat people never trust on grow I will give -1000% Very bad experience .. no one download this app they will cheated,android,[REDACTED]
0b88dd70-fc29-4cdd-8d3e-16bb8ff1533a,2026-02-20,2,,grow apps best the trading,android,[REDACTED]
0bbb0995-9a31-4fc2-8dca-78efcbd18658,2026-02-20,5,,gud app easy to use gud features,android,[REDACTED]
0d9122ea-3621-4183-939e-564fa48fcb8d,2026-02-20,5,,very good to track mutual funds,android,[REDACTED]
11f0b15d-abcf-4420-8ed6-e70482fe7827,2026-02-20,5,,nice but activity kaha se dekhe,android,[REDACTED]
1302097b-0e8c-4b89-9639-2bb0499e3ead,2026-02-20,5,,great investment application,android,[REDACTED]
14552ad1-6e98-43df-b4d4-5758bfdaece7,2026-02-20,1,,my opinion the app is fraud @ we not withdraw our money in time @,android,[REDACTED]
177b7389-c94f-453c-a0c0-197f0acc8eb2,2026-02-20,5,,good app more efficient and reliable,android,[REDACTED]
1a996fc3-a6d3-4bd4-87cb-2966e1fdb89b,2026-02-20,5,,Very positive experience,android,[REDACTED]
1c65e167-4ca8-47cc-8ca9-035af389d4d2,2026-02-20,5,,A great app with good enough features,android,[REDACTED]
22c112cb-648e-4397-8cfc-8daed9b1ef1b,2026-02-20,3,,commission are too high,android,[REDACTED]
23aa31c1-714f-41d3-8f93-e87ad1949a62,2026-02-20,5,,Great user experience,android,[REDACTED]
23e4791b-3456-483b-a290-89bd88ecf577,2026-02-20,1,,"The app in general is fine, but the reason for this review is the pointless click-bait type notification. The ones I'm referring to are those that tell me there has been some significant movement in a stock I browsed recently, but doesn't mention how it has moved. I should be able to know if I may have to take an action based on that notification alone. This is a finance app, so show the seriousness it deserves. I'm not going to make a random transaction just because I was made to open the app.",android,[REDACTED]
24594ffe-9b24-4a9d-906a-2e8733a2cd5f,2026-02-20,5,,"Perfect app for beginners, amature, pro investers ,traders etc , easy going, up to date, and simple meaning of every terms of share market and mutual funds.",android,[REDACTED]
25e3d4e9-d42e-4346-9bca-550d7ce32f8d,2026-02-20,5,,investing in groww is very easy,android,[REDACTED]
30c8cf96-f25b-485a-827b-cd600bba5b7d,2026-02-20,1,,"I was about to take the app 5 star but recently I explored it's brilliant feature which is now groww will charge you to update your personal information 😱🙄 like why? I just went to check my personal detail and click on edit my email ID then I got the pop-up saying ""A MODIFICATION FEE IS REQUIRED TO EDIT YOUR PERSONAL DETAIL"" This was shocking to me. And I am thinking not to use groww thank you for your support.",android,[REDACTED]
30dd029e-4a99-4366-9a12-ef22e5faa9ed,2026-02-20,2,,this is not good please do not play it because it is continous lossing money every day !!!!,android,[REDACTED]
398c1fa8-127c-4633-8ed9-19be0d434aad,2026-02-20,1,,"this app is pathetic in costumer support, 20 minutes hold and no answer of any service person is insane",android,[REDACTED]
39a8778d-6633-472f-9645-4308237161ef,2026-02-20,5,,its a supber plateform for investment and trading.,android,[REDACTED]
43cc970b-ec59-4774-8c13-e0f0239cd999,2026-02-20,5,,Easy to use. Best app for trading.,android,[REDACTED]
47002c80-f32d-41e9-8046-1648fd6ce498,2026-02-20,5,,most updated and easy app,android,[REDACTED]
48bf5d07-fc0e-447f-bfca-53a481b3bbee,2026-02-20,3,,More broking fees not worth it,android,[REDACTED]
4c439d52-fa67-46ad-ab25-38175df648df,2026-02-20,4,,charges thode jyada hai,android,[REDACTED]
4d57d309-a816-437d-9fbb-2d0df9766106,2026-02-20,1,,very bad app extra charge le raha ha bhot jayda charge ha,android,[REDACTED]
569da497-1fcd-45b4-97b3-54b475ca1c74,2026-02-20,5,,help service is good,android,[REDACTED]
5b4cbeb9-aac2-4d3f-bbb3-5eb4342a2f1d,2026-02-20,2,,im to much loss money 💰,android,[REDACTED]
5d4defc1-acdc-4e00-a1c6-be494d6b95b0,2026-02-20,1,,very bad show onboarding process interface and service charges is High.,android,[REDACTED]
5fa64b13-da81-4f71-b068-a8cd6333f4b6,2026-02-20,5,,you give option to bond trading in secondary market,android,[REDACTED]
6219851c-45b6-4b3b-8767-05b4c05d85ab,2026-02-20,5,,"very easy to operate, getting all investment on single platform",android,[REDACTED]
65311fcb-945d-4831-953e-c65e69e0a2f6,2026-02-20,5,,very good performance,android,[REDACTED]
74581656-09e0-43c5-8740-c7e3cb2b7ba5,2026-02-20,4,,groww good but some time is not running smoothly during the trade punch some issues are their but overall good broker,android,[REDACTED]
7691ed4d-f828-4297-a7bb-c8b1ddc99b5b,2026-02-20,5,,very nice app for beginners and easy to use for investment . I am using this app last 3 years.,android,[REDACTED]
7b0c4125-d237-489e-b08c-e3fad2e151f7,2026-02-20,4,,its pretty good untill now,android,[REDACTED]
801d6d3d-9f8b-4f95-833f-d627cf934b1e,2026-02-20,5,,improve your user interface,android,[REDACTED]
82487668-93e7-45f3-8058-a0903ab03916,2026-02-20,4,,👍 awesome..reliable and trustworthy.,android,[REDACTED]
8289dae3-2ce3-4713-8715-6915bec88ac8,2026-02-20,1,,These apps are not genuine Please mind Before installing they never show you real charges on any transaction they will hide .,android,[REDACTED]
85de6442-c1ef-48c7-8826-54c257580326,2026-02-20,4,,grow is a very good beginner friendly application to start your investment journey.,android,[REDACTED]
85f0ea4f-7f4f-4495-bcf1-7ce76db30f96,2026-02-20,1,,"dishonest broker, traps your money transfered only after 2 to 3 days ultimately they are making intrest of our money",android,[REDACTED]
87611b07-7697-47db-991e-0158dbad9de6,2026-02-20,5,,Groww app is very comfortable and easy access to stock and mutual fund,android,[REDACTED]
886481ac-dae5-4648-854c-ac0251dd633d,2026-02-20,1,,very very worst app server is not stable trading history is not day by day.,android,[REDACTED]
88fe5254-61a4-4006-af33-8585a984fb1e,2026-02-20,5,,The best app for me i use groww from 2018 i try several like 5paisa icici direct angelone upstock and many more but I choose groww because of clean Ui and graphics,android,[REDACTED]
8c556f67-4662-41a0-be21-b050973bfd62,2026-02-20,4,,plz tp sl in both scalper and normal mode along with default lot size,android,[REDACTED]
8f8c30e7-b65e-405c-a925-10f87c35a49d,2026-02-20,1,,"totally gambling, cheating, no proper response. I lost money by exiting when I got profit of 3lakh plus amount but got 62k negative amount after exited. if ask groww no proper response, cheating. people don't do trading it's gambling only. when we are getting profit they are applying many rules and reject orders, even after market falling or raising our strike price won't increase it'll decrease only. but contrast strike will go down double when market is down or up. totally gambling.",android,[REDACTED]
9248870b-b06f-4064-b786-f0bcf14b7bf2,2026-02-20,1,,sometimes stuck profit not calculated on real time .. everyday problem,android,[REDACTED]
92b22822-2e88-4826-8b50-ad150a95657a,2026-02-20,5,,it's good and user friendly,android,[REDACTED]
93c56b90-4563-47c2-906e-a52ba0574547,2026-02-20,1,,"I suggest adding an automatic Stop Loss and Target feature in the Scalper Mode, similar to other trading platforms, so that both are placed immediately with the order.""",android,[REDACTED]
997915d7-2559-4569-b884-2bb3991faea0,2026-02-20,5,,Very Easy to Use this app for buying stocks and generate SIP,android,[REDACTED]
99eff6d2-9454-4182-9f71-f373313508ba,2026-02-20,1,,"poor customer service, time wast, money investment waste",android,[REDACTED]
a557daba-8a48-4585-b65c-0b1ffd1f80b1,2026-02-20,5,,Nice now u can give me Groww Tshirt as gift 😂,android,[REDACTED]
a6c01df2-3f76-4b03-a03a-3e2be9649bc6,2026-02-20,1,,all data shared to FII and opraters if u bought any stocks on groww u will make loss,android,[REDACTED]
a735b637-812e-4a6d-aa96-e40441d70ccb,2026-02-20,1,,"Dear Grow team, I am waiting for your response. its showing this app is not compatible with device. please check & resolved the issue immediately I unable to use the grow app. please check the issue & take corrective action & remove the restrictions",android,[REDACTED]
aaf82727-f6de-41d0-b158-b2fc051582af,2026-02-20,5,,GUGLICIOUS PLATEFORM TO INVEST.🙏,android,[REDACTED]
ab289e35-1b86-4a19-852e-4ba0b1bc7b3e,2026-02-20,5,,The best app for mutual fund investment.,android,[REDACTED]
afcf1a21-203a-4311-979d-8dad4d7afd01,2026-02-20,4,,After installation of latest update grafs in Holding section of stock are not showing. Please rectify the glitch.,android,[REDACTED]
b4dadeac-9a40-484e-9bdc-2ddd2946ea44,2026-02-20,5,,esay to use very good,android,[REDACTED]
b6b0fa2f-87d2-4e2b-b75e-2e7507408aaa,2026-02-20,1,,"this app not for option trader, service is very poor,useless",android,[REDACTED]
b8fc823b-7158-407c-a87f-ef3e73c8361e,2026-02-20,5,,user friendly and easy to use,android,[REDACTED]
b921a96b-ae7c-4852-9c16-801e09ba09e5,2026-02-20,1,,my experiance the app is fraud @@,android,[REDACTED]
bf3cf2a1-a91b-4abf-85f5-1d4f48c7a097,2026-02-20,5,,this app is too good,android,[REDACTED]
c722f004-aa0c-4d9e-99b9-5407c9cde681,2026-02-20,5,,very good grow app .i suggested,android,[REDACTED]
cc320e42-4d07-4a07-9076-b38cbbc3f09e,2026-02-20,5,,very fast and secure app,android,[REDACTED]
cd340a33-6449-480f-9e17-ebbd9e22eada,2026-02-20,1,,the money i use for stock after closing the stock they keep my money for the day and I can't withdraw That's the reason I don't like it and i will not use it it,android,[REDACTED]
d1f4d60c-f7ee-4037-93c4-eeb2bf7f00ad,2026-02-20,5,,bad experience I was given this 1 star to this aplication because of the to late response very very bad aplication please don't do trading with this aplication,android,[REDACTED]
d39e3db6-715d-4e22-8b4a-4ecb9e0475fe,2026-02-20,5,,"Reliable with stored information, easy to reached, good experience in the app",android,[REDACTED]
d3d28747-57b2-4c6b-a1ee-de9b76c9a39a,2026-02-20,1,,"In total earnings of 90₹ i ended up paying 350₹ as charges, please explain what kind of extra hidden charges you are applying.",android,[REDACTED]
d4eef081-efb2-43c0-ab7b-0d2a4494c24f,2026-02-20,5,,good app but charges are high,android,[REDACTED]
d59b840a-98e3-4d44-90c4-3f32f7f8e0b7,2026-02-20,5,,excellent easy operating,android,[REDACTED]
d86ee853-e781-4d83-ac09-5d2c425d0052,2026-02-20,5,,"It's amazing and overall good at this point 👉, you can start with it if you are a beginner",android,[REDACTED]
d9bcb62a-8fa8-4e43-86fd-68b3e79123d0,2026-02-20,5,,"I'm the one using groww since last 5yrs,I rated 1 ⭐ before2 yrs,I was using third party applications for checking break out mkt news volumes etc..but latest version of groww is really nice and most of the things available here..now I deleted third party applications and trusted on groww my investment in groww is as it it as last 5 yrs never shifted..Groww is really 💗 Growing.After the latest updates.. amazing to see new features about stocks technicals and many more,like 2rate 10 if possible 👏",android,[REDACTED]
da996568-6a26-4c23-86ed-517c21892078,2026-02-20,5,,osm n one of the best app in trading...,android,[REDACTED]
dd9c10bd-09d6-4374-a649-7a1730a29e7e,2026-02-20,1,,"⛔⛔⛔Please don't invest your money with this app..... ⛔⛔⛔⛔ I downloaded the Groww app for trading and deposited Rs 500 Via bank Transfer on 16.02.3026 I executed a single buy trade which I closed at a loss of only Rs 2. However, When I attempted to withdraw my remaining funds, my account balance was immediately manipulated to show minus Rs 221. I attempted to contact their customer support but there has been no response.",android,[REDACTED]
df8ba8f6-cb3e-444a-9080-cf296e877604,2026-02-20,1,,"3rd grade application, worst service, customer service takes more time to give reply. Not useful application.👎👎👎",android,[REDACTED]
e18fd6b9-f915-4c37-9d63-43be5d30c18d,2026-02-20,5,,groww contacting process make easy.when we want to be connect to groww team.not response groww team.plz focus my request...,android,[REDACTED]
e2ef9a35-5d49-4746-93dc-09f82ac51008,2026-02-20,5,,it's good for all investors,android,[REDACTED]
e714d2c5-1ccb-4b66-8e03-fda965a5bfb4,2026-02-20,5,,Excellent and easy handling 👌,android,[REDACTED]
e8301215-d6d7-40e6-8d48-5b2e4e56b911,2026-02-20,5,,charges kam kre company,android,[REDACTED]
ea3b98d3-d529-4af4-8582-77cdbf64b31e,2026-02-20,3,,please add an option for trailing stop loss,android,[REDACTED]
ece4ce34-e454-4f04-9c57-6821ee7f8124,2026-02-20,5,,nice app for trading easy interface,android,[REDACTED]
ecf9ebcf-44d2-425f-ae46-e8a7ea9d460c,2026-02-20,5,,Easy to Invest. Transparent transactions. Quick Support.,android,[REDACTED]
ef84f20f-8843-4046-b3c0-b1920f5a9658,2026-02-20,1,,most useless application every time showing ads and if i used any other application in my one and only adhar in this application not available in grow .. sabse bakwas faltu application.. pta nhi hamare information technology. And state communication waale kya kar hai saare sarkari officers. jo ye fltu application india me chal rha hi ... #rti #cybercell#froud#cyber#data#missuse #UID# Sabse balwas faltu application.. even every Time captures and saves my personal data please see #TCOID,android,[REDACTED]
f0ca39ae-1a7e-4907-ab6b-169bcaf4a4e5,2026-02-20,5,,Easy n simple Interface !,android,[REDACTED]
f71a7992-2066-4b47-9dc7-c6a0cf91d1d5,2026-02-20,5,,Mozammil Hussain good,android,[REDACTED]
f9c4ddf4-bdd6-4666-87f0-2a829069455c,2026-02-20,1,,redeemed fund amount is not credited since 20days. don't trust this app. no customer support,android,[REDACTED]
fa0be8df-51e0-45fc-b69d-2068f0f143b9,2026-02-20,4,,"Groww is simple and clean, but one important feature is missing — a dedicated Price Alerts Dashboard. Right now, price alert notifications are mixed with all other notifications. If a user sets multiple alerts across different stocks or ETFs, there is no single place to view, manage, edit, or review all active and triggered alerts together. This makes tracking difficult, especially for active investors. Please consider adding: • A separate Price Alerts section/dashboard",android,[REDACTED]
ffa5aef6-5e1a-431e-a236-6a9b3718354b,2026-02-20,5,,Easy interface and good analytics making the app prefered app for trading. Regards!,android,[REDACTED]
010ce584-854e-4f87-97db-c6f7c66136fb,2026-02-19,1,,Never Ever go for this app pricing a share or Automatic exit this app will ruin you and your hard earned money......Worst app for investment,android,[REDACTED]
01a2107b-3fd6-4ba7-a62f-2e82f0199922,2026-02-19,5,,nice plateform for investment,android,[REDACTED]
01d4a7a1-0f25-47a8-8bd1-ee7f3b8b9068,2026-02-19,5,,Overall experience is outstanding,android,[REDACTED]
01dd6b34-1439-4ce7-84ea-627f60161436,2026-02-19,5,,"Good application for investing, user friendly and easy-to-use.",android,[REDACTED]
02cb7582-aff2-4d41-bf5e-3990c21fe1b2,2026-02-19,5,,"Groww app is safe and fast, comfortable for mobile trade",android,[REDACTED]
03032464-7676-4236-88b3-bc50743a3e2d,2026-02-19,5,,One of the best stock market broker in india,android,[REDACTED]
0321d6dc-81fa-4da1-8b7a-350dc2891c46,2026-02-19,5,,very simple to understand I love it..,android,[REDACTED]
04647b0a-3d46-42db-a3b9-d1550c05cdbd,2026-02-19,5,,I am very happy with thier service 😊,android,[REDACTED]
059ecd83-9663-4e0c-b378-e9de0b023c14,2026-02-19,5,,This is wonderful growth and very good 😊,android,[REDACTED]
05cad642-69a9-4423-9ee3-772a0c1724d4,2026-02-19,5,,nice app very helpful 👌,android,[REDACTED]
07c0f855-e829-467e-b884-d67e5d633b0e,2026-02-19,5,,over all good experience but their is no updates nor info calls received from grow team,android,[REDACTED]
09104994-1d7a-445a-9b18-8c378a8a6250,2026-02-19,5,,satisfactory and reliable services,android,[REDACTED]
0a5f03d0-8284-4e1d-957e-361b60faec5f,2026-02-19,5,,Good app 👍 till now😜,android,[REDACTED]
0a96b0aa-78cc-4e93-9b54-edb1538b567e,2026-02-19,5,,Easy to understand. Get the information within short time frame.,android,[REDACTED]
0b048d4f-675a-4200-baae-d35c59ea03e5,2026-02-19,5,,Trading with Groww is very easy. so you can earn money instantly due to the easy functions of Groww. So I recommend the Groww to all for doing trades in the stock market.,android,[REDACTED]
0c39e585-eb40-4c9a-967a-7e866cd12fbe,2026-02-19,5,,wonderful experience of phone tab and pc every device good working and i happy,android,[REDACTED]
0c5450de-8d9e-4ddd-9434-9b1e9466a5cd,2026-02-19,5,,very good 👍 and easy to use application for India's no1.,android,[REDACTED]
0ea51ba8-b3c0-4451-8045-332588aba49a,2026-02-19,5,,grow with grow your money and nice 🙂 app for 🌹❤️ share market,android,[REDACTED]
0eaf8f01-290f-417d-a30e-a5ab3b9dda38,2026-02-19,5,,Best app for stock market. The new updated version is highly useful.,android,[REDACTED]
0f0db526-ec34-4a1f-a598-150f2e1d0e48,2026-02-19,5,,Very Good App ....easy to run .....and its very safe .....no fraud....,android,[REDACTED]
0f3c3156-553c-457f-8cde-f50607e29a4c,2026-02-19,1,,it stops beat more after the new update feeling to move out of this app,android,[REDACTED]
1084a317-17ed-42b6-96dc-8c8483537312,2026-02-19,5,,i want richest person withgrow,android,[REDACTED]
109078a4-0a0c-44a8-8b1a-d3d1138ad965,2026-02-19,5,,nice app with too much brockarage,android,[REDACTED]
10ae7228-3e7a-4cd3-8ce5-d9c84d18d894,2026-02-19,2,,brokerage services jyada lete hai contract ke mutabik se,android,[REDACTED]
10f2e0a5-2c43-4824-80a7-f069b1292718,2026-02-19,5,,good and simpal app investing,android,[REDACTED]
11230af3-4322-4d4c-9ade-94b8920bd926,2026-02-19,5,,"best app ever,i loved this app",android,[REDACTED]
118e9712-a146-4146-aa35-296345b43360,2026-02-19,5,,It is worth its name.,android,[REDACTED]
11a3e8d4-005c-437b-bd80-6e3881a279b4,2026-02-19,5,,best.investment.app.,android,[REDACTED]
122ebc45-12cc-4584-96d9-fa8a55ad89c1,2026-02-19,5,,"grow have friendly interface,",android,[REDACTED]
1290cb41-9a8a-4b71-819f-6fb19b61ca2c,2026-02-19,5,,user friendly so useful,android,[REDACTED]
12a78db5-53f2-4375-9c5e-d6d6e29cd17c,2026-02-19,1,,"your customer support services and the in app service is the worst, my account is frozen, I'm trying to connect through my registered number, still it says kindly connect with your registered number, and cuts the calls. even the app doesn't have any support for issues",android,[REDACTED]
12fe2470-911f-4378-8b44-7bf8f6c9e75b,2026-02-19,5,,Best simple grow 📉app everybody used for the groww app,android,[REDACTED]
15680ed6-c872-490b-920d-193456697ef6,2026-02-19,5,,"My first trading platform, very happy to use it. Please add the trailing stop loss feature.",android,[REDACTED]
15966c62-4bc5-48fb-97ad-f94c36d919cb,2026-02-19,5,,"excellent, very easy to transact,sell,even sip of stocks can be done,superb,my request to all please use it",android,[REDACTED]
173c2908-d939-45d8-9cf6-7f9961efbd3d,2026-02-19,5,,"groww platform is the best app for trading, investing",android,[REDACTED]
17655c6b-db35-4575-a4b0-8b5843e2cd54,2026-02-19,5,,good investment Application,android,[REDACTED]
1786caf0-3691-4974-9379-f47bbc012ed5,2026-02-19,5,,"""The Groww app is very easy to use. Its interface is excellent, and my experience so far has been very good. It is a fantastic app for beginner investors!"". 👍🏻",android,[REDACTED]
17e64fab-e11e-428f-b3aa-3a4a278b4265,2026-02-19,5,,This app is So good for beginners very very helpful UI is so clean and user-friendly features loaded app,android,[REDACTED]
1812bc89-a730-4a08-8235-4b2f011401cf,2026-02-19,5,,Very good trading company.,android,[REDACTED]
18360f7d-f440-409b-8c4c-f1617bbe97ab,2026-02-19,5,,it is very easy in use,android,[REDACTED]
19c0b142-e288-43a8-8976-2f9d6a019586,2026-02-19,1,,"kindly I request all don't use the groww app because it's a fraud app groww trading chart is different than other app and you can't be a profitable trader in this app because the app is not showing your position when you are profit but the app is showing your position when you big loss who give your money return , if you add money in this app I think you can't take profit so be careful trader its a fraud app",android,[REDACTED]
19e8fe10-dc44-4a4e-9710-a2ab19076577,2026-02-19,5,,growwing the exp. of investing,android,[REDACTED]
1a25a259-8a7e-4120-9a97-e6b37939050a,2026-02-19,5,,What an amazing platform for trading and investing,android,[REDACTED]
1a9ad00e-8615-439b-a3a0-aa7ac3889616,2026-02-19,5,,very easy interface. I really looooooooving to use it.,android,[REDACTED]
1ad7567b-e897-4af1-8d19-a87cff07dfb5,2026-02-19,5,,it's good platform 💯,android,[REDACTED]
1b926603-6f1f-47a3-bd2b-70566fab983f,2026-02-19,5,,groww app's is very nice,android,[REDACTED]
1c5d2326-b45d-47a2-b04c-d115329b30c5,2026-02-19,4,,the Groww app is investors very friendly app.. I'm using scenes One year,android,[REDACTED]
1cfbab28-9626-4629-ad56-918b6ffda476,2026-02-19,5,,best wishes for me 🙏,android,[REDACTED]
1d3a1f0f-2345-4bee-81eb-0bb017d2cc6b,2026-02-19,5,,yes ✋ add in mf good mf bad mf running good mf add red green yellow collum in mf portfolio like power money app,android,[REDACTED]
1e41c6f9-7043-4506-a32d-32af14fad741,2026-02-19,5,,grow is the best platform to invest and earn money,android,[REDACTED]
1eb9a3e3-53e4-4de5-9a3b-f93c5d4c1b78,2026-02-19,5,,"Superb app, easy to handle. very easy to approach. it makes each and every one to invest easy.",android,[REDACTED]
23c9e339-cbe1-4848-9867-3c64a9059a7f,2026-02-19,5,,good platform very happy simple and smoth ..,android,[REDACTED]
23efd1ea-73ed-4e4d-a61e-5ced0b1e7d07,2026-02-19,5,,Groww platform is easy to use and have been part of my investment journey since long. only challenge is now as a NRI grow doesn't allow investment which is i believe groww should include.,android,[REDACTED]
2488812b-0356-4e60-b5aa-89e147b86de6,2026-02-19,5,,"I have been using the Groww app for my investments, and I must say the user interface is incredibly simple and beginner-friendly. I really appreciate the 'zero AMC' feature and the ease of investing in Direct Mutual Funds. It makes the entire process very smooth for someone living in a town like Visapur. Keep up the good work!""",android,[REDACTED]
24eb434d-9750-44a2-a864-b804a05937b8,2026-02-19,5,,easily use beginner 🔰 to advance traders very good app 👌,android,[REDACTED]
26227682-2cff-4c47-bcae-8326e4544296,2026-02-19,1,,"MCX prices not moved in Live Market very Frustrated, Suddenly app Shows Error much terrible situation i make loss & nothing in my hand",android,[REDACTED]
26354a87-437b-41b9-b6db-e2304428afa1,2026-02-19,5,,"every thing is fine, please include daily basis balk and bulk deal details information, equity fundamental promoters, dii, fii,and public holding details information give",android,[REDACTED]
2847d502-ef7d-4fbb-a7f7-2ee3c23c361d,2026-02-19,5,,very good & safe our money,android,[REDACTED]
2a5dc325-60c6-449b-a803-e22dcdf85b44,2026-02-19,5,,Nice very user friendly,android,[REDACTED]
2a936553-187e-427b-93c9-5fcce86db425,2026-02-19,5,,The trading app india a ka no 1 application.but Brokerage charges is too much high .So my request this charges will be decrease.,android,[REDACTED]
2b15bfee-b845-4e17-86b4-fd931cc2e262,2026-02-19,4,,in server pc chart size required high so change in old format in pc mode.,android,[REDACTED]
2b23bc4b-ad2d-43e6-840b-06047de57097,2026-02-19,5,,Very user friendly and easy to use for people from other backgrounds. Hope to get some groww goodies.,android,[REDACTED]
2b7f63c3-6c55-496c-be02-f44ab8cb9365,2026-02-19,5,,Good Apps are easy to use,android,[REDACTED]
2b9d0c15-b88f-4d1b-87d3-ae01be4c3db0,2026-02-19,5,,"Extremely user friendly. I like the views, screens layout and it is easy to navigate. Extremely beginner friendly",android,[REDACTED]
2c3509ee-eed0-41a6-9695-32a3cfca7689,2026-02-19,1,,your charges is high when rs 5 buying new share and when selling your taking rs 40 every share,android,[REDACTED]
2c59f117-4a82-4402-80dd-16a1132ab470,2026-02-19,5,,loss me hu mai groww please mujhe profit karwao🙏🙏🙏🙏,android,[REDACTED]
2c99282a-2338-4aed-aec5-f10657847ec5,2026-02-19,5,,very good platform for doing trade without any island hurdles. keep it up..,android,[REDACTED]
2d63f1e2-c232-4863-81e5-dd7786b026d9,2026-02-19,5,,easy view stock chart & easy widrol,android,[REDACTED]
2dd5efcc-793d-426f-8936-047f8dcaec39,2026-02-19,5,,Good and very smooth process,android,[REDACTED]
2f865687-bd4b-4f97-853a-2370a761551f,2026-02-19,5,,"Very Good Application, Easy to use interface.",android,[REDACTED]
2f9a43d6-9d8a-4292-84be-1255bcaf100d,2026-02-19,5,,Nice and very user friendly app.,android,[REDACTED]
323a856f-9280-4d3a-80dd-3da3a5ff1184,2026-02-19,5,,best trading app . just add international and us stocks to trade as well otherwise well optimised app.,android,[REDACTED]
332a0ae9-4658-49f6-b5a0-42bf4b63bdd7,2026-02-19,5,,verry verry nice app thanks,android,[REDACTED]
3347c3e6-e1d1-4b31-bf61-065e0e12625f,2026-02-19,5,,good app for long term investment,android,[REDACTED]
33eaf41e-2fc2-4149-8fcb-5d47b9151c47,2026-02-19,5,,easy fast and user friendly,android,[REDACTED]
347893b4-2665-44b6-bae6-526e438b14c4,2026-02-19,1,,very bad app does not provide withdrawal money eary take too much days👎🏿👎🏿👎🏿,android,[REDACTED]
34ba4285-dfa7-4c3e-aece-5e8a29fceb36,2026-02-19,5,,best app easy to use,android,[REDACTED]
35123f5e-efde-4601-89e0-c6fa603c6a2f,2026-02-19,5,,very very good and best application,android,[REDACTED]
3524295f-556d-4a56-a044-18c4452535c5,2026-02-19,5,,easy and swift app to trade.,android,[REDACTED]
3549c57a-5394-45f8-b87c-708279923036,2026-02-19,5,,"Everything is good but sometimes there are technical glitches and the money withdrawal attempts are very bad, the money cannot be withdrawn immediately and you have to wait a day or two. It would be great if it was faster.",android,[REDACTED]
36c6c053-d34f-4ffe-b0b8-1bd658caa98e,2026-02-19,5,,"Creditable, Admirable, Maritorius, praiseworthy....",android,[REDACTED]
3826c8a7-401d-422f-8833-1cc625d35c99,2026-02-19,1,,chargers are very high than dhan app,android,[REDACTED]
388f6bc4-fa55-436e-8472-4e7e3e5e10e9,2026-02-19,5,,Groww is user friendly and simple to use,android,[REDACTED]
38c4fb19-e0f8-4140-b97a-cc28be42b161,2026-02-19,5,,very nice simple treding option,android,[REDACTED]
3900d29d-50fd-4783-b142-d6c79f623616,2026-02-19,5,,very important and easy to use,android,[REDACTED]
39a6e64d-5fad-451b-8fcc-b5cef9f2697a,2026-02-19,5,,it's good application,android,[REDACTED]
39ec226f-0e5a-41a7-b0fc-3de1bdbb9319,2026-02-19,5,,best app for trading and investments and learning also.,android,[REDACTED]
3a13fe05-c427-4e92-b059-91dbd2fdd897,2026-02-19,5,,A very good App loaded with all required features for a trader. Good Job Tram Groww. Now we can also Groww,android,[REDACTED]
3a54ed36-5a4c-49cd-9c60-5f0472e106fe,2026-02-19,4,,User friendly and overall good. Some improvements required.,android,[REDACTED]
3be5dda3-c269-4b51-a256-9da1d59ebd29,2026-02-19,5,,I like the quick execution of orders and quick withdrawal process which is much better than other platforms.,android,[REDACTED]
3c21d7fc-86f9-4162-a597-25b47345c804,2026-02-19,5,,"Easy to use, up to date, happily using it.",android,[REDACTED]
3d007d9d-9727-41f1-855c-342d76d83357,2026-02-19,5,,"Great app for mutual fund investing! 📈 The interface is clean, intuitive, and makes tracking portfolio growth, starting SIPs, and exploring funds very easy. 💼 Groww has truly simplified investing and made the entire experience smooth and hassle-free. ✨👍",android,[REDACTED]
3d405646-ded1-459a-863a-0beea6cd4e35,2026-02-19,5,,very good application platform,android,[REDACTED]
3df8835f-d734-4fda-a18b-703276a9db3c,2026-02-19,5,,very nice experience thank,android,[REDACTED]
3e420c10-0d46-464a-b8a7-3c9011af468a,2026-02-19,1,,groww use karne se loss loss hota hai,android,[REDACTED]
3e5aae54-3e8d-48fd-a7d5-e08b7e4442cf,2026-02-19,5,,"esey to invest in stock market , and very friendly app",android,[REDACTED]
3ea95ab0-650e-4ab5-8c74-0579a7bc9611,2026-02-19,5,,nice application easy to use,android,[REDACTED]
3f83b19d-81cb-4075-8e84-179de9af1c44,2026-02-19,1,,wors dont try it the brokerage it takes is unbelievable,android,[REDACTED]
40a34432-7823-4ab5-9e08-c62be4405f73,2026-02-19,4,,It is an amazing app for trading...,android,[REDACTED]
40b7f3ca-50bf-4f45-b8a7-ddf0d406cd77,2026-02-19,5,,it is a user friendly app,android,[REDACTED]
4244bb7e-21c4-46ef-9419-4b76f0e07ab5,2026-02-19,5,,growth one of the genuine platforms all people invested,android,[REDACTED]
426f8552-c309-41eb-9393-5e876f1ff8c5,2026-02-19,5,,Good Details information,android,[REDACTED]
43087bb3-fdb1-43dc-86fa-b4f878760b09,2026-02-19,5,,awesome experience and very quick response no hanging problem very smooth working,android,[REDACTED]
43790605-6096-48dd-b9d8-c4dc3a5cc2c0,2026-02-19,5,,one of best application,android,[REDACTED]
445e00d8-b735-46a5-9121-3ce779b46fff,2026-02-19,5,,so easy to handle..nd very informative,android,[REDACTED]
4498e233-07f6-4b87-8a18-0fcf3f74872c,2026-02-19,5,,good app and easy to uae,android,[REDACTED]
46003a1f-2762-4496-a0f5-4b99ee140dab,2026-02-19,5,,Nice they spot 👌 👍 if any query regarding trading very fast my experience is good,android,[REDACTED]
46c722f2-62d8-473a-a022-458e9306eebc,2026-02-19,5,,very easy to use and you have every thing you want see,android,[REDACTED]
476c15a8-f8bb-482e-8d3a-4e795f6e4ffc,2026-02-19,5,,my first guru is groww thanks 🙏 Groww App,android,[REDACTED]
4896f808-4da0-4d7b-ac65-dac175e1c0c3,2026-02-19,2,,high brokerage charges,android,[REDACTED]
49900104-1136-419c-bb24-a1270f30b37b,2026-02-19,5,,long term walo ke liye acha hai,android,[REDACTED]
49eb0b1c-74cd-4a48-893c-8afff7c43135,2026-02-19,1,,there's some issue in latest updates. not working properly when we click on particular stock on holding,android,[REDACTED]
4a40bd95-71e0-4b78-9147-4df7a35540eb,2026-02-19,5,,great app easy to use,android,[REDACTED]
4c60557a-cd94-4f0d-889f-1444f8f61f40,2026-02-19,5,,I have been using groww since 2024 based on my experience it is one of the best application for stock market. Keep continue enhancement we will love to those things.,android,[REDACTED]
4d1238d8-f628-4d01-90d5-9225ae6b4273,2026-02-19,5,,thanx for your security,android,[REDACTED]
4da807a7-8dcb-4af1-b66b-96b2c3f42ec7,2026-02-19,2,,"A lot of issues after updating are struck frequently, sometimes flash ups happen and trigger the target and end up with losses and sometimes don't execute the set targets after receding the target price by the time we see it will be in loss... this is leading to lots of loss to the users",android,[REDACTED]
4f28d3dc-757d-4087-884c-8e8946f869c4,2026-02-19,5,,The app and all the services provided are excellent. Trustworthy app.,android,[REDACTED]
4f905b9f-1f48-476f-98ad-5a2cec26090f,2026-02-19,5,,very good application for investment,android,[REDACTED]
4fa514a7-d780-445d-be8d-e97b102fbf97,2026-02-19,5,,"No doubt, it's very good 👍 ""Study Well, Get Best""",android,[REDACTED]
5034335c-1db2-43ed-beb3-d89ffc1b52a7,2026-02-19,3,,in grow screen not be a float,android,[REDACTED]
512f994a-f29f-4742-841b-3b520ea55dd6,2026-02-19,4,,more to improve stop loss hit like stop profit also hit should be there,android,[REDACTED]
51c32861-1a3a-486c-b6c1-5dbcfb3fd337,2026-02-19,5,,this is my favourite trading app,android,[REDACTED]
51d235a2-d1e0-4d4e-88cd-63f0d7382b80,2026-02-19,5,,very good Demate account application . Easy to Trade 👍❤️💯,android,[REDACTED]
51ddafef-87d9-4a21-8a81-b0530fe5592e,2026-02-19,1,,"Add OI Profile, Auto plotting of support and resistance level on the chart.",android,[REDACTED]
54a85b68-c6af-4bba-ac3d-cbb87aa96870,2026-02-19,5,,Excellent interface. Happy with Groww.,android,[REDACTED]
554d632b-ac4b-400a-9a29-95bdc4da9bba,2026-02-19,5,,the most user friendly interface,android,[REDACTED]
55ee06cc-1460-45e1-a93f-53156a584485,2026-02-19,5,,Top 5 bullish stock everyday with AI Data,android,[REDACTED]
568dd314-b7ab-40c0-9de7-442e6c3d6310,2026-02-19,5,,the best and simple ui for beginners and easiest money making method,android,[REDACTED]
56984cd1-0d82-429b-b0d2-b329c7a74972,2026-02-19,4,,"new feature doesn't allows instant withdrawal,",android,[REDACTED]
56f3c7fe-ba99-4dc3-af00-74888eae8e0e,2026-02-19,5,,very easy to use nd very precise nd perfectly work ... enriching experience..must download this app nd invest in sip...,android,[REDACTED]
585d35d8-e459-4d01-a6a2-2f9455db9609,2026-02-19,4,,need more portfolio construction and evaluation tools.,android,[REDACTED]
58e1c190-c791-4d71-ad0f-58f321d25b3a,2026-02-19,5,,"Last one year using this app... yes,it is very user friendly and transparent.",android,[REDACTED]
590d381b-6641-4173-8ef6-761742f8e4f5,2026-02-19,5,,Groww is Growing us n my family wealth..... greetings,android,[REDACTED]
59562c25-f9c9-45f7-a3a5-df2daed6398c,2026-02-19,5,,it's good platform 👍👍 for investment,android,[REDACTED]
5957b686-3fd6-44a7-b3ea-b9468e9e1a81,2026-02-19,5,,it's simple to understand and trading,android,[REDACTED]
5b8dabd8-74fa-48f8-a456-a2ad2d75ab64,2026-02-19,5,,"good platform, easy for learner or beginners",android,[REDACTED]
5bb9e4b8-3582-4859-a8d1-35caf5af3138,2026-02-19,4,,it's good but Not a best app,android,[REDACTED]
5ca325a5-62ca-4e3a-aba2-da602de0c709,2026-02-19,5,,good features and best performing app,android,[REDACTED]
5d5bce12-5617-4acc-ac1d-ec7b8a4a8173,2026-02-19,5,,"all things are better, export recommendations is important part of investment because no one have all critical news......that's time need recommendations of experts.......",android,[REDACTED]
5db93aed-af4b-4b6a-9e5e-165fd8c967cc,2026-02-19,5,,"Continuous Improvements are done in the app to make the interface more and more easy, sturdy and little things are taken care of. Great",android,[REDACTED]
5e4ebf79-8572-4dbb-928c-4581c895acba,2026-02-19,5,,overall to run the application become so easy even a normal person can understand the system application and can operate at first while installed the app I hesitate and confused but now I love this app so much keep it up 👍👍👍👍👍,android,[REDACTED]
5fa59711-10f7-4ecb-b7c7-baa91dd96cfc,2026-02-19,5,,nice app all information easily available.,android,[REDACTED]
5fed7d11-07b0-4efa-9d21-e8ba7fd1fef9,2026-02-19,5,,its great for 2nd source of income..,android,[REDACTED]
60188ebc-78fa-44c5-989b-b67d969e1ebe,2026-02-19,5,,your simple app very good for begging person,android,[REDACTED]
60909558-ec2d-4a46-916c-bea5d0b92449,2026-02-19,4,,please include Ichumoku cloud for the charts,android,[REDACTED]
61372c05-82f0-4660-88bf-ea28c3c2840b,2026-02-19,5,,grow App is very Useful for Use.This is very Easy,android,[REDACTED]
6154d999-f05b-42b2-b638-49c5f4e575f7,2026-02-19,5,,best simpal entry and exit very good,android,[REDACTED]
626a02e1-3f50-4c25-a6aa-1f329d6cc9d8,2026-02-19,5,,India one of Best mutual fund application in Groww,android,[REDACTED]
63063433-299b-4b46-97e7-b5c79f5cfb1b,2026-02-19,5,,"user-friendly interface, all in one",android,[REDACTED]
63362276-71b2-426c-8a1c-e7f205945955,2026-02-19,5,,"excellent app, they understand what my requirement is. 👌🏼",android,[REDACTED]
64c16fc1-03f3-4fbb-b6c4-0fc6e2943318,2026-02-19,5,,very good app for investament,android,[REDACTED]
65917c3f-7567-4370-874d-3ecb4ebf47f4,2026-02-19,5,,easy to invest & helping to invest from other platforms.,android,[REDACTED]
6591de78-4c3f-4ec2-9b52-147e3a6c471d,2026-02-19,5,,very good app in overall thing's,android,[REDACTED]
65bb0161-658b-4621-b94f-9704201c9bc8,2026-02-19,5,,best features and best experience,android,[REDACTED]
661cc16b-859b-4ff6-92f6-714a0997a13c,2026-02-19,1,,Currently facing some glitches in the application like refresh and the data is not optimized. It's really not acceptable. App stuck... what about my capital? when I lost it between the open trade 🤔,android,[REDACTED]
66a95fac-240e-4392-b7d5-bd720b7138b9,2026-02-19,5,,osmm best of best trading app,android,[REDACTED]
66a9a079-5889-4de9-a0b9-9cbd0c959081,2026-02-19,5,,I am comfortable only groww app,android,[REDACTED]
68437284-b9bb-4917-9101-00c4031273e7,2026-02-19,5,,Grow is much better than its peer. it's one stop shop for all needs.,android,[REDACTED]
68875ecc-d623-4ffd-9b6e-42739ce85760,2026-02-19,1,,always block my money,android,[REDACTED]
68d23162-2c1f-4b34-8c56-c1385b8ae43f,2026-02-19,1,,high charges worst app,android,[REDACTED]
690a549d-c092-4587-b4ac-230f568f5786,2026-02-19,5,,very cool trading platform 👍 😎 👌 😀,android,[REDACTED]
69b328f9-5bc5-4097-a9cf-cc4ea8510fb5,2026-02-19,5,,"Groww is best for intraday trading, buy/sell stocks, F&O, Mutual Funds. The person reading this review shall open a demat account in groww ,if yet not opened.",android,[REDACTED]
6a86c56c-ca9d-4ac0-b85e-d13246772b89,2026-02-19,5,,Everything all is well but buying & sale % fee is very high ...pls decrease % buying & sale...,android,[REDACTED]
6af59a79-fda5-4934-b001-90cbf7e59a63,2026-02-19,5,,simple and reliable ui experience as always and much better updates available time to time,android,[REDACTED]
6c964c49-3c15-4736-bad6-45080ba0e229,2026-02-19,5,,excellent app with nice features,android,[REDACTED]
6cb98a53-4d65-498e-bbf5-3e06a2c8bef3,2026-02-19,5,,grow is known to growth people skill in this feild,android,[REDACTED]
6edc2589-b077-4693-b034-9a376784e669,2026-02-19,5,,Transparency is very good. Smoothness is also good.,android,[REDACTED]
6f68a4de-cb77-40ab-bba6-e8626e2e6945,2026-02-19,5,,this too easy to use this application...best,android,[REDACTED]
7031ae56-718b-4d66-b311-4b86aeb3ec5e,2026-02-19,3,,There is a Bug in IPO - Closed Tab while toggle between Comapanies.% are doubling! its a production issue.,android,[REDACTED]
70a7a642-2c23-4b61-996d-c0af0cb559af,2026-02-19,5,,Best to trade and easy to access,android,[REDACTED]
72abd017-2ebc-4a09-87e0-ea80bf16470f,2026-02-19,5,,simple and easy trading platform,android,[REDACTED]
732319da-977d-4287-a727-a74ae868cd5a,2026-02-19,5,,helpful for investment and make money,android,[REDACTED]
737bde12-6bd8-40b5-bac1-12865afc5ab2,2026-02-19,5,,very good apps for trading 👏 👌 I like very much 👍,android,[REDACTED]
737e09b6-db75-4712-b94c-420f6122c1d8,2026-02-19,5,,I have used last 5 years ...this is very user friendly and good to use .,android,[REDACTED]
7420c151-4ea4-413c-811d-2465f8982196,2026-02-19,5,,This is a very good app. I use this app for a long time and I don't face any issue. This app works smoothly.,android,[REDACTED]
7424c70b-1478-4335-8770-e196af49a74a,2026-02-19,5,,nice app and very simple interface easy used and more option to invest your money,android,[REDACTED]
75e3144d-0cd0-4918-8e93-3c514ced77ee,2026-02-19,5,,"good, but u can also give some suggestions",android,[REDACTED]
761bd74f-6e15-40e8-93f5-4dbaf53deeec,2026-02-19,5,,best this app and helpful,android,[REDACTED]
7679ce96-be2b-4269-ad27-7cda7c43f028,2026-02-19,5,,Great App.. continuously updating with new features.,android,[REDACTED]
7706f0bb-9e36-482f-b6c4-757bb4070130,2026-02-19,4,,"Very handy app for any layman to buy & sell shares. If Groww can give us technical knowledge by conducting a few seminars to which shares to hold, buy and sell will be useful for senior citizens like us. They can do online courses as well for us which will benefit us in future.",android,[REDACTED]
77165015-e71c-43ed-9adf-d34f909a458e,2026-02-19,5,,Quantinew update is very good,android,[REDACTED]
77aea78a-8afa-4b3a-91a8-9318df4dda68,2026-02-19,5,,Awesome app with Awesome features.. Love you Groww..,android,[REDACTED]
790d7798-5158-4fe5-ad91-ee5c122b5455,2026-02-19,5,,Trouble free n User friendly Demat Trading App,android,[REDACTED]
7a6fe557-43ab-4b3e-bfe1-5651bbe69f40,2026-02-19,5,,very good app and high profit this app,android,[REDACTED]
7ac2078f-070f-44c1-917c-627562c18bfb,2026-02-19,5,,Verygood application,android,[REDACTED]
7b757cc0-b898-4498-a044-1e597f90aba2,2026-02-19,5,,so fast and accurate data with candlestick,android,[REDACTED]
7ba8d45b-66ed-4f39-9c37-53f29f24105a,2026-02-19,5,,best for trading and investing,android,[REDACTED]
7bc9921c-edf6-4aff-b998-9e5571c092d6,2026-02-19,5,,Sab thik h easy use h but jo ak technical support h wo galt hoti h,android,[REDACTED]
7cc077f6-dd91-422e-bb66-6802441397d7,2026-02-19,5,,Excellent app .. Everything is crystal clear...,android,[REDACTED]
7d1248ff-65a7-4c0e-9e62-fd09db3083e8,2026-02-19,5,,recent segregation of portfolio is ultimate... it will be helpful if (%) down from 52 w High seperate TAB is required to be given for foreign fund exposure under category distribution of Mutual fund,android,[REDACTED]
7d28c3e9-f0e7-429e-8494-8013a0c4cbb2,2026-02-19,1,,I m withdrawing my all money it will block your money any time whether grow wants don't use grow,android,[REDACTED]
7e5c372b-f2cf-441e-b0dc-0a0351ea253a,2026-02-19,5,,nice app user friendly,android,[REDACTED]
7e766d43-5d4b-4f6e-a117-b99566ea3e4b,2026-02-19,5,,Best for traders on all platforms,android,[REDACTED]
7fa756dc-7d52-45d5-b1cc-54bceff1b0b6,2026-02-19,5,,thanks to Grow for grew up,android,[REDACTED]
7fc27740-aef4-48bc-b029-c3c0c2fd88f5,2026-02-19,5,,"It is easy to understand, But the transaction charges a little bit more compared to other apps",android,[REDACTED]
80cb028d-baea-4106-af47-811dc7de1b73,2026-02-19,5,,it is very hard to win the trust of more than 10 cr people. keep it up team keep going.,android,[REDACTED]
80cc19da-a2e2-4dcd-9891-e6271c96eb52,2026-02-19,5,,app is good and best service 👍,android,[REDACTED]
80e6568b-3190-481e-8b0b-3af27af5ce8a,2026-02-19,5,,thank you so much 🙏🙏🙏🙏🙏,android,[REDACTED]
819e171e-317e-48d8-a42d-3b886a51b384,2026-02-19,5,,unlock my money showing balance tersfar money my bank account,android,[REDACTED]
8244bbbc-03ca-4161-81a0-2e291a7def22,2026-02-19,5,,iam using in this app approximately six years app is nice and trading the best app Groww,android,[REDACTED]
82700c46-f521-44ba-84de-f6c67ad9ce82,2026-02-19,5,,very nice application for trading and sip,android,[REDACTED]
8287961a-ef1f-46e0-b62d-8063461ea99d,2026-02-19,5,,good process oriented get updated,android,[REDACTED]
83c5a1e4-cb38-48c2-8bae-4d415125bcb1,2026-02-19,5,,easy to use and overall very satisfying,android,[REDACTED]
85782a06-da11-49a7-b2a2-7ad26d770213,2026-02-19,5,,It's very Smooth working.,android,[REDACTED]
859897aa-110a-435f-89a3-1d59e0ca28fa,2026-02-19,5,,i m using groww since 2021 overall my experience is very good 👍,android,[REDACTED]
878aa42e-e1d4-471f-a942-f357b642c76b,2026-02-19,5,,easy app use ani one,android,[REDACTED]
8822a3d7-f7c5-40f3-a18c-2bf6bc9bf3fd,2026-02-19,4,,this is best treding platform ever I like it,android,[REDACTED]
88eadceb-10cf-4289-948b-6eed80a37866,2026-02-19,5,,My first investment aap.,android,[REDACTED]
89117dd1-8c66-41a0-b49a-44d6a9e61da5,2026-02-19,5,,"From my initial investment I'm using Groww only, I have never been disappointed with this app. They have all the required options of investment and portfolio management. Best thing about Groww, it also provides market related + your portfolio related updates in the status. It's good that Groww provides moderate updates to fix little bit bugs + add many more new features and best UIX.",android,[REDACTED]
89bc23c6-2cd6-4f95-bd9a-5d29d8ea7c9e,2026-02-19,5,,this is the trusted app,android,[REDACTED]
8a131e9d-9f5b-40b6-9c4c-c8dca49230a7,2026-02-19,5,,A good application where I can understand every part of it while investing.,android,[REDACTED]
8a3b7bf7-f7d0-445c-bf65-d82f1b3fe9b4,2026-02-19,5,,This application is very good and I use this sense 2 years,android,[REDACTED]
8a408693-fbbb-4d04-b6b4-7cbc7e05971b,2026-02-19,5,,grow should be grow up. like dhan,android,[REDACTED]
8b5479ca-40e5-4a86-b6b1-ed136ac8f877,2026-02-19,5,,it's so good app and most learn from this app share market tanks to good experience,android,[REDACTED]
8b842547-a2dd-4d93-863d-4775156ac3d3,2026-02-19,5,,Rahul Musle the best demet,android,[REDACTED]
8b884ab8-d8ef-4faa-a662-6a67c72447ad,2026-02-19,5,,very good aap for investing money managing,android,[REDACTED]
8c1c3096-d550-42b5-9f53-04f90e4d6430,2026-02-19,5,,good experience on first trade.,android,[REDACTED]
8c94bb32-2338-490c-b4c5-c521e707251d,2026-02-19,5,,very very good Happy to your service,android,[REDACTED]
8cb1760f-ebe5-4f66-b7af-e273e5afbc18,2026-02-19,5,,so kindly that is good for future,android,[REDACTED]
8dd026ae-7488-458e-9968-fd6c6c5d4263,2026-02-19,5,,best experience with Groww,android,[REDACTED]
903ad7a7-3671-44e4-90d9-0fbffe8c90b5,2026-02-19,5,,"highly but ,I need more service, and more profit.",android,[REDACTED]
916c8dac-bb36-4355-82d6-71822295c657,2026-02-19,4,,overal good but - current update .when press holdings select my holding stock overview button not working properly .. please fix the bug,android,[REDACTED]
917d8c95-2dce-479a-9ebd-160e787cb1b6,2026-02-19,5,,easy use great experience,android,[REDACTED]
920c28cc-443c-44c7-947b-6b32a839f7e2,2026-02-19,4,,very nice for trading,android,[REDACTED]
92247189-5474-43bb-9951-105fe8fcebee,2026-02-19,3,,very rich rate of interest,android,[REDACTED]
932d93c3-6029-4d46-bf34-fd179bc3bf40,2026-02-19,5,,very good.. easy to use,android,[REDACTED]
93667fcd-0fd9-4081-936f-2674bc5b42f3,2026-02-19,5,,very nice app for uses fast👍👍👍,android,[REDACTED]
94127a42-d6b1-4fda-ab00-73855fe03609,2026-02-19,5,,easy and simple working,android,[REDACTED]
9491284f-83e2-4fd4-b513-93c968686a50,2026-02-19,5,,I like groww app simple and easy,android,[REDACTED]
95ef3288-a9f7-4bd0-bae4-f42380c089a9,2026-02-19,5,,groww very good platform,android,[REDACTED]
96e036d6-4fa2-4bc0-86bf-e5a0ad1f3c3f,2026-02-19,5,,BEST APP IN TRADING & ESSY,android,[REDACTED]
9703cbf1-8abc-4bc0-9bf8-fc1e4163bc0f,2026-02-19,5,,please do mse exchange suporte on growe app,android,[REDACTED]
97843a8b-a022-41e3-97eb-dfbed7b8d9e6,2026-02-19,5,,As compared to other platforms Grow is best all in one ♥️,android,[REDACTED]
97ae29fd-e08f-4470-8645-a1f88c7499f4,2026-02-19,5,,one of the best app for trade app I like it.,android,[REDACTED]
98175b83-affd-4a29-be6d-6ec987d68030,2026-02-19,1,,Its been 5 days and my kyc is still in process. no help line number is their to register a problem. totally wastage of time,android,[REDACTED]
9a05e1a3-c003-4195-b5e7-fdb2c965b816,2026-02-19,5,,satisfaction level is high,android,[REDACTED]
9ae87cbf-a352-45c7-9752-62c1a0c8a53a,2026-02-19,5,,It's an Amazing experience & easy to understand as compared to other Applications. Moreover all features are very good to operate just in chart bar little difficult when changing in graph mode rest everything is good.,android,[REDACTED]
9ae930ba-6724-40a8-8224-05d7894d23fb,2026-02-19,5,,very best app 👍 proud of,android,[REDACTED]
9be370a2-32ff-435f-956e-0bb47d2a1d65,2026-02-19,5,,best is best groww payout is coming on time easy to trade,android,[REDACTED]
9c0968b4-3016-4276-8820-bcf954e51943,2026-02-19,1,,"This is the worst app I have ever had, in commodities I am facing a lot of issues with stoploss and entry.",android,[REDACTED]
9c8c0e2a-fe1d-44d2-9537-3af152fbc690,2026-02-19,5,,very easy and nice app,android,[REDACTED]
9d5ebafd-9770-4aad-a5da-31bb8602a4b3,2026-02-19,5,,lovely and easy to understand,android,[REDACTED]
9e480e83-3c4e-41e1-9075-d890519544b8,2026-02-19,5,,awesome service and best features,android,[REDACTED]
9ec61395-01e8-44c1-81a3-7b16be8204b8,2026-02-19,5,,customer friendly application,android,[REDACTED]
a062d7a0-c89c-4688-b3b8-854ebef6fafd,2026-02-19,5,,good 👍👍 experience thanks for you,android,[REDACTED]
a077de47-160f-4a1c-bb09-28d779cf185b,2026-02-19,4,,very good and simple interface easy to use only problem is some time demate balance or investment amount show different from the actual one and the basis thing is high brokerage,android,[REDACTED]
a1a3cf9c-ad1d-4e38-9f9d-66cb447a6f77,2026-02-19,5,,best app of all time,android,[REDACTED]
a20f2d58-d17f-4970-a5c3-28e2d466b34e,2026-02-19,5,,very easy to EXIT trades 😉,android,[REDACTED]
a22791d5-fdee-4a84-a38b-51e3cb968180,2026-02-19,5,,Very easy to handle & understand.,android,[REDACTED]
a34501e2-3396-4f91-ab1f-c13b8f1e6311,2026-02-19,5,,very Easy settlement for money.Thank you Groww.,android,[REDACTED]
a3e08fca-455e-4035-85e9-f869a5c52c09,2026-02-19,5,,easy access and friendly nice,android,[REDACTED]
a43433cc-8974-40c4-9711-07dbc0afbf1d,2026-02-19,5,,Best Investment Application in India,android,[REDACTED]
a4acb56e-2b36-4ec5-80b5-290f5bb18e87,2026-02-19,5,,"to invest in stock can use grow app is the best to use simple , easy understanding",android,[REDACTED]
a516cc37-7398-483e-83bf-c2c26939514d,2026-02-19,5,,groww is the best app in all over world💗,android,[REDACTED]
a58ba03a-afd8-41d1-a481-f02d6824accc,2026-02-19,5,,good for working with us,android,[REDACTED]
a6298c13-a39d-49b3-882b-820ad2e76353,2026-02-19,5,,Truth needs to be told.. I have started grow in December as I was new to investment want to invest in Mutual Fund.Thanks Grow for simple user interface ;),android,[REDACTED]
a75e187d-444d-4c4a-9975-970a1db789f5,2026-02-19,5,,update your pledge /unpledge policy...,android,[REDACTED]
a7e328e3-ad5a-41ed-8228-2bbe91277d03,2026-02-19,5,,Even a common man can easily invest with this app.,android,[REDACTED]
aa9ad3f6-fc60-4012-a7c7-463351bc03ed,2026-02-19,5,,this is a best app for bigger,android,[REDACTED]
aab073d6-a154-41bb-b098-c004e32449d7,2026-02-19,5,,very good app for trading and more.,android,[REDACTED]
aad77d50-f28b-414a-b85a-991360e7a6d5,2026-02-19,5,,"Excellent user interface with lots of useful trading information presented in a clean and organized way. It’s very easy to navigate, even for beginners, which makes it perfect for the new generation entering the stock market. The overall experience feels smooth, fast, and user-friendly.",android,[REDACTED]
aaf312db-5616-4c8e-ad50-837e2a3d0333,2026-02-19,5,,Very easy to use and many other useful things.,android,[REDACTED]
ab0955b7-d7a0-4b87-adef-54dd69949058,2026-02-19,2,,I can't edit my details please help 😭,android,[REDACTED]
abcfb709-cf0c-4240-96c0-501a232e1a9a,2026-02-19,5,,good experience fir me,android,[REDACTED]
abf3c714-4523-405f-8d3a-da6dc90a5fa3,2026-02-19,5,,fabulous experience.recommended for all traders,android,[REDACTED]
ac18d5b2-59bd-4043-8150-8ff74d0ade14,2026-02-19,5,,"great very useful and simple UI, every type of trading helps us.",android,[REDACTED]
ac654098-7ba9-4b3c-8a2a-672641ec50d3,2026-02-19,5,,THE BEST INVESTMENT PLATFORM 😉,android,[REDACTED]
ac71c0ba-1ac3-469d-945e-21e53236b18c,2026-02-19,5,,"I’m extremely happy with my experience on Groww The app is very easy to use, and everything is presented in a simple and clear way. Both technical and fundamental analysis sections are well designed and easy to understand, even for beginners. F&O and intraday trading work smoothly with fast execution,and the MTF facility is very helpful. I really appreciate how the developers continuously add new and useful features with every update,It truly shows their dedication and hard work. Keep it up 🎉🎇",android,[REDACTED]
ac7a096f-8243-46cc-90c6-dd490ebaa9cc,2026-02-19,5,,i like to very much Groww,android,[REDACTED]
acf6a392-0ae8-4aea-8f74-813cd4230adf,2026-02-19,5,,Easy to use and have good feature,android,[REDACTED]
ae15e615-23cb-4104-8abf-e9b04c173ed5,2026-02-19,4,,nice for investment and trending,android,[REDACTED]
b05bf2ea-c050-47d1-9dac-db3cf1256475,2026-02-19,4,,Overall good and user friendly ..New learners can easily use this app,android,[REDACTED]
b0e55f5f-c30c-4694-acf7-36dc2caf8417,2026-02-19,5,,open is low and open is high screener request,android,[REDACTED]
b1cc8d57-6fa7-4ab8-a63f-1bf04a2b77e1,2026-02-19,5,,now Grow introduces technical analysis as a new feature which is very helpful for investors or traders get this under single screen,android,[REDACTED]
b4cf923e-759e-495c-821b-f52b6dd1a372,2026-02-19,4,,it's good I'm experienced some things,android,[REDACTED]
b4f0aa86-7084-4fb8-9570-8bc63022c5ee,2026-02-19,5,,very comfortable journey,android,[REDACTED]
b5bfd6d4-3f93-45d2-81f2-a81e44d39757,2026-02-19,5,,arrange some consistency message for investment related.,android,[REDACTED]
b5cf26f6-9894-40f6-bd96-e31c26732d1c,2026-02-19,5,,Great app's for Money market,android,[REDACTED]
b5e84ebf-4a98-49e6-8772-e839506bb1c0,2026-02-19,5,,Excellent for all new &all investors.,android,[REDACTED]
b5fac54f-6945-4a0f-bcb5-c63b05d8eba0,2026-02-19,5,,no 1 apps thanks groww,android,[REDACTED]
b7ab7a6e-39dd-4ce7-be66-c333b323f606,2026-02-19,5,,easy to use and operate,android,[REDACTED]
b926b57f-8a80-4bd2-af24-f4057021adbd,2026-02-19,3,,need a little big text size so we can enjoy it without glasses.,android,[REDACTED]
b980245f-eaea-4e6a-8ba3-e3a6cd8d70c4,2026-02-19,5,,plz reduce your brokerage only complain,android,[REDACTED]
b9d5a9c0-56d8-464d-ac5f-e9e752e9cbe1,2026-02-19,5,,better than any other,android,[REDACTED]
ba09b5c3-a4d9-4c1b-93c3-cfb595ba8b3e,2026-02-19,5,,Best app with zero commission,android,[REDACTED]
baaf9e25-e530-447f-a632-95d1d9fc5a3d,2026-02-19,5,,"best for trading investing platform in stocks and mutual fund. it's easy to understand, easy to use charts and all the market updates and informations are available to analysis to go through. I will definitely recommend. simple and easy😎.",android,[REDACTED]
bb3d62b2-6e20-4d13-a8ac-a840ddbd96e8,2026-02-19,5,,very good isi to use,android,[REDACTED]
bb492201-e1f1-4aee-9f68-23eab53da09c,2026-02-19,5,,Good 👍 very fast ⏩ App,android,[REDACTED]
bb99c65d-7d18-4e95-ac43-daedd7561c98,2026-02-19,5,,best app great experience,android,[REDACTED]
bd4f27a7-5638-4238-92c5-b5cc493275af,2026-02-19,5,,app is great but why there's a update so constantly please work on that !,android,[REDACTED]
bd8923ac-c7de-4416-a57c-dbb225c07aa0,2026-02-19,5,,very comfortable to use,android,[REDACTED]
bd9a26d7-67bc-4849-91ad-3d505299a507,2026-02-19,1,,worst app ever. I selected a date from next month as my sip date but they selected next day as 1st month day,android,[REDACTED]
bdc69a9c-e82a-4796-bf91-6184bf11e53e,2026-02-19,5,,it's required faster,android,[REDACTED]
bde5ac9a-d069-4d7e-bae8-49a4b82e0ada,2026-02-19,5,,superb mind blowing system,android,[REDACTED]
beec09ba-5457-4cbb-96ba-953498f45d27,2026-02-19,5,,"user friendly, easy operate and more information in finger tips, I will strongly recommends this app",android,[REDACTED]
bf7dcba1-bb29-475e-9228-0ca4a8d9203a,2026-02-19,5,,"very very easy learning app.., good safe & secure service..,",android,[REDACTED]
c001258e-2d51-487c-a33c-d4b59516e982,2026-02-19,5,,"Best app for investing ,trading very neatly designed,simple and easy to understand every terms",android,[REDACTED]
c01a8189-40c7-4f7b-8eb4-6bbeb70760ec,2026-02-19,5,,it's amazing application,android,[REDACTED]
c1b157b5-c0e3-49b6-aeb6-cdab1adba16d,2026-02-19,4,,good but some time problem,android,[REDACTED]
c22fe89b-bea0-43be-a62f-308e7ce707c8,2026-02-19,5,,very user friendly App for investment,android,[REDACTED]
c28ef8e2-0c2d-49a4-ac8d-9624978a47f7,2026-02-19,5,,Easy to use app. Highly recommended 👌,android,[REDACTED]
c29b2a94-aa09-44fe-abfa-564ab491709d,2026-02-19,5,,Simple And Easy Trading And Investment Broker App,android,[REDACTED]
c2f08cea-69a7-4d5a-97a2-385f9beeee79,2026-02-19,5,,easy and simple to trade,android,[REDACTED]
c319e238-f517-4c75-9781-46dd2b0ca0f4,2026-02-19,5,,good app for our India. and good for all features. 👍👍,android,[REDACTED]
c3577eb0-f869-40c3-93d1-1a323be955fe,2026-02-19,5,,better for grow to groww,android,[REDACTED]
c37c6340-e671-4d1c-880a-c804ffab285c,2026-02-19,5,,micro second light chalti Hai,android,[REDACTED]
c3dac015-5c47-405b-a5bb-fb138d175922,2026-02-19,5,,excellent apps for investing. very simple and its [REDACTED] is very impressive.,android,[REDACTED]
c411980f-7b46-4a8a-982a-15c5b87e0513,2026-02-19,5,,Nice platform. No any complaint.,android,[REDACTED]
c421dd8a-170c-49f0-8b18-0b06ea57933e,2026-02-19,5,,very useful simple i terface for beginners,android,[REDACTED]
c46abcaf-3b17-4bba-90ef-172925cdbc53,2026-02-19,1,,charts not clear sometime,android,[REDACTED]
c4890f55-5bf7-42a4-90e1-086f63078183,2026-02-19,5,,best app for Android phone and I phone users,android,[REDACTED]
c5ce60f8-f21e-4cab-8b4e-3aa3f1889e26,2026-02-19,1,,"am filing this as a serious complaint regarding Groww’s options trading platform. The strike price of option contracts frequently fails to update in real time. While the chart continues to move, the actual strike price remains frozen for 5–10 minutes. In derivatives trading, even seconds matter. A delay of several minutes is unacceptable and directly impacts trading decisions. Due to this issue, I have suffered financial losses because I was unable to exit my position at the correct market price",android,[REDACTED]
c648d813-8ed0-411c-8054-f2ee6c1c3eff,2026-02-19,5,,"very Reliable and secure platform, smooth interface end esy to use",android,[REDACTED]
c6dde856-e39a-4532-b1ec-c28c2bca8c94,2026-02-19,4,,"bast app groww india no1,",android,[REDACTED]
c71a1d34-5658-4426-9db8-09ac11baa9ec,2026-02-19,2,,"worst App, which is ultimate slow during expiry days and heavy movement time....",android,[REDACTED]
c7d72dbd-4fc7-44c0-ac8b-f63e8eeeda87,2026-02-19,5,,very good and helpful,android,[REDACTED]
c7fb792f-bf40-4940-9dbd-5ece849cc7e1,2026-02-19,5,,very fast service but charges thoda jyada hai but good service,android,[REDACTED]
c802e60e-fa33-4d5a-97f3-6d78e80da4db,2026-02-19,5,,easy to understand. fast service.,android,[REDACTED]
c806f232-a922-49cb-9b7b-f4ee3737e06e,2026-02-19,5,,Good app with good advice and its upto us to utilise inteligently,android,[REDACTED]
c85bcee2-7970-4825-bf30-f79a50e1aeb2,2026-02-19,5,,it's working great for me.,android,[REDACTED]
c872170e-120d-4f27-9e80-3522fb650d59,2026-02-19,5,,"easy to use but need more information about companies and its management, quarterly results, concall........",android,[REDACTED]
c93a413e-1ff8-42bf-b1f4-7badacec3236,2026-02-19,5,,I love the groww interface and service.,android,[REDACTED]
ca2ddb5f-a970-46c8-8a0d-f92057211271,2026-02-19,5,,great app bus thode charge jyda krta hh baki very easy in use,android,[REDACTED]
caecd679-d9ee-49a6-b7c5-23e462451d3a,2026-02-19,5,,All in good 👍 and fast and very easy 😎super app,android,[REDACTED]
cb1495de-cd9a-490a-a5a6-b28e0cd72c85,2026-02-19,5,,very useful application,android,[REDACTED]
cb37885b-91e7-44f1-909d-0d1279422aa3,2026-02-19,5,,iam using it since 5 years excellent working,android,[REDACTED]
cb5e12a0-3d46-456c-b459-815fb7d93924,2026-02-19,5,,"if you add a note section, no competitors will be able to match Groww UI",android,[REDACTED]
cc8c6de7-93cb-43d8-bbc6-725cf2e762dc,2026-02-19,5,,very easy to use app,android,[REDACTED]
ccb3dea7-268d-40a3-91a0-5ee9b518f0be,2026-02-19,5,,love this.... platform......,android,[REDACTED]
cd8b39f4-8dec-4eeb-a11d-cc8fba3df405,2026-02-19,5,,very easy to understand fast process,android,[REDACTED]
ce1bd42f-95c9-4f85-8243-8b45232a8ab3,2026-02-19,5,,Groww is very handy and very clear app to avoid confusing even for the beginners to the market. Charts and other datas about a stock easy to analyse. I really love using it. Instant money withdrawal makes you feel better than other apps . I started my journey of stock market investment with Groww it will be very helpful for people like us who are not having any prior experience with market.,android,[REDACTED]
ce3bad85-9af4-4cf8-86a2-6bbc9c3ca5b7,2026-02-19,5,,I really like it because it helps you learn details in a very simple way.,android,[REDACTED]
ce4f653c-1b5e-4c46-9565-ff3f740a6289,2026-02-19,4,,super service more than expect,android,[REDACTED]
d22de2d4-130b-48e0-a273-3ddbfcddd53e,2026-02-19,1,,Custamer support is not good and very high charges on buy and sell in delivery investment,android,[REDACTED]
d23c60aa-8a72-4344-bed7-c113c7fbaf4e,2026-02-19,5,,grow is better in share market any other app,android,[REDACTED]
d44eafcc-628b-4a56-8cce-2e57bd395cfb,2026-02-19,5,,any discussion with Groww people to less invester not available.,android,[REDACTED]
d4ce91f6-315d-4871-a834-049fe1cc4e77,2026-02-19,5,,Transparency investment 👌,android,[REDACTED]
d5036483-f2ff-4b86-a920-cc85019373a6,2026-02-19,5,,this is a very good application,android,[REDACTED]
d5146200-212a-4e5b-afe4-8499d9992a56,2026-02-19,5,,User friendly and good app for investing in shares and mutual funds.,android,[REDACTED]
d5c3a398-5a25-4bf8-b7df-18a6c84368fd,2026-02-19,5,,very good app all information provided any time,android,[REDACTED]
d6786d03-59d3-4e09-b857-d4f75e60b399,2026-02-19,5,,"Really Nice, Fantastic and Speedy.",android,[REDACTED]
d7cddf12-946b-4fbf-bc0a-096e670f1a56,2026-02-19,5,,All the investment verticals are published with the latest trends and NAVs in a clear way.,android,[REDACTED]
d7d88696-dc33-458f-86aa-fce66fcc3936,2026-02-19,5,,"100 times better than Paytm Money, the rubbish trading app.. Happy trading on grow",android,[REDACTED]
d81c7747-1c57-4bbf-972a-117751cc2e9e,2026-02-19,3,,"very Good App, Very useful & user friendly. easy to use. But recently it is not working properly. some times it is not showing stocks candle chart..",android,[REDACTED]
d8320c39-6a17-4e13-a1b0-ab2fd20cd158,2026-02-19,5,,Excellent application and more informative in each category.Good application for beginners and user friendly too.,android,[REDACTED]
d9d45b49-3817-42ec-8b54-c026a8da8e68,2026-02-19,5,,Very easy to operate and highly effective customer support team,android,[REDACTED]
d9df2e2f-8e80-407b-849f-a1841fbeb80a,2026-02-19,5,,osum platform for young investors 🇮🇳🇮🇳,android,[REDACTED]
db85a812-5a56-4448-8874-762e15787083,2026-02-19,5,,very nice but charge to much,android,[REDACTED]
dbbceb7e-af20-4ca6-a307-5f440225074f,2026-02-19,1,,worst experience. very very bad app. don't use that app. I'm going to close my account because the app is a trap for trading and everything else.,android,[REDACTED]
dc5a2eb3-191f-42af-a68e-4f369419ecb5,2026-02-19,5,,"very nice,and so very easy,no complication, That's great 👍",android,[REDACTED]
dc7fa938-b503-4ee2-b401-87731bebb7e5,2026-02-19,5,,Groww is best everyone,android,[REDACTED]
de9e218d-04b1-4c0a-8e73-b3d5b0125c77,2026-02-19,3,,please reduce brokarage charge in f & o,android,[REDACTED]
deabc8ab-c8de-451f-8dd1-b9a3a28194e9,2026-02-19,1,,Talking to customer support is a very difficult task. I waited for 15 minutes but still couldn't connect to one of them. The AI chat also cant answer the querry properly.,android,[REDACTED]
ded00b1f-2696-4ba2-b298-7382da789f14,2026-02-19,5,,V.good but charge havey,android,[REDACTED]
e0e6b30f-2f2e-452f-8431-38cf1ee86983,2026-02-19,3,,trading view bit needs to improve and more user friendly,android,[REDACTED]
e14dabb2-0640-4148-8094-2ade13a41767,2026-02-19,5,,"Very impressed by the app. I use another app for a second Demat account, and that one isn't a patch on Groww. The constant innovations, improvement in user experience and best of all, breaking down complex complex related to stock market into easily understandable and actionable information. That's the genius of Groww. Keep growing.",android,[REDACTED]
e23afb99-9cc6-44f4-b605-038837056051,2026-02-19,5,,Fast and effective apps,android,[REDACTED]
e45cfc08-19a7-4366-a3f1-cf377827d70b,2026-02-19,5,,outstanding expression 👌,android,[REDACTED]
e54fa854-c228-4301-b90d-d3adf19231b1,2026-02-19,5,,very Good builted easy access and understandable quickly,android,[REDACTED]
e6466c6c-a238-47e3-9fac-803d2f405b4f,2026-02-19,5,,Full of Information and easy to use and also includes new features as soon as possible. But there lack of 1 functionality that we can't modify or trail stoploss or target through chart like in trading view we have line of stoploss and target and we can trail them as required. If you guys add this feature then your app become unbeatable. Love you guys always. 👍👍,android,[REDACTED]
e7493d1c-767e-455e-8748-d0ac5eed388d,2026-02-19,5,,trading is very simple what market condition very bad,android,[REDACTED]
e7677522-515c-40c5-8af3-505e4ab9f012,2026-02-19,5,,very simple enterface,android,[REDACTED]
e78cd95b-0554-4f87-b9c8-5d03994b7003,2026-02-19,5,,Good for Understanding,android,[REDACTED]
e9f2b90f-84d5-4d5b-88e8-4f88c23bae2b,2026-02-19,1,,APP BROKERAFE IS TOO HIGH AND MANY OTHER TAXES ARE DEDUCTED IN OPTION TRADING BUT IN EQITY LOT OF CHARGES ARE CHARGED BY THE NAME OF EXTRA CHARGES VERY BAD APP FOR TRADING AND INVESTING .THIS APP IS ONLY GOOD FOR MUTUAL FUNDS,android,[REDACTED]
eb8cbf95-7c0f-4d54-94f2-55aa886158ac,2026-02-19,5,,apps is users friendly in it's easy to use for new person like me,android,[REDACTED]
eb8fbe5f-d436-4809-8ae6-25712d73c39c,2026-02-19,5,,so easy to investment,android,[REDACTED]
ec40661a-4aaa-4a60-9a3c-16c38db23197,2026-02-19,5,,my favourite trading App,android,[REDACTED]
edbee04c-2bfb-45fa-bdc6-9f97301b5f26,2026-02-19,5,,great experience this app super,android,[REDACTED]
efcd5a64-bfe0-428a-a50d-4fb1aaff8abf,2026-02-19,1,,I am having a very bad experience with the groww app. the quotes / rates of live F&O commodity market does not get refreshed for 15-20 min then get refreshed for a min and again get stuck for 15-20 min. how can some one trade when there are no live quotes / rates available.,android,[REDACTED]
efd156f2-88c3-4792-9534-4ef4f009c687,2026-02-19,5,,it easy but imporve more the bettre,android,[REDACTED]
f13096e5-c713-4983-b988-955259b7ca9d,2026-02-19,3,,placing target on the chart option is required in scalper mode .,android,[REDACTED]
f26549ff-69e0-45ce-aa78-45407a799b9f,2026-02-19,5,,charges are very high customer exploited always,android,[REDACTED]
f27dde57-e673-4a0e-906d-664d11c3c687,2026-02-19,5,,nice service but app charges high,android,[REDACTED]
f2befa7f-2d34-4303-a8f0-977b5e0e4796,2026-02-19,1,,High price broker charge,android,[REDACTED]
f2ec61e2-1e02-43c8-92b0-c9a9184a4dca,2026-02-19,5,,Very nice experience.,android,[REDACTED]
f5233e15-a7de-4075-b2a1-77e4271312bb,2026-02-19,5,,using the app is very easy.,android,[REDACTED]
f63bca0b-b8f2-460e-9112-6a39271893ab,2026-02-19,5,,very nice Groww happy tq,android,[REDACTED]
f6447676-e225-45af-8682-d40202da5ba7,2026-02-19,5,,"An Excellent App For Beginniners To Trading, Selling,Buying, Holding Stocks. User Friendly Interface.",android,[REDACTED]
f6f461f1-76fb-4088-b7c6-31d26d538cbb,2026-02-19,5,,good but charges high,android,[REDACTED]
f7103803-f076-4f14-ad9f-2ab9d9ab3846,2026-02-19,5,,everything good so far,android,[REDACTED]
f79de59f-60ae-49b6-897a-d8f44147f51c,2026-02-19,5,,"Compared to other apps, this one is much better, but its brokerage is quite high. If the brokerage is reduced a little, this app would become much better than the others.",android,[REDACTED]
f7fa76ad-a77e-40ff-a51e-283c3a859e56,2026-02-19,5,,Awesome app for investment,android,[REDACTED]
f9066bbb-e70a-4bdf-a059-83d4b4608c90,2026-02-19,5,,Incredible Platform.,android,[REDACTED]
fa5747e2-45f5-4697-8bb4-7d71ed318ea7,2026-02-19,5,,It's really good I have many advantages for having this I can learn more and more from this app It helps me to improve myself,android,[REDACTED]
fa5cd8e7-f54e-4379-807e-e7482b775322,2026-02-19,5,,good information and fast query answers .,android,[REDACTED]
fa964d39-809e-4747-b639-6ad328787251,2026-02-19,5,,it's very good and easy to operate app,android,[REDACTED]
fab62835-1368-4b01-a572-a30488b03474,2026-02-19,1,,they have lots of charges every transaction sale and purchase stock groww app commission,android,[REDACTED]
fae2e3dc-28c3-4860-86f7-69e989783c9f,2026-02-19,5,,grow best app for treding,android,[REDACTED]
fb8fe10d-9a14-4266-86fa-d6984b0259f1,2026-02-19,5,,Good but it need approment on holding,android,[REDACTED]
fc070db1-ebe8-4139-a100-1822aa65940b,2026-02-19,5,,this app made my investment easy and always help me in learning the stock details,android,[REDACTED]
fe01553e-f2e5-4eeb-98c0-7a10c4dd5bfd,2026-02-19,5,,Very good interface for operating,android,[REDACTED]
fe4763d4-c4ea-47db-a8d5-d7718779d093,2026-02-19,5,,widhrow bahot fast he super,android,[REDACTED]
ff8e870c-093d-4a27-9590-486c34eef483,2026-02-19,5,,By far the simplest and best app for stock investing. Very user friendly.,android,[REDACTED]
025837b2-fc0d-4e5d-8b32-363f69199fda,2026-02-18,1,,"How many apps can a mobile a contain - your bank, personal, social, utilities,.......? Why you people are eager to make one load an appointment without understanding what mode the user is interested in. Your update Income field was very much available in the web version, where actually I work because of the ease. The scanned link loaded the app and forgot the actual work to be done. Later when checked, found the same. What the hell is wrong with you people wasting your time and us altogether.",android,[REDACTED]
04578a6b-1c1e-4e95-91b6-38d3c8dae0e4,2026-02-18,1,,"I was started sip in this app initially. then groww app without my permission shared my number to different SEBI registered agencies. they called me and took around 20,000 payment for options trade calls. in 3 months they made more than 1.3 lakhs loss for me. then i stopped Short term trading. even still today I'm getting calls from different SEBI registered agencies for options and future trading calls. Groww don't sell people number for money. people loosing money just because of your fault.",android,[REDACTED]
0c2c71bd-b8ef-4ef4-8f0e-6b42b6aafe6a,2026-02-18,2,,"funds added to account cant be withdrawn same day. no ahead info that mf need to be buyed from funds in bank account. also bought sip fund instead of one time , no confirmation or conversion option here also",android,[REDACTED]
0d47b4a8-068c-47a7-9dad-9b77b430dd17,2026-02-18,1,,technical issue caused loss,android,[REDACTED]
0f6ab159-2847-4f86-9268-28ff195cdb31,2026-02-18,5,,It's very good app for investing shares.,android,[REDACTED]
1604a29e-ffd2-42ee-8377-e6e16ff21c1e,2026-02-18,5,,MF service is good other brokers platform update Nav by next day but on Groww platform Nav is update on same day. overall experience is good.,android,[REDACTED]
16d3a4a4-a650-4c42-996b-bd2b53b18319,2026-02-18,5,,"simple interface, great tool using since 8 yrs.",android,[REDACTED]
21db84bb-f622-4a22-a77b-4a23b5c6f64d,2026-02-18,5,,good very good about your choice,android,[REDACTED]
26b7a59a-3c19-441a-8f56-3228b4b53787,2026-02-18,4,,"One of the best platforms to trade during live markets, the only drawback is the brokerage charges, if it's reduced to INR 5.00/10.00 then it would be great 👍",android,[REDACTED]
27e04a23-61b6-4f4d-b909-c7ef0a0c2e53,2026-02-18,3,,Brokarage amount was now high minimum brokarage amount was 5 rupees,android,[REDACTED]
2dc1d38e-07fb-4fda-9c2e-47d8a215ceea,2026-02-18,5,,grow apps is use handling easy and,android,[REDACTED]
2fe2e4ea-4443-464d-8996-3033b24c1eb8,2026-02-18,4,,Good but the option needs lagging calping automatic support resistance,android,[REDACTED]
307c96cb-dd7c-494c-a1df-7ad299b0251a,2026-02-18,5,,very good experience of my life. it is a good income source but l have a loss .,android,[REDACTED]
3097fa90-0de0-4eee-8786-ff530f2aeb8d,2026-02-18,5,,most recommended for every Indians,android,[REDACTED]
31dbf1e5-a2df-4586-9ebf-8277ac86efa6,2026-02-18,1,,"charges are very high in Groww. same day buy or sell , sell or buy on same day. charges high. because of this app's Ui is good they charging very high . hidden charges also there. go for other better app for option trading ..for beginners it is good..but for long term it is not good..",android,[REDACTED]
335464a9-5b6f-480f-94cf-c1b8c2285ad8,2026-02-18,5,,"The Grow App has a clean UI and well-structured features. The overall user experience is good, but there is room for improvement in backend optimization and error handling. With better stability and performance enhancements, this app has strong potential in the market.",android,[REDACTED]
34621cb3-1c7f-4acd-9290-8449407ffc80,2026-02-18,1,,"Dont provide stupid updates. how many times, how many people have told this? just fire your update guy. its enough",android,[REDACTED]
37b560b8-4cad-4b51-95b8-31649853e8f4,2026-02-18,1,,Your mutual fund SIP investments are a scam. We don't get any single return on investment. It keeps on decreasing in value.,android,[REDACTED]
3d375fe7-5ec2-4702-b4d9-1e492fcf8c74,2026-02-18,4,,Just need to add Dividend /spilit history for all years,android,[REDACTED]
3e8a949b-4d63-474e-be05-5924d223b79e,2026-02-18,5,,fully satisfied nice evey time useful,android,[REDACTED]
3ec6b5e4-4100-4e4d-b235-369a4fc9c1e9,2026-02-18,5,,fees charges High है,android,[REDACTED]
4582db3d-3f64-4f82-a8a3-170c5eeac335,2026-02-18,5,,very good experience with groww very easy user interface,android,[REDACTED]
4d5d33e9-672f-4024-aeb0-f02891c563e3,2026-02-18,5,,very useful for me..,android,[REDACTED]
4e95eff3-9b6a-4083-827e-04672d0979d6,2026-02-18,5,,The transactions found to be easy. But sometimes when I wanted to buy stocks after selling the money is not credited immediately and only on next day it is possible.,android,[REDACTED]
5105cf11-a68a-4db2-a1fc-13d245da50fd,2026-02-18,5,,"easiest, excellent, reality, best facilities for trade, low trading fees, no hidden things. faithful",android,[REDACTED]
5542814e-c333-4369-a0e8-48b326eeffe3,2026-02-18,5,,simple and colourful,android,[REDACTED]
569d07f9-2a01-4a80-8b28-9c6b4df4dc7a,2026-02-18,4,,need to set target and stop loss at the same time we buy or sell a stock.,android,[REDACTED]
5aefe532-4fa7-4449-b6b4-1e43ae774663,2026-02-18,1,,useless app very slow when you try to redeem money,android,[REDACTED]
5aff6dec-646f-4df6-9aef-75fed8a589e3,2026-02-18,1,,taxes and ex charges very high preferred to Angel one this is the very ghatiya app no one create this account very bad for money and very wait for human rights commission,android,[REDACTED]
628ff22e-94e0-41ac-9fdb-d90acefdfead,2026-02-18,5,,Good to use and easy functions. Brokerage charges are higher I think than others otherwise it's okay. 👍🏻,android,[REDACTED]
6650bece-7857-4285-8961-e2a1e32b198c,2026-02-18,1,,It is too difficult for the account to close and I need a simple method,android,[REDACTED]
6ddacb92-aeeb-45d9-897b-94f4edd468ad,2026-02-18,4,,Just like you have added technicals in stocks that is very usefull. Add it in indices like nifty and sensex. And strategy also,android,[REDACTED]
6ee4791f-fc8f-4d5f-b91c-7fc8b0b50b6a,2026-02-18,1,,"If you are looking for any worst trading the. it's GROWW, you never grow because of their mis calculation and margin frauds also let your wealth become zero and you never GROWW. hopeless customer service and features and just another fraud in the market.",android,[REDACTED]
6f4c0513-58eb-41eb-9041-fcf4ae412070,2026-02-18,5,,"""Best app for beginners. All the information about stocks and mutual funds is easily accessible. Very helpful! ⭐⭐⭐⭐⭐""",android,[REDACTED]
703dc50c-76ce-4088-98fc-453735c945dd,2026-02-18,5,,easy to understand all things,android,[REDACTED]
713e33dd-698d-44db-8644-c24315437f4b,2026-02-18,5,,supporting in all type investment,android,[REDACTED]
78d54c74-4c2d-48d0-9309-1852bea3b149,2026-02-18,5,,good app for learning,android,[REDACTED]
793d3a02-01a3-450a-a4f7-0fc198d240a0,2026-02-18,5,,"User Friendly and convenient to know the momentum of the market and stocks as well, master the f&o trading commodities future all in one platform short term long term investment strategies easy to find and all at the tip of your fingers up-to-date market analysis technical financial and all to get the directions of the market to invest smartly and wisely just chill and love yo use and having or investing via Groww.",android,[REDACTED]
7a855d3d-b235-4b4a-b762-b3e16844c0e9,2026-02-18,1,,unnecessarily you are deducting pledge balance..infact i have not requested for any pledge..,android,[REDACTED]
7d575ff3-95bb-4edc-9542-952b759f71b2,2026-02-18,4,,"I am using this app last 1 year and it's good but this app don't have option trading But giving 1 star main reason is technical chart please update time frame, many of us wants a custom time frame,so please accept my request 🙏",android,[REDACTED]
7d59e2e1-0fc3-49a1-8c95-b5dbad948593,2026-02-18,5,,please suggest upcoming events like etf so that i invest and get more money... thank you being my part of my life... it is not only growths in dreams... but also turning the dreams into reality...,android,[REDACTED]
7efa0b5b-42be-48ef-9ae7-e572247dca28,2026-02-18,1,,"latest updated interface worst,can't view by click on candles",android,[REDACTED]
84ae70bf-5a02-4199-b725-e43931f3a890,2026-02-18,5,,Good Application and Verry Help full,android,[REDACTED]
85019598-f7ac-435f-bb83-0df736791be9,2026-02-18,4,,good experience for grow application usage,android,[REDACTED]
868bc4d4-6a7d-4add-8d73-1d8cdeb73819,2026-02-18,5,,I am happy with Groww,android,[REDACTED]
8e8c4f9b-4a94-4bc1-a0a6-a69de78b7bfd,2026-02-18,5,,"Super easy interface to buy sell and put stoploss,Taget",android,[REDACTED]
8f380c4c-d4dc-4dfa-8e52-5b134f959364,2026-02-18,5,,good and easy to use,android,[REDACTED]
92a90494-f047-4b31-afd8-6efeeaaedc55,2026-02-18,5,,Very good app and a person like me who does not know much can use this app easily.,android,[REDACTED]
967c0b36-d17d-4fc1-8cfd-4c165931db2f,2026-02-18,5,,super app very easy to trade,android,[REDACTED]
96afcd66-0de7-4434-8507-bfbb89149921,2026-02-18,5,,MFT stocks buying is best,android,[REDACTED]
96edd3d2-ff13-4064-9590-737ba0ae4db8,2026-02-18,5,,it's a very good app for invest and trade,android,[REDACTED]
98444b84-8872-4aea-99ad-610898f9bb08,2026-02-18,5,,"Every thing is ok, but we can not make calendar spread on it.",android,[REDACTED]
a048ecfd-adc5-4feb-a548-fa9dfbfb9a50,2026-02-18,5,,very easy to use thank you grow,android,[REDACTED]
a138c3e9-0ef6-46dc-9485-b99be9659461,2026-02-18,5,,Great App..very user friendly...,android,[REDACTED]
a1ab5232-3291-43f7-aab1-75491271911a,2026-02-18,5,,Trading your luck and experience . technical support very good edition and one more add please daily basis losses and perfoit end of the day add please 🥺,android,[REDACTED]
a482f0e5-9648-46a4-b7b1-a2b93b131e0a,2026-02-18,5,,best app to trading..,android,[REDACTED]
a75b51a2-2203-456a-af05-d95265c14f50,2026-02-18,4,,Good App easy to Use. but Charges is much higher,android,[REDACTED]
a82cec94-d9a1-4c79-8551-e850fccefeac,2026-02-18,5,,thanks very good groww application,android,[REDACTED]
acfca5fc-bc93-4b0d-993d-544ff5d33da9,2026-02-18,5,,this is greatest raibalray,android,[REDACTED]
ae2b3c61-2883-4806-9bdd-aecb015b3601,2026-02-18,5,,one of the easiest way to trade at low charges,android,[REDACTED]
b0c4d05b-ec97-49b6-9fa3-3c0dff9a1079,2026-02-18,5,,very good platform share marcket,android,[REDACTED]
b126a414-331d-41e2-80a0-3a6bcfa4235d,2026-02-18,5,,Everything about trading is good. But one issue I noticed that I don't find basket order option.,android,[REDACTED]
b3f0532c-ca99-4bfb-9700-500619e79688,2026-02-18,3,,user friendly but brokerage charge is too high,android,[REDACTED]
b42488df-9f13-4c2d-9bb8-09a4781e582c,2026-02-18,5,,best app for trading veri fast working,android,[REDACTED]
bc7296e0-d553-4f08-a812-5e2459747267,2026-02-18,5,,awesome starting investment,android,[REDACTED]
be29d825-2e5d-4dff-afa4-a35c287567c1,2026-02-18,1,,the dirtiest experience of this aap is notification are to slow some time notification are also not coming i suggest every one do not use this app,android,[REDACTED]
be5564d1-2605-4749-83fc-3b54da1bbaec,2026-02-18,5,,one of the best trading application,android,[REDACTED]
c91047da-faf0-4f1f-a8c5-160341a5d617,2026-02-18,5,,reliable and trusted platform,android,[REDACTED]
cb596454-f770-4454-b25e-77ae4655d27b,2026-02-18,5,,it's great some time is hesitate,android,[REDACTED]
cc56fe66-ac13-4e6e-ad08-060eed6b5b44,2026-02-18,1,,service is worst from support team.,android,[REDACTED]
cf81a2a5-cd12-44ad-b8b5-606024298d9f,2026-02-18,5,,this app is the best option for trending ☺️. can you add pay later with low interest in it?,android,[REDACTED]
d11fdcef-d905-442e-8f57-cd094c4028bc,2026-02-18,5,,EASY TO USE..MOST RELIABLE..THE APP ALSO HELP WITH TECHNICAL ANALYSIS... SUGGESTION.. VERY FAST TO EXECUTE ORDERS...THNKS DEVELOPER..THANKS GROWW,android,[REDACTED]
d360b6e9-d97e-489c-9849-52b4e4262834,2026-02-18,1,,bery bad App is lag in this mumentum time,android,[REDACTED]
d373bc16-17b9-48da-a20b-f3a79c38154e,2026-02-18,5,,"Plz upgrade grow app Like total OI change data indra day, trailing stoploss, and chart is very slow as well as application also plz make it fast",android,[REDACTED]
d640e1c1-2e5e-4a83-a056-1c35eb7c3ce0,2026-02-18,5,,it's nice to have this to learn about to market and invest in good stocks,android,[REDACTED]
deb18e23-d054-4b9e-b403-5c4956dd4d3a,2026-02-18,5,,excellent but some time slow,android,[REDACTED]
df6690c9-b5bd-496e-bf14-9278ada8d497,2026-02-18,5,,BROKERAGE IS HIGH FROM THE OTHERS BROKERS,android,[REDACTED]
e3e2b350-495d-42e1-b308-b1233209f53b,2026-02-18,5,,great app. all in One,android,[REDACTED]
eb6c8d74-7dd9-445e-89ad-0861aa54fa22,2026-02-18,4,,simple and understood app.,android,[REDACTED]
ed78f875-eec7-4290-b702-f309db37df68,2026-02-18,5,,Investment with joint account could not be done with groww App. Also selection of multiple sip dates in a single mutual fund portfolio is not provided with Groww App.These are the disadvantage of Groww App.,android,[REDACTED]
f06961b8-3346-4ed4-887c-67490f4985a0,2026-02-18,1,,It runs very slowly and gets jammed. It often causes damage. Otherwise the future is fine.,android,[REDACTED]
f4557301-07a3-496e-8fb8-5227e996a2e8,2026-02-18,5,,Good and easy to understand,android,[REDACTED]
f940fd9a-f87b-4f80-a508-4a640f06a08d,2026-02-18,5,,It's very easy to use and invest.,android,[REDACTED]
fa0540c4-5499-4add-9f96-d8d06b6f3ac0,2026-02-18,5,,Good app investment and trading,android,[REDACTED]
fc01c142-019d-4318-82ab-e59fb8741f6c,2026-02-18,5,,easy interface and nice,android,[REDACTED]
020481c1-1fa8-44a3-8265-2d1925d55cbc,2026-02-17,5,,outstanding work and convenient services,android,[REDACTED]
042ddb81-783b-4b97-afec-b2dcc68ebc5f,2026-02-17,5,,Nice app for training 👌,android,[REDACTED]
04ae2e1c-e476-46ca-8f9c-e3f8ec0f3a23,2026-02-17,5,,Blind recommendation ❤️,android,[REDACTED]
07d6c93a-f518-4e75-ad23-1dd9275d4e8f,2026-02-17,1,,"Today app is not working, Kindly check ASAP",android,[REDACTED]
08c2c486-f68d-4e90-a530-8e3edeee4d78,2026-02-17,4,,"there should be option to set default option after signing in to Android app . like if we can set default to Holding of stock , then after signing in screen should be started with holding stock option likewise.",android,[REDACTED]
0c244e87-8b0f-4393-a5e4-c78c84b231a0,2026-02-17,5,,not complicated like other apps easy to use,android,[REDACTED]
108cffe4-78f5-444a-96b2-d857bb22bddc,2026-02-17,5,,"good features, and easy to use. Nice experience with groww. using since 4 years.",android,[REDACTED]
12557aa8-f54e-47f7-a9d1-b7b2ab1e1e2b,2026-02-17,5,,Very much user friendly with exhaustive information.,android,[REDACTED]
125a2356-b9a6-478c-b068-0b63f9ac8fb7,2026-02-17,4,,nice app to trading. please help me to groww,android,[REDACTED]
13f865d5-950f-4d82-8c54-8fdbfe69ebec,2026-02-17,5,,too easy and best for investment,android,[REDACTED]
1411dfc0-008b-4bc8-8cf5-67662436f1f0,2026-02-17,5,,good application to help investment,android,[REDACTED]
1f3d64a9-8636-49ed-8615-3eeb1d5be9e4,2026-02-17,5,,nice 👍🙂 investing ke liye 🤗🙏,android,[REDACTED]
217c36d7-e43b-4cec-ab28-1d23dd6a9ccd,2026-02-17,5,,I have gud experience with this,android,[REDACTED]
25b8c7a4-ed27-42fa-97fd-d78fb15248be,2026-02-17,5,,scalper features with show oi data are to good,android,[REDACTED]
29391200-4ade-45cf-a8f0-738573bbcf99,2026-02-17,4,,A problem occurs in updating the app as it shows that the app is treating as malware. Please look after for the solution,android,[REDACTED]
2bf05013-5b1a-4dc9-bdf6-9b0bd3e044a1,2026-02-17,5,,using groww very fine,android,[REDACTED]
2ec2925d-5b77-4c2b-aa45-77581b41ccd9,2026-02-17,1,,very poor application,android,[REDACTED]
31c8a2dd-e470-4f25-b0b8-2a9a117c3bea,2026-02-17,5,,I am great growing app.,android,[REDACTED]
33a99e00-30e7-4846-a036-7b9c0abae583,2026-02-17,5,,"Fast, Prompt, Good Service",android,[REDACTED]
34e5b161-3f4d-482d-859c-68c6e26357f7,2026-02-17,5,,Grow credit facility for trading members,android,[REDACTED]
35790475-a618-4e81-aa00-4fe6c522583a,2026-02-17,1,,Bakwas Scam Application When we use Stop Loss in F&O That time let market move opposite direction of trade. Stop Loss remove automatically after that got more loss from this scam. today I do unstall this Fraud Application. So guys please observe that Scam & spread awareness to traders.,android,[REDACTED]
3625a0fe-c0d0-4d63-94cd-a13d0b779559,2026-02-17,5,,Customer Care Not Immediate responce. otherwise good 👍,android,[REDACTED]
369b46cd-f8fb-4abd-8d6b-2892a0a0ac02,2026-02-17,5,,very charge label app,android,[REDACTED]
37e2764a-baad-49fb-92ed-170f2768aee6,2026-02-17,1,,can't delete id easily facing some issues,android,[REDACTED]
39bfc616-1004-4edf-b757-1bf83d1d4f7e,2026-02-17,4,,brokrage is too high,android,[REDACTED]
3cffc9c2-1a35-4e93-a89b-18337422f9a6,2026-02-17,5,,quickly deposit withdrawing other services is better,android,[REDACTED]
3d90ddad-ba87-4b3a-958b-88874105e418,2026-02-17,1,,total loss of money and time,android,[REDACTED]
3dd93976-f005-40d8-b434-92eb700ba120,2026-02-17,5,,one of the best trading & investment platform,android,[REDACTED]
3e1ccce9-9145-4069-bfa6-11343fba5e1d,2026-02-17,5,,good work easily transaction,android,[REDACTED]
433e7c5d-23b3-4887-9770-8694505e6bf4,2026-02-17,5,,very nice application east to use,android,[REDACTED]
46682704-a6f4-4413-871d-2f6e951116a9,2026-02-17,5,,excellent...it's really good,android,[REDACTED]
4da0211f-c4ca-4007-a7fe-a1393783e439,2026-02-17,5,,investment for good plan,android,[REDACTED]
4f146f9d-882f-474b-8174-662a565a29e8,2026-02-17,5,,"⭐⭐⭐⭐⭐ Groww is the best stock market app I’ve used. Very easy interface, fast execution, and everything is well explained. Highly recommended for beginners and investors!",android,[REDACTED]
4f52e3bb-1773-4b7f-b573-c0d82e3f4347,2026-02-17,2,,internet speed is very good but groww app runing performance is very slow.,android,[REDACTED]
53fe5343-2a01-4b70-a889-c3522cf34629,2026-02-17,1,,Groww is Doing cheating with the help of AI tool believe me or not but u will never make a profit either in F&O nor in Trading in this app. worst app i have ever used,android,[REDACTED]
5860da9a-4969-4936-a218-0b1f187ac457,2026-02-17,5,,bast platform this one 👍,android,[REDACTED]
587ea5ca-ba81-4ccb-b0f5-eb982e7aeb3f,2026-02-17,1,,"After the budget, the charges and taxes rates aren't affordable for the middle class (even for all classes), it is imposing too much taxes and charges (on all buying and selling)... This is very disappointing... I think the government should look into it...",android,[REDACTED]
5b61c698-90a6-4539-8052-5836f8bee894,2026-02-17,5,,wishing you to go ahead.,android,[REDACTED]
5cf90cd6-deec-4323-8b5e-e7a66eb80218,2026-02-17,5,,I don't know how it's worth.,android,[REDACTED]
5f9cbe40-d985-45bb-8a6e-663ab714ffbe,2026-02-17,5,,very good to trace my daily portfolio,android,[REDACTED]
60f71819-ef3b-474a-81b9-d5feaa84dfea,2026-02-17,1,,2 screen nahi ata hai ab phone m q aisa,android,[REDACTED]
62549bcc-e0a9-4584-8a92-3adca0853fdd,2026-02-17,5,,the app exllent my experience in mutual funds I don't know in stock experience,android,[REDACTED]
6393c3d5-f859-48da-b300-373a77273089,2026-02-17,5,,good plateform for saving,android,[REDACTED]
643503d1-051c-4231-b662-c8622de9b448,2026-02-17,5,,"""तारीफ में जिनकी शब्द ही खो जाएं, कैसे करें तारीफ उनकी आप ही बताएं"" Grow made my investing journey smoothless and transparent. Facilities provided by grow day by day like technical etc.. really appreciable...Investing on grow is easy comparitevly other investing app. Thank u🙏",android,[REDACTED]
7c34c994-52d6-4960-b0ef-b3f994ffcb7d,2026-02-17,4,,withdrawal process improvement,android,[REDACTED]
7fd0e576-0655-4ee2-830f-ece5e3a4c9c3,2026-02-17,5,,Good Brokerage demat account,android,[REDACTED]
8116c5a9-059f-45ca-a98b-b5b2733808b5,2026-02-17,5,,nice app in trade bazar I love grow my favourite aap grow no1 aap ♥️♥️,android,[REDACTED]
812dae13-edd9-474b-998a-15d3858e15c5,2026-02-17,5,,very useful and easy app for beginer.,android,[REDACTED]
83701cd1-351e-44ed-ba89-411688c6871b,2026-02-17,3,,all in one but SIP topup option not available,android,[REDACTED]
846b6ecd-e620-4e14-b49f-8db9f1124e97,2026-02-17,5,,Exceptional! Highly recommendable.,android,[REDACTED]
88d18a41-5a07-41ba-a332-124ce65ed165,2026-02-17,4,,nice but needs more improvement ..like correct information of companies..should provide secondary dmat account facility like Zerodha..,android,[REDACTED]
8d5ac13a-3213-48db-9432-ce5136089fae,2026-02-17,5,,It's an amazing App with very user friendly.,android,[REDACTED]
921fa54d-6aeb-4bd6-9ad3-fed6f13684b0,2026-02-17,5,,"good app, navigation is the best",android,[REDACTED]
93b17894-5144-40e2-a633-b49899793ddf,2026-02-17,5,,very useful in scalp trading,android,[REDACTED]
97de1f7f-c8f9-4438-a071-2e2abf6c3155,2026-02-17,1,,How u enable ai features without permission,android,[REDACTED]
9c67a357-f663-48f4-9aa7-cdf0302c9dfd,2026-02-17,5,,groww account user interface is so easy,android,[REDACTED]
9e1d5bb7-32a2-43a7-9518-7a4cf093c9a3,2026-02-17,5,,good but high charges,android,[REDACTED]
9e64f888-d5a5-4d6b-a876-25ad04bafc76,2026-02-17,1,,Aaj intraday ke paise account mein nahin diye,android,[REDACTED]
a3b2fff2-335d-45e4-9523-e621bfa8cdb0,2026-02-17,5,,"nice The service is very good, even better than Angel One. Angel One sold some of my shears on their own. I had a very bad experience with Angel One.",android,[REDACTED]
a526fdfc-b8c9-4063-a530-dcaf97475cc8,2026-02-17,5,,great app for overall trading experience and analytics.,android,[REDACTED]
a7c3f0f4-0a28-47cc-8b29-f35be9079c1f,2026-02-17,1,,doesn't let you change phone number easily greedy buffaloes. have to courier form and all.,android,[REDACTED]
a7c633fe-8904-403d-92e9-ba7455367106,2026-02-17,1,,thik thak but charges bhut jyada hai,android,[REDACTED]
a9ff7938-e822-4676-bbd6-92a6cf673d7b,2026-02-17,1,,"😡 Ugh, I'm so fed up with this complaint redressal mechanism! It's like they don't even care about customers. I filed a complaint on January 14th and still no response and even ticket closed showing problem resolved. Like, what's the point of having a ""redressal"" system if it doesn't work? Have you ever had to deal with a company that just ignores your complaints? very unethical and irresponsible complaint redressal machanism.",android,[REDACTED]
aa4db186-9caa-4baf-8084-dc4db7fb4e6c,2026-02-17,5,,not showing daily addition in profit or loss,android,[REDACTED]
abdf26de-01a8-4f5e-9e43-5971cde32cda,2026-02-17,5,,very good application . this app is very easy to use..,android,[REDACTED]
acc255af-0d28-45c9-ade5-3b7ea73c010c,2026-02-17,5,,awesome app with user friendly experience,android,[REDACTED]
acc99d28-4d00-4482-9329-b3ae2acc286c,2026-02-17,5,,Nice and Easy Stock Marketing App,android,[REDACTED]
b0a5462b-8c36-49f7-a8c9-e0df169a6856,2026-02-17,4,,very good experience. nice app🙏👌,android,[REDACTED]
b19bf10f-c763-4d59-a2ef-dfe782d26588,2026-02-17,1,,don't use this app if you are trader they have debit your little little amount you have no idea fraud company,android,[REDACTED]
b1f5e79e-f2d9-4014-a59c-e296bfd87135,2026-02-17,4,,I will use groww app from+ 3 years but no any problem on this apps I will absolutely thanks full.,android,[REDACTED]
b59d4157-75f6-4669-8852-44403910224f,2026-02-17,5,,"Beginners good platform, but I would like to know create one stock investors channel where we get knowledge from seniors to when to buy when to sell what to buy what to sell and how one can and every one should come to stock market platform becos most of in indians don't have knowledge.",android,[REDACTED]
bb1f9cdf-70c5-4ab7-8c08-f106af75558f,2026-02-17,5,,ofter sometime faislity,android,[REDACTED]
be282dd6-28b1-4720-bed9-a582737f8cb2,2026-02-17,5,,easy to use but need improvement in customer care response,android,[REDACTED]
c3d5c1b3-2765-4bee-b811-f358c6fa1557,2026-02-17,5,,Very good support. Providing latest information regarding stock market.,android,[REDACTED]
c549613f-1e24-458d-81f5-4127f084ca35,2026-02-17,4,,Grown is Varry Good App,android,[REDACTED]
c8b0331b-c061-4fe9-8108-c27d2577a9dc,2026-02-17,1,,Misuse of personal data,android,[REDACTED]
cc578056-dfd2-41e3-bd23-db873734497e,2026-02-17,4,,"very easy to use, i am using last 4 months. only issue is that customer care not up to the mark.",android,[REDACTED]
ccace651-4e48-4e8d-b195-74d953c50909,2026-02-17,5,,Good For Grow but a big problem that Govt taxes are growing for small investors,android,[REDACTED]
cfcb9315-c3f0-4e01-bfbe-1e7cd34fb0dc,2026-02-17,3,,brokrage charge is high,android,[REDACTED]
d766f21c-35f5-40bf-badc-903583d105a4,2026-02-17,5,,A really nice platform for investment and trading.,android,[REDACTED]
e1aba480-7d14-4788-b037-b02304b5e086,2026-02-17,5,,excellent app for trading,android,[REDACTED]
e2b3e664-0444-4119-97b9-3dc1c78dc192,2026-02-17,3,,good but castomar care not responding,android,[REDACTED]
ebcb8c1c-1767-4c92-bb0f-011ae8e78d18,2026-02-17,1,,bad service by groww app please use any other app many problems in this application,android,[REDACTED]
ed0043ed-0c93-4bf4-ac8d-49cad0337fef,2026-02-17,5,,A very good app.. easy to use and invest.,android,[REDACTED]
f0584d0c-ee8a-4e14-98b1-7ebf79707bce,2026-02-17,5,,its good and very easy.. app,android,[REDACTED]
f68715eb-4f74-42c5-952a-c85bbdf8f6d2,2026-02-17,5,,very easy to work and good service,android,[REDACTED]
f73686bc-4405-4198-8523-054cac6ad121,2026-02-17,5,,very good app for investment purpose,android,[REDACTED]
f7fd5842-e0a8-4aad-9517-f3cbbcc1c913,2026-02-17,5,,superb friendly app. easy to use.,android,[REDACTED]
05950b6d-743a-4d87-94b4-0f9c5158d4dc,2026-02-16,5,,useful app in trading on stocks,android,[REDACTED]
0cb184d9-835e-4978-8013-46dff43a0e2a,2026-02-16,5,,good platform for....,android,[REDACTED]
0dc907cb-d029-4066-bb2e-c40210b5990b,2026-02-16,5,,it's great apportunity for newcomers,android,[REDACTED]
107533ec-b54f-48fe-81aa-cce6e4b9ab8a,2026-02-16,1,,"One of the worst broking in India, it is not showing Bond details while zerodha shows clearly.....",android,[REDACTED]
1c67a69c-c14e-4495-9729-b889968bf53a,2026-02-16,1,,Agar aap logo ke pass bhi holding stock h. usme stock ko open kro nhi hota h is app me grow ke to aap log new broker app dekh lo public. isme hamesha issue rahega.,android,[REDACTED]
2536501c-5b34-4e31-8300-198394ae6db0,2026-02-16,5,,Soni Manoj good experience in groww experience,android,[REDACTED]
2546d971-4902-41cc-9405-89925d1e7469,2026-02-16,5,,Candles presentation is very good,android,[REDACTED]
256ad22b-0d10-428d-82b4-97f49127ff17,2026-02-16,5,,use very good 👍 appp thanks 🙏🙏🙏 u,android,[REDACTED]
2df8e5f2-9598-4a08-b276-38aedfe3d59f,2026-02-16,4,,"It is good for beginners and ya I did face some bug issue thing, but most of it its good 👍",android,[REDACTED]
2ff27eed-e629-4187-bfbe-12ff37666e7a,2026-02-16,5,,user friendly interface easy to use,android,[REDACTED]
3481a26f-32c6-42bb-ab88-a04dd9fe36eb,2026-02-16,5,,Nice working and faster,android,[REDACTED]
4f4b5600-1674-4b56-a642-a1a9c38060bd,2026-02-16,5,,impressive this app and nice,android,[REDACTED]
62285635-5e67-4868-aae5-12fc762055ea,2026-02-16,5,,Best to understand easy..Best app for,android,[REDACTED]
6df958ef-ea56-4a43-8c30-5f02cb84391e,2026-02-16,5,,Growing well with Groww !!!!,android,[REDACTED]
7775cd56-8c5b-4c4c-bc26-9244ad387b08,2026-02-16,1,,do not install very bad different suggestions from the support team,android,[REDACTED]
7a412f9b-bb52-4f6e-bd90-a5b8f873c138,2026-02-16,4,,best app in investment,android,[REDACTED]
7a500bd8-f916-420a-a09e-5b5d73cd741f,2026-02-16,5,,easy and simple groww app,android,[REDACTED]
7eaa1fa5-afed-48d3-9ba9-0ccbc7b78700,2026-02-16,5,,recommended my friends to use grow and they are using. As it's very easy to use. Day by day grow is growing it's features.,android,[REDACTED]
8321dd18-1f06-429b-b86f-72ddabe4b737,2026-02-16,5,,"simple words, user friendly app",android,[REDACTED]
88e35edf-4a58-4577-9459-2fe8bea1c12d,2026-02-16,4,,very easy User interface. One of the best app for stock market.,android,[REDACTED]
8ad7389a-bb13-4382-b06b-90b4d72122a8,2026-02-16,1,,"thanks for removing options oi data from app, now making app is very useless as compare to zerodha",android,[REDACTED]
93a545fb-497a-4d82-9f25-aef1c3fd82db,2026-02-16,5,,It is a good app to invest in Indian stock and mutual funds. Thank you!,android,[REDACTED]
948c0113-a99f-4052-b62c-cced17b5e6ae,2026-02-16,3,,But PEG ratios of stocks not showing. This is must.,android,[REDACTED]
99a8a87d-f8d2-41ed-837b-506c051232f2,2026-02-16,5,,one of the best apps!,android,[REDACTED]
9bf627f0-b1cb-4251-ab8b-d3793bffe815,2026-02-16,5,,Its a good and easy to use app in live market,android,[REDACTED]
9dc7cc0a-0567-420a-b804-1beefab538c4,2026-02-16,5,,use a simple and easy way,android,[REDACTED]
a3ed2a16-0d16-4cf9-8c6e-32f4d5077722,2026-02-16,5,,we'll function are available here,android,[REDACTED]
a5c233db-80cf-415c-8c60-ece872954545,2026-02-16,1,,service very poorly 😔,android,[REDACTED]
a8dfca38-a1d3-4784-a9a9-2851c46e8d30,2026-02-16,5,,"wonder full ,smart app for trading.",android,[REDACTED]
ab6f624c-36b8-4be6-a35d-9dcfeda0a64e,2026-02-16,5,,we want international tread,android,[REDACTED]
ac5bf774-d703-47ec-b9c6-e6cb29ef17a7,2026-02-16,4,,The interface is good no glice but no scalper mode with option and index cart in the same screen .,android,[REDACTED]
b0337230-0eb8-497b-872b-a113cf72f3a6,2026-02-16,1,,worst app please check your money according to the groww and written down at the book. i face the difference in groww . not a good,android,[REDACTED]
b11d8c1e-c456-4770-8d9f-23e00ac81ff9,2026-02-16,4,,its usr friendly apps,android,[REDACTED]
b5490b18-3c97-49fd-af91-6c120d3ad855,2026-02-16,1,,Why log in for every thing? good way to have less viewers,android,[REDACTED]
b74fbd60-0f7f-4981-a3b7-536695dc8ca9,2026-02-16,5,,it's user Friendly app,android,[REDACTED]
bc2b6b61-8c15-41d8-8b50-96e0aa3a1152,2026-02-16,5,,"User friendly, good application for beginners, application runs mostly flawless.",android,[REDACTED]
bfb7c648-2867-4a59-9e8a-8455b4d33d68,2026-02-16,2,,Grow is charging 0.1% brokerage in using mtf while other platforms charging just 20 rupees per order this is so disappointing by grow as i am a user of grow since long time . please resolve this and shift down the brokerage in mtf .,android,[REDACTED]
c3641e31-024e-4c5e-b367-ff60b2685952,2026-02-16,5,,"Small font, the green color and lot empty margins in reports are not easy to read for elder people. Also try to give reports in Excel format.",android,[REDACTED]
cbb91c70-af54-463f-8b8c-96e9683d2f98,2026-02-16,5,,"nice app,my experience is very good",android,[REDACTED]
d71f1f00-097e-4252-8328-5b3709174441,2026-02-16,5,,good experience with groww 👍,android,[REDACTED]
d7ca20ff-7f99-4199-b170-3ef7a52fc6bc,2026-02-16,5,,please add US stocks option and add all banks like bank of baroda please 🥺,android,[REDACTED]
ddaf9e62-ad72-4f99-9457-1718db552445,2026-02-16,1,,not working.showing something went wrong,android,[REDACTED]
de0b87e5-6f31-4362-9cd5-7ac4d9b3ddd3,2026-02-16,4,,withdrawal process is very fast,android,[REDACTED]
e0f80ed9-b9c6-49ac-9872-4ca409873d38,2026-02-16,5,,app is extremely good.,android,[REDACTED]
ef15d34b-8427-40b2-b9f6-609e04f00e36,2026-02-16,5,,very good app. very easy to learn for me,android,[REDACTED]
f6104952-aac2-4efd-a7d2-26a828ecade7,2026-02-16,5,,Simply interface with No amc charges,android,[REDACTED]
f73ab40d-b4ac-4973-a4cf-12321a0057a8,2026-02-16,5,,Everything happens quickly in Groww,android,[REDACTED]
f8700d09-4ae5-4b1e-9e1d-e6500cc773a9,2026-02-16,5,,Groww easy to use ❤️,android,[REDACTED]
0297d3cf-d33b-464d-a4ef-98ebbe20719e,2026-02-15,5,,very nice and good app,android,[REDACTED]
17446efb-cec5-4899-8349-fa2f1a2129bd,2026-02-15,5,,good results showing.,android,[REDACTED]
1e5e07d2-98cb-468b-a97d-329a8fde278a,2026-02-15,5,,"I have been using Groww for investing in stocks and mutual funds, and my experience has been very smooth. The app interface is clean, simple, and easy to understand even for beginners. Buying and selling stocks is very fast, and the transaction process is secure. I really like how clearly the app shows portfolio details, profit/loss, and market trends. The account opening process was quick and hassle-free. Customer support is also helpful and responsive.",android,[REDACTED]
58dc5554-a352-4d53-ab71-eb511db8ebbd,2026-02-15,1,,pricing bocz other apps cross 121 something but in groww price running at 118.50 or 119 bcoz of this Hitt my sell many time but user friendly,android,[REDACTED]
8ee6517d-9fb9-48b9-b80a-98628f58d30b,2026-02-15,5,,Easy to use and regular updates.,android,[REDACTED]
8f31c653-2459-4d14-9ea7-ccc87a1e33ff,2026-02-15,5,,Great & simple to understand the application,android,[REDACTED]
96782475-fcb4-4d9e-b7ed-c2b746d9f9b4,2026-02-15,5,,very good... improve more,android,[REDACTED]
9c8e5946-0acc-43c9-8c35-d1cc6948a920,2026-02-15,5,,better in Avery competition very good app,android,[REDACTED]
aa9c1460-d802-4817-96ae-610e99ff03e7,2026-02-15,4,,"some times price shows later than chart, it's not equivalent.Rest r ok",android,[REDACTED]
ad3125c5-46cc-456f-ba9b-36fd99c0fa61,2026-02-15,4,,Your interface is great but you should also introduce supertreand arrow in future and options like other brokers rather than just line..kindly work on that,android,[REDACTED]
bae20811-6676-4a0d-9d78-3805be1424b7,2026-02-15,5,,only one app where I go to invest....best amongst the best.,android,[REDACTED]
c343aaac-e70d-4a92-883d-1cfce5a41599,2026-02-15,5,,fine application with good features,android,[REDACTED]
ed545d72-0fdf-44c1-8ce9-5bab71548837,2026-02-15,5,,using this app since 2022.,android,[REDACTED]
03bfe050-b424-4221-89ea-be089cd5bf84,2026-02-14,3,,These is the best app for the Indian stock market and more easier to use,android,[REDACTED]
0451caa4-322d-466a-9694-094c6e6f81b0,2026-02-14,5,,Please add preyday High and low indicator hallo please add 30 secand time freme,android,[REDACTED]
0ea93f25-2c2c-4b37-a0ec-41620dda1122,2026-02-14,4,,"Groww app is excellent for mutual fund, future options, intra day and stocks analysis in one place all and everything.",android,[REDACTED]
3f87e8a6-1ac0-4f27-a0a2-07700e06ee73,2026-02-14,5,,good service you must be go for try.,android,[REDACTED]
41353818-4530-4f7f-8dc6-2bd91b314071,2026-02-14,5,,very good app and very fast trading also,android,[REDACTED]
4c16fdff-2d0d-48f3-814f-4973dd5235e0,2026-02-14,5,,"I have been using it since 2022, it presents everything in a simple and elegant way.",android,[REDACTED]
55ffda27-8187-45b0-b29d-4f587ff8e409,2026-02-14,1,,this groww eating my hàrd working money.... nearly 18 lakhs..... i hate this groww.,android,[REDACTED]
98408e41-923d-43a5-9331-bf44ff942112,2026-02-14,5,,"""Best app for mobile users to data analytics.""",android,[REDACTED]
9c7bbdea-a9a7-42e8-b71d-b0ed685428f7,2026-02-14,1,,this is not a God app,android,[REDACTED]
a20b03b9-55b2-4ec1-933b-f52b44d3ff8e,2026-02-14,5,,jordar platform he groww,android,[REDACTED]
a2408f92-f36b-43cd-b350-f90aade52ef9,2026-02-14,5,,very good & beautiful sarvish provide account,android,[REDACTED]
a867308d-32d6-4e10-803c-96ac8a6c05b8,2026-02-14,5,,"NEED KILL SWITCH to avoid over trading,, overall good user experience,,,",android,[REDACTED]
aab04018-db3f-4169-a275-ca096e49ce1a,2026-02-14,5,,awesome application i love it so much all futures as hand free,android,[REDACTED]
b01dfe9b-c40e-481f-90a5-1a87adb3118a,2026-02-14,5,,Thais is a very good platform of bigenee,android,[REDACTED]
babac020-e3d1-4487-b972-7ceb10cb4635,2026-02-14,2,,not say that market open or not,android,[REDACTED]
c21e26b5-1cf0-44d7-9e57-65161e78de73,2026-02-14,4,,currency trading kb Start ho ga,android,[REDACTED]
e0f489c8-e08b-438b-ae9f-272e0d01440a,2026-02-14,5,,good app free expense,android,[REDACTED]
e3e6fc5a-1c90-4065-af13-dbc376328913,2026-02-14,2,,I'm [REDACTED] this App nobody contacted me Reg any thing there is not a single source to contact them,android,[REDACTED]
ef766d1a-88d4-42ad-beb2-4c9519e9357b,2026-02-14,5,,"intraday screener on 5,15,1Hr time frame is among best in best feature as well as our watchlist is updated with sequencewise from top gainers to loosers",android,[REDACTED]
fa7be65b-2bb8-4402-aa93-6e4ab81384dd,2026-02-14,4,,regular plan remove option,android,[REDACTED]
fef03d42-54db-4d29-a3f1-61a209191ebd,2026-02-14,5,,nice application but brokerage bohot jyada h baaki sb accha h,android,[REDACTED]
141e0f41-d423-4ad1-a510-ecaa197e9ea0,2026-02-13,4,,Fees is very high compared Dhan app,android,[REDACTED]
c80b29b7-a10e-4170-a927-5b4e424eb897,2026-02-13,4,,I can't login with my old email anymore what should i do,android,[REDACTED]
